2025-06-30 15:26:17,012 - semgrep.run_scan - DEBUG - semgrep version 1.4.0
2025-06-30 15:26:17,018 - semgrep.config_resolver - DEBUG - Loading local config from /home/runner/workspace/.config/.semgrep/semgrep_rules.json
2025-06-30 15:26:17,028 - semgrep.config_resolver - DEBUG - Done loading local config from /home/runner/workspace/.config/.semgrep/semgrep_rules.json
2025-06-30 15:26:17,030 - semgrep.config_resolver - DEBUG - Saving rules to /tmp/semgrep-fudepxi0.rules
2025-06-30 15:26:17,609 - semgrep.rule_lang - DEBUG - semgrep-core validation response: valid=True
2025-06-30 15:26:17,610 - semgrep.rule_lang - DEBUG - semgrep-core validation succeeded
2025-06-30 15:26:17,610 - semgrep.rule_lang - DEBUG - RPC validation succeeded
2025-06-30 15:26:17,610 - semgrep.config_resolver - DEBUG - loaded 1 configs in 0.5921518802642822
2025-06-30 15:26:17,674 - semgrep.run_scan - VERBOSE - running 715 rules from 1 config /home/runner/workspace/.config/.semgrep/semgrep_rules.json_0
2025-06-30 15:26:17,675 - semgrep.run_scan - VERBOSE - No .semgrepignore found. Using default .semgrepignore rules. See the docs for the list of default ignores: https://semgrep.dev/docs/cli-usage/#ignore-files
2025-06-30 15:26:17,676 - semgrep.run_scan - VERBOSE - Rules:
2025-06-30 15:26:17,676 - semgrep.run_scan - VERBOSE - <SKIPPED DATA (too many entries; use --max-log-list-entries)>
2025-06-30 15:26:18,968 - semgrep.core_runner - DEBUG - Passing whole rules directly to semgrep_core
2025-06-30 15:26:19,430 - semgrep.core_runner - DEBUG - Running Semgrep engine with command:
2025-06-30 15:26:19,431 - semgrep.core_runner - DEBUG - /tmp/_MEIXhC4Me/semgrep/bin/opengrep-core -json -rules /tmp/tmppu82bn6s.json -j 8 -targets /tmp/tmp1jprsvzw -timeout 5 -timeout_threshold 3 -max_memory 0 -fast
2025-06-30 15:26:46,119 - semgrep.core_runner - DEBUG - --- semgrep-core stderr ---
[00.06][[34mINFO[0m]: Executed as: /tmp/_MEIXhC4Me/semgrep/bin/opengrep-core -json -rules /tmp/tmppu82bn6s.json -j 8 -targets /tmp/tmp1jprsvzw -timeout 5 -timeout_threshold 3 -max_memory 0 -fast
[00.06][[34mINFO[0m]: Version: 1.4.0
[00.06][[34mINFO[0m]: Parsing rules in /tmp/tmppu82bn6s.json
[00.51][[34mINFO[0m]: scan: processing 1022 files (skipping 0), with 457 rules (skipping 0 )
[03.22][[33mWARNING[0m]: Fixpoint timeout while performing taint analysis [rule: config..semgrep.vendored-rules.javascript.express.security.injection.raw-html-format file: server/lib/perplexity.ts func: validateEmails:20096]
[0m[03.29][[33mWARNING[0m]: Fixpoint timeout while performing taint analysis [rule: config..semgrep.vendored-rules.javascript.express.security.injection.raw-html-format file: server/auth.ts func: setupAuth:17780]
[0m[03.36][[33mWARNING[0m]: Fixpoint timeout while performing taint analysis [rule: config..semgrep.vendored-rules.javascript.lang.security.audit.detect-non-literal-require file: server/lib/search-logic/contact-discovery/enhanced-contact-finder.ts func: findKeyDecisionMakers:20402]
[0m[03.37][[33mWARNING[0m]: Fixpoint timeout while performing taint analysis [rule: config..semgrep.vendored-rules.javascript.express.security.injection.raw-html-format file: server/auth.ts func: setupAuth:17780]
[0m[03.86][[33mWARNING[0m]: Fixpoint timeout while performing taint analysis [rule: config..semgrep.vendored-rules.javascript.express.security.x-frame-options-misconfiguration file: server/auth.ts func: setupAuth:17780]
[0m[04.01][[33mWARNING[0m]: Fixpoint timeout while performing taint analysis [rule: config..semgrep.vendored-rules.javascript.express.security.require-request file: server/auth.ts func: setupAuth:17780]
[0m[04.86][[33mWARNING[0m]: Fixpoint timeout while performing taint analysis [rule: config..semgrep.vendored-rules.javascript.express.security.injection.raw-html-format file: client/src/pages/company-details.tsx func: CompanyDetails:41039]
[0m[05.10][[33mWARNING[0m]: Fixpoint timeout while performing taint analysis [rule: config..semgrep.vendored-rules.javascript.lang.security.audit.unsafe-formatstring file: server/lib/results-analysis/email-extraction-format.ts func: extractContacts:51175]
[0m[05.16][[33mWARNING[0m]: Fixpoint timeout while performing taint analysis [rule: config..semgrep.vendored-rules.javascript.lang.security.audit.detect-non-literal-require file: server/lib/results-analysis/email-extraction-format.ts func: extractContacts:51175]
[0m[05.21][[33mWARNING[0m]: Fixpoint timeout while performing taint analysis [rule: config..semgrep.vendored-rules.javascript.express.security.injection.raw-html-format file: server/lib/results-analysis/email-extraction-format.ts func: extractContacts:51175]
[0m[05.31][[33mWARNING[0m]: Fixpoint timeout while performing taint analysis [rule: config..semgrep.vendored-rules.typescript.react.security.audit.react-unsanitized-method file: server/routes.ts func: registerRoutes:27682]
[0m[05.38][[33mWARNING[0m]: Fixpoint timeout while performing taint analysis [rule: config..semgrep.vendored-rules.typescript.react.security.audit.react-unsanitized-method file: server/routes.ts func: registerRoutes:27682]
[0m[05.43][[33mWARNING[0m]: Fixpoint timeout while performing taint analysis [rule: config..semgrep.vendored-rules.typescript.react.security.audit.react-unsanitized-method file: server/routes.ts func: registerRoutes:27682]
[0m[05.48][[33mWARNING[0m]: Fixpoint timeout while performing taint analysis [rule: config..semgrep.vendored-rules.typescript.react.security.audit.react-unsanitized-method file: server/routes.ts func: registerRoutes:27682]
[0m[05.53][[33mWARNING[0m]: Fixpoint timeout while performing taint analysis [rule: config..semgrep.vendored-rules.typescript.react.security.audit.react-unsanitized-method file: server/routes.ts func: registerRoutes:27682]
[0m[05.67][[33mWARNING[0m]: Fixpoint timeout while performing taint analysis [rule: config..semgrep.vendored-rules.typescript.react.security.audit.react-unsanitized-method file: server/routes.ts func: registerRoutes:27682]
[0m[05.77][[33mWARNING[0m]: Fixpoint timeout while performing taint analysis [rule: config..semgrep.vendored-rules.javascript.express.security.injection.raw-html-format file: server/lib/search-logic/email-discovery/service.ts func: discoverEmails:64885]
[0m[06.38][[33mWARNING[0m]: Fixpoint timeout while performing taint analysis [rule: config..semgrep.vendored-rules.javascript.lang.security.audit.path-traversal.path-join-resolve-traversal file: server/routes.ts func: registerRoutes:27682]
[0m[06.40][[33mWARNING[0m]: Fixpoint timeout while performing taint analysis [rule: config..semgrep.vendored-rules.javascript.express.security.injection.raw-html-format file: server/lib/search-logic/email-discovery/enhanced-validation.ts func: validateEmailsEnhanced:72219]
[0m[06.45][[33mWARNING[0m]: Fixpoint timeout while performing taint analysis [rule: config..semgrep.vendored-rules.javascript.lang.security.audit.path-traversal.path-join-resolve-traversal file: server/routes.ts func: registerRoutes:27682]
[0m[06.55][[33mWARNING[0m]: Fixpoint timeout while performing taint analysis [rule: config..semgrep.vendored-rules.javascript.lang.security.audit.path-traversal.path-join-resolve-traversal file: server/routes.ts func: registerRoutes:27682]
[0m[06.60][[33mWARNING[0m]: Fixpoint timeout while performing taint analysis [rule: config..semgrep.vendored-rules.javascript.lang.security.audit.path-traversal.path-join-resolve-traversal file: server/routes.ts func: registerRoutes:27682]
[0m[06.71][[33mWARNING[0m]: Fixpoint timeout while performing taint analysis [rule: config..semgrep.vendored-rules.javascript.lang.security.audit.path-traversal.path-join-resolve-traversal file: server/routes.ts func: registerRoutes:27682]
[0m[06.73][[33mWARNING[0m]: Fixpoint timeout while performing taint analysis [rule: config..semgrep.vendored-rules.javascript.lang.security.audit.path-traversal.path-join-resolve-traversal file: server/routes.ts func: registerRoutes:27682]
[0m[07.29][[33mWARNING[0m]: Fixpoint timeout while performing taint analysis [rule: config..semgrep.vendored-rules.javascript.lang.security.audit.unsafe-formatstring file: server/routes.ts func: registerRoutes:27682]
[0m[07.65][[33mWARNING[0m]: Fixpoint timeout while performing taint analysis [rule: config..semgrep.vendored-rules.javascript.lang.security.audit.detect-non-literal-require file: server/routes.ts func: registerRoutes:27682]
[0m[07.75][[33mWARNING[0m]: Fixpoint timeout while performing taint analysis [rule: config..semgrep.vendored-rules.javascript.lang.security.audit.detect-non-literal-require file: server/routes.ts func: registerRoutes:27682]
[0m[07.80][[33mWARNING[0m]: Fixpoint timeout while performing taint analysis [rule: config..semgrep.vendored-rules.javascript.lang.security.audit.detect-non-literal-require file: server/routes.ts func: registerRoutes:27682]
[0m[07.89][[33mWARNING[0m]: Fixpoint timeout while performing taint analysis [rule: config..semgrep.vendored-rules.javascript.lang.security.audit.detect-non-literal-require file: server/routes.ts func: registerRoutes:27682]
[0m[08.46][[33mWARNING[0m]: Fixpoint timeout while performing taint analysis [rule: config..semgrep.vendored-rules.javascript.lang.security.audit.code-string-concat file: server/routes.ts func: registerRoutes:27682]
[0m[08.64][[33mWARNING[0m]: Fixpoint timeout while performing taint analysis [rule: config..semgrep.vendored-rules.javascript.lang.security.audit.code-string-concat file: server/routes.ts func: registerRoutes:27682]
[0m[08.76][[33mWARNING[0m]: Fixpoint timeout while performing taint analysis [rule: config..semgrep.vendored-rules.javascript.lang.security.audit.code-string-concat file: server/routes.ts func: registerRoutes:27682]
[0m[08.85][[33mWARNING[0m]: Fixpoint timeout while performing taint analysis [rule: config..semgrep.vendored-rules.javascript.lang.security.audit.code-string-concat file: server/routes.ts func: registerRoutes:27682]
[0m[08.93][[33mWARNING[0m]: Fixpoint timeout while performing taint analysis [rule: config..semgrep.vendored-rules.javascript.lang.security.audit.code-string-concat file: server/routes.ts func: registerRoutes:27682]
[0m[09.10][[33mWARNING[0m]: Fixpoint timeout while performing taint analysis [rule: config..semgrep.vendored-rules.javascript.lang.security.audit.code-string-concat file: server/routes.ts func: registerRoutes:27682]
[0m[09.20][[33mWARNING[0m]: Fixpoint timeout while performing taint analysis [rule: config..semgrep.vendored-rules.javascript.lang.security.audit.unsafe-formatstring file: server/lib/search-modules.ts func: execute:124855]
[0m[09.20][[33mWARNING[0m]: Fixpoint timeout while performing taint analysis [rule: config..semgrep.vendored-rules.javascript.lang.security.audit.code-string-concat file: server/routes.ts func: registerRoutes:27682]
[0m[09.33][[33mWARNING[0m]: Fixpoint timeout while performing taint analysis [rule: config..semgrep.vendored-rules.javascript.lang.security.audit.detect-non-literal-require file: server/lib/search-modules.ts func: execute:124706]
[0m[09.38][[33mWARNING[0m]: Fixpoint timeout while performing taint analysis [rule: config..semgrep.vendored-rules.javascript.lang.security.audit.code-string-concat file: server/routes.ts func: registerRoutes:27682]
[0m[09.38][[33mWARNING[0m]: Fixpoint timeout while performing taint analysis [rule: config..semgrep.vendored-rules.javascript.lang.security.audit.code-string-concat file: server/routes.ts func: registerRoutes:27682]
[0m[09.43][[33mWARNING[0m]: Fixpoint timeout while performing taint analysis [rule: config..semgrep.vendored-rules.javascript.lang.security.audit.detect-non-literal-require file: server/lib/search-modules.ts func: execute:124855]
[0m[09.44][[33mWARNING[0m]: Fixpoint timeout while performing taint analysis [rule: config..semgrep.vendored-rules.javascript.lang.security.audit.detect-non-literal-fs-filename file: storage-switching/simplified-storage-replit.ts func: migrateFromPostgres:116850]
[0m[09.49][[33mWARNING[0m]: Fixpoint timeout while performing taint analysis [rule: config..semgrep.vendored-rules.javascript.lang.security.audit.detect-non-literal-require file: server/lib/search-modules.ts func: execute:124982]
[0m[09.56][[33mWARNING[0m]: Fixpoint timeout while performing taint analysis [rule: config..semgrep.vendored-rules.javascript.lang.security.audit.detect-non-literal-require file: server/lib/search-modules.ts func: execute:125054]
[0m[09.64][[33mWARNING[0m]: Fixpoint timeout while performing taint analysis [rule: config..semgrep.vendored-rules.javascript.lang.security.audit.detect-non-literal-require file: server/lib/search-modules.ts func: execute:125077]
[0m[09.84][[33mWARNING[0m]: Fixpoint timeout while performing taint analysis [rule: config..semgrep.vendored-rules.javascript.lang.security.insecure-object-assign file: server/routes.ts func: registerRoutes:27682]
[0m[09.86][[33mWARNING[0m]: Fixpoint timeout while performing taint analysis [rule: config..semgrep.vendored-rules.javascript.lang.security.audit.detect-non-literal-regexp file: server/lib/search-modules.ts func: execute:124706]
[0m[09.98][[33mWARNING[0m]: Fixpoint timeout while performing taint analysis [rule: config..semgrep.vendored-rules.javascript.lang.security.audit.detect-non-literal-regexp file: server/lib/search-modules.ts func: execute:124855]
[0m[10.02][[33mWARNING[0m]: Fixpoint timeout while performing taint analysis [rule: config..semgrep.vendored-rules.javascript.lang.security.audit.unsafe-formatstring file: server/lib/results-analysis/contact-name-validation.ts func: extractContacts:135375]
[0m[10.05][[33mWARNING[0m]: Fixpoint timeout while performing taint analysis [rule: config..semgrep.vendored-rules.javascript.lang.security.audit.detect-non-literal-regexp file: server/lib/search-modules.ts func: execute:124982]
[0m[10.13][[33mWARNING[0m]: Fixpoint timeout while performing taint analysis [rule: config..semgrep.vendored-rules.javascript.lang.security.audit.detect-non-literal-require file: server/lib/results-analysis/contact-name-validation.ts func: extractContacts:135375]
[0m[10.18][[33mWARNING[0m]: Fixpoint timeout while performing taint analysis [rule: config..semgrep.vendored-rules.javascript.lang.security.audit.detect-non-literal-regexp file: server/lib/search-modules.ts func: execute:125077]
[0m[10.37][[33mWARNING[0m]: Fixpoint timeout while performing taint analysis [rule: config..semgrep.vendored-rules.javascript.express.security.injection.raw-html-format file: server/lib/results-analysis/contact-name-validation.ts func: extractContacts:135375]
[0m[11.41][[33mWARNING[0m]: Fixpoint timeout while performing taint analysis [rule: config..semgrep.vendored-rules.javascript.lang.security.detect-eval-with-expression file: server/routes.ts func: registerRoutes:27682]
[0m[11.45][[33mWARNING[0m]: Fixpoint timeout while performing taint analysis [rule: config..semgrep.vendored-rules.javascript.lang.security.audit.sqli.node-postgres-sqli file: client/src/components/prompt-editor.tsx func: PromptEditor:139973]
[0m[11.51][[33mWARNING[0m]: Fixpoint timeout while performing taint analysis [rule: config..semgrep.vendored-rules.javascript.lang.security.audit.sqli.node-postgres-sqli file: client/src/components/prompt-editor.tsx func: PromptEditor:139973]
[0m[11.52][[33mWARNING[0m]: Fixpoint timeout while performing taint analysis [rule: config..semgrep.vendored-rules.javascript.lang.security.audit.sqli.node-postgres-sqli file: client/src/components/prompt-editor.tsx func: PromptEditor:139973]
[0m[11.65][[33mWARNING[0m]: Fixpoint timeout while performing taint analysis [rule: config..semgrep.vendored-rules.javascript.lang.security.audit.unsafe-formatstring file: client/src/components/prompt-editor.tsx func: PromptEditor:139973]
[0m[11.71][[33mWARNING[0m]: Fixpoint timeout while performing taint analysis [rule: config..semgrep.vendored-rules.javascript.express.security.injection.raw-html-format file: server/lib/search-modules.ts func: execute:124855]
[0m[11.77][[33mWARNING[0m]: Fixpoint timeout while performing taint analysis [rule: config..semgrep.vendored-rules.javascript.express.security.injection.raw-html-format file: server/lib/search-modules.ts func: execute:124982]
[0m[11.86][[33mWARNING[0m]: Fixpoint timeout while performing taint analysis [rule: config..semgrep.vendored-rules.javascript.express.security.injection.raw-html-format file: server/lib/search-modules.ts func: execute:125054]
[0m[11.91][[33mWARNING[0m]: Fixpoint timeout while performing taint analysis [rule: config..semgrep.vendored-rules.javascript.lang.security.audit.detect-non-literal-require file: client/src/components/prompt-editor.tsx func: PromptEditor:139973]
[0m[11.96][[33mWARNING[0m]: Fixpoint timeout while performing taint analysis [rule: config..semgrep.vendored-rules.javascript.lang.security.audit.detect-non-literal-require file: client/src/components/prompt-editor.tsx func: PromptEditor:139973]
[0m[11.96][[33mWARNING[0m]: Fixpoint timeout while performing taint analysis [rule: config..semgrep.vendored-rules.javascript.lang.security.audit.detect-non-literal-require file: client/src/components/prompt-editor.tsx func: PromptEditor:139973]
[0m[12.07][[33mWARNING[0m]: Fixpoint timeout while performing taint analysis [rule: config..semgrep.vendored-rules.javascript.express.security.injection.raw-html-format file: server/routes/stripe.ts func: registerStripeRoutes:150038]
[0m[12.16][[33mWARNING[0m]: Fixpoint timeout while performing taint analysis [rule: config..semgrep.vendored-rules.javascript.express.security.injection.tainted-sql-string file: server/routes.ts func: registerRoutes:27682]
[0m[12.18][[33mWARNING[0m]: Fixpoint timeout while performing taint analysis [rule: config..semgrep.vendored-rules.javascript.express.security.audit.xss.direct-response-write file: server/routes/stripe.ts func: registerStripeRoutes:150038]
[0m[12.22][[33mWARNING[0m]: Fixpoint timeout while performing taint analysis [rule: config..semgrep.vendored-rules.javascript.express.security.injection.tainted-sql-string file: server/routes.ts func: registerRoutes:27682]
[0m[12.31][[33mWARNING[0m]: Fixpoint timeout while performing taint analysis [rule: config..semgrep.vendored-rules.javascript.express.security.injection.tainted-sql-string file: server/routes.ts func: registerRoutes:27682]
[0m[12.32][[33mWARNING[0m]: Fixpoint timeout while performing taint analysis [rule: config..semgrep.vendored-rules.javascript.express.security.x-frame-options-misconfiguration file: server/routes/stripe.ts func: registerStripeRoutes:150038]
[0m[12.43][[33mWARNING[0m]: Fixpoint timeout while performing taint analysis [rule: config..semgrep.vendored-rules.javascript.express.security.require-request file: server/routes/stripe.ts func: registerStripeRoutes:150038]
[0m[12.50][[33mWARNING[0m]: Fixpoint timeout while performing taint analysis [rule: config..semgrep.vendored-rules.javascript.express.security.cors-misconfiguration file: server/routes/stripe.ts func: registerStripeRoutes:150038]
[0m[12.68][[33mWARNING[0m]: Fixpoint timeout while performing taint analysis [rule: config..semgrep.vendored-rules.javascript.lang.security.audit.detect-non-literal-fs-filename file: client/src/components/prompt-editor.tsx func: PromptEditor:139973]
[0m[12.74][[33mWARNING[0m]: Fixpoint timeout while performing taint analysis [rule: config..semgrep.vendored-rules.javascript.lang.security.audit.detect-non-literal-fs-filename file: client/src/components/prompt-editor.tsx func: PromptEditor:139973]
[0m[12.75][[33mWARNING[0m]: Fixpoint timeout while performing taint analysis [rule: config..semgrep.vendored-rules.javascript.lang.security.audit.detect-non-literal-fs-filename file: client/src/components/prompt-editor.tsx func: PromptEditor:139973]
[0m[13.17][[33mWARNING[0m]: Fixpoint timeout while performing taint analysis [rule: config..semgrep.vendored-rules.typescript.react.security.audit.react-unsanitized-method file: client/src/pages/outreach.tsx func: Outreach:157977]
[0m[13.19][[33mWARNING[0m]: Fixpoint timeout while performing taint analysis [rule: config..semgrep.vendored-rules.javascript.express.security.injection.raw-html-format file: server/routes.ts func: registerRoutes:27682]
[0m[13.42][[33mWARNING[0m]: Fixpoint timeout while performing taint analysis [rule: config..semgrep.vendored-rules.javascript.express.security.injection.raw-html-format file: server/routes.ts func: registerRoutes:27682]
[0m[13.46][[33mWARNING[0m]: Fixpoint timeout while performing taint analysis [rule: config..semgrep.vendored-rules.typescript.react.security.audit.react-href-var file: client/src/pages/outreach.tsx func: Outreach:157977]
[0m[13.54][[33mWARNING[0m]: Fixpoint timeout while performing taint analysis [rule: config..semgrep.vendored-rules.javascript.express.security.injection.raw-html-format file: server/routes.ts func: registerRoutes:27682]
[0m[13.63][[33mWARNING[0m]: Fixpoint timeout while performing taint analysis [rule: config..semgrep.vendored-rules.javascript.lang.security.audit.unsafe-formatstring file: client/src/pages/outreach.tsx func: Outreach:157977]
[0m[13.69][[33mWARNING[0m]: Fixpoint timeout while performing taint analysis [rule: config..semgrep.vendored-rules.javascript.express.security.injection.raw-html-format file: server/routes.ts func: registerRoutes:27682]
[0m[13.77][[33mWARNING[0m]: Fixpoint timeout while performing taint analysis [rule: config..semgrep.vendored-rules.javascript.lang.security.audit.detect-non-literal-require file: client/src/pages/outreach.tsx func: Outreach:157977]
[0m[13.78][[33mWARNING[0m]: Fixpoint timeout while performing taint analysis [rule: config..semgrep.vendored-rules.javascript.express.security.injection.raw-html-format file: server/routes.ts func: registerRoutes:27682]
[0m[14.38][[33mWARNING[0m]: Fixpoint timeout while performing taint analysis [rule: config..semgrep.vendored-rules.javascript.express.security.injection.raw-html-format file: server/routes.ts func: registerRoutes:27682]
[0m[14.64][[33mWARNING[0m]: Fixpoint timeout while performing taint analysis [rule: config..semgrep.vendored-rules.javascript.express.security.injection.raw-html-format file: server/routes.ts func: registerRoutes:27682]
[0m[14.73][[33mWARNING[0m]: Fixpoint timeout while performing taint analysis [rule: config..semgrep.vendored-rules.javascript.express.security.audit.express-ssrf file: client/src/components/prompt-editor.tsx func: PromptEditor:139973]
[0m[14.75][[33mWARNING[0m]: Fixpoint timeout while performing taint analysis [rule: config..semgrep.vendored-rules.javascript.express.security.injection.raw-html-format file: server/routes.ts func: registerRoutes:27682]
[0m[14.89][[33mWARNING[0m]: Fixpoint timeout while performing taint analysis [rule: config..semgrep.vendored-rules.javascript.express.security.require-request file: client/src/components/prompt-editor.tsx func: PromptEditor:139973]
[0m[15.51][[33mWARNING[0m]: Fixpoint timeout while performing taint analysis [rule: config..semgrep.vendored-rules.javascript.lang.security.audit.detect-non-literal-fs-filename file: client/src/pages/outreach.tsx func: Outreach:157977]
[0m[16.04][[33mWARNING[0m]: Fixpoint timeout while performing taint analysis [rule: config..semgrep.vendored-rules.javascript.express.security.injection.raw-html-format file: client/src/pages/outreach.tsx func: Outreach:157977]
[0m[16.21][[33mWARNING[0m]: Fixpoint timeout while performing taint analysis [rule: config..semgrep.vendored-rules.javascript.express.security.audit.xss.direct-response-write file: server/routes.ts func: registerRoutes:27682]
[0m[16.21][[33mWARNING[0m]: Fixpoint timeout while performing taint analysis [rule: config..semgrep.vendored-rules.typescript.react.security.audit.react-href-var file: client/src/pages/home.tsx func: Home:177608]
[0m[16.31][[33mWARNING[0m]: Fixpoint timeout while performing taint analysis [rule: config..semgrep.vendored-rules.javascript.express.security.audit.xss.direct-response-write file: server/routes.ts func: registerRoutes:27682]
[0m[16.37][[33mWARNING[0m]: Fixpoint timeout while performing taint analysis [rule: config..semgrep.vendored-rules.javascript.express.security.audit.xss.direct-response-write file: server/routes.ts func: registerRoutes:27682]
[0m[16.39][[33mWARNING[0m]: Fixpoint timeout while performing taint analysis [rule: config..semgrep.vendored-rules.javascript.lang.security.audit.unsafe-formatstring file: client/src/pages/home.tsx func: Home:177608]
[0m[16.44][[33mWARNING[0m]: Fixpoint timeout while performing taint analysis [rule: config..semgrep.vendored-rules.javascript.express.security.audit.xss.direct-response-write file: server/routes.ts func: registerRoutes:27682]
[0m[16.50][[33mWARNING[0m]: Fixpoint timeout while performing taint analysis [rule: config..semgrep.vendored-rules.javascript.express.security.audit.xss.direct-response-write file: server/routes.ts func: registerRoutes:27682]
[0m[16.53][[33mWARNING[0m]: Fixpoint timeout while performing taint analysis [rule: config..semgrep.vendored-rules.javascript.lang.security.audit.detect-non-literal-require file: client/src/pages/home.tsx func: Home:177608]
[0m[16.69][[33mWARNING[0m]: Fixpoint timeout while performing taint analysis [rule: config..semgrep.vendored-rules.javascript.express.security.audit.xss.direct-response-write file: server/routes.ts func: registerRoutes:27682]
[0m[16.75][[33mWARNING[0m]: Fixpoint timeout while performing taint analysis [rule: config..semgrep.vendored-rules.javascript.express.security.audit.xss.direct-response-write file: server/routes.ts func: registerRoutes:27682]
[0m[17.32][[33mWARNING[0m]: Fixpoint timeout while performing taint analysis [rule: config..semgrep.vendored-rules.javascript.express.security.audit.remote-property-injection file: server/routes.ts func: registerRoutes:27682]
[0m[17.40][[33mWARNING[0m]: Fixpoint timeout while performing taint analysis [rule: config..semgrep.vendored-rules.javascript.lang.security.audit.detect-non-literal-fs-filename file: client/src/pages/home.tsx func: Home:177608]
[0m[18.09][[33mWARNING[0m]: Fixpoint timeout while performing taint analysis [rule: config..semgrep.vendored-rules.javascript.express.security.audit.express-ssrf file: server/routes.ts func: registerRoutes:27682]
[0m[18.49][[33mWARNING[0m]: Fixpoint timeout while performing taint analysis [rule: config..semgrep.vendored-rules.javascript.express.security.audit.express-res-sendfile file: server/routes.ts func: registerRoutes:27682]
[0m[18.58][[33mWARNING[0m]: Fixpoint timeout while performing taint analysis [rule: config..semgrep.vendored-rules.javascript.express.security.audit.express-res-sendfile file: server/routes.ts func: registerRoutes:27682]
[0m[18.66][[33mWARNING[0m]: Fixpoint timeout while performing taint analysis [rule: config..semgrep.vendored-rules.javascript.express.security.audit.express-res-sendfile file: server/routes.ts func: registerRoutes:27682]
[0m[18.74][[33mWARNING[0m]: Fixpoint timeout while performing taint analysis [rule: config..semgrep.vendored-rules.javascript.express.security.audit.express-res-sendfile file: server/routes.ts func: registerRoutes:27682]
[0m[18.92][[33mWARNING[0m]: Fixpoint timeout while performing taint analysis [rule: config..semgrep.vendored-rules.javascript.express.security.audit.express-res-sendfile file: server/routes.ts func: registerRoutes:27682]
[0m[18.96][[33mWARNING[0m]: Fixpoint timeout while performing taint analysis [rule: config..semgrep.vendored-rules.javascript.express.security.audit.express-res-sendfile file: server/routes.ts func: registerRoutes:27682]
[0m[19.14][[33mWARNING[0m]: Fixpoint timeout while performing taint analysis [rule: config..semgrep.vendored-rules.javascript.browser.security.js-open-redirect-from-function file: client/src/pages/home.tsx func: Home:177608]
[0m[19.29][[33mWARNING[0m]: Fixpoint timeout while performing taint analysis [rule: config..semgrep.vendored-rules.javascript.express.security.audit.express-path-join-resolve-traversal file: server/routes.ts func: registerRoutes:27682]
[0m[19.38][[33mWARNING[0m]: Fixpoint timeout while performing taint analysis [rule: config..semgrep.vendored-rules.javascript.express.security.audit.express-path-join-resolve-traversal file: server/routes.ts func: registerRoutes:27682]
[0m[19.47][[33mWARNING[0m]: Fixpoint timeout while performing taint analysis [rule: config..semgrep.vendored-rules.javascript.express.security.audit.express-path-join-resolve-traversal file: server/routes.ts func: registerRoutes:27682]
[0m[19.54][[33mWARNING[0m]: Fixpoint timeout while performing taint analysis [rule: config..semgrep.vendored-rules.javascript.express.security.audit.express-path-join-resolve-traversal file: server/routes.ts func: registerRoutes:27682]
[0m[19.71][[33mWARNING[0m]: Fixpoint timeout while performing taint analysis [rule: config..semgrep.vendored-rules.javascript.express.security.audit.express-path-join-resolve-traversal file: server/routes.ts func: registerRoutes:27682]
[0m[19.75][[33mWARNING[0m]: Fixpoint timeout while performing taint analysis [rule: config..semgrep.vendored-rules.javascript.express.security.audit.express-path-join-resolve-traversal file: server/routes.ts func: registerRoutes:27682]
[0m[20.33][[33mWARNING[0m]: Fixpoint timeout while performing taint analysis [rule: config..semgrep.vendored-rules.javascript.express.security.audit.express-open-redirect file: server/routes.ts func: registerRoutes:27682]
[0m[20.42][[33mWARNING[0m]: Fixpoint timeout while performing taint analysis [rule: config..semgrep.vendored-rules.javascript.express.security.audit.express-open-redirect file: server/routes.ts func: registerRoutes:27682]
[0m[20.50][[33mWARNING[0m]: Fixpoint timeout while performing taint analysis [rule: config..semgrep.vendored-rules.javascript.express.security.audit.express-open-redirect file: server/routes.ts func: registerRoutes:27682]
[0m[20.59][[33mWARNING[0m]: Fixpoint timeout while performing taint analysis [rule: config..semgrep.vendored-rules.javascript.express.security.audit.express-open-redirect file: server/routes.ts func: registerRoutes:27682]
[0m[20.77][[33mWARNING[0m]: Fixpoint timeout while performing taint analysis [rule: config..semgrep.vendored-rules.javascript.express.security.audit.express-open-redirect file: server/routes.ts func: registerRoutes:27682]
[0m[20.82][[33mWARNING[0m]: Fixpoint timeout while performing taint analysis [rule: config..semgrep.vendored-rules.javascript.express.security.audit.express-open-redirect file: server/routes.ts func: registerRoutes:27682]
[0m[21.04][[33mWARNING[0m]: Fixpoint timeout while performing taint analysis [rule: config..semgrep.vendored-rules.javascript.express.security.express-wkhtmltoimage-injection file: server/routes.ts func: registerRoutes:27682]
[0m[21.15][[33mWARNING[0m]: Fixpoint timeout while performing taint analysis [rule: config..semgrep.vendored-rules.javascript.express.security.express-wkhtmltoimage-injection file: server/routes.ts func: registerRoutes:27682]
[0m[21.24][[33mWARNING[0m]: Fixpoint timeout while performing taint analysis [rule: config..semgrep.vendored-rules.javascript.express.security.express-wkhtmltoimage-injection file: server/routes.ts func: registerRoutes:27682]
[0m[21.35][[33mWARNING[0m]: Fixpoint timeout while performing taint analysis [rule: config..semgrep.vendored-rules.javascript.express.security.express-wkhtmltoimage-injection file: server/routes.ts func: registerRoutes:27682]
[0m[21.46][[33mWARNING[0m]: Fixpoint timeout while performing taint analysis [rule: config..semgrep.vendored-rules.javascript.express.security.express-wkhtmltoimage-injection file: server/routes.ts func: registerRoutes:27682]
[0m[21.65][[33mWARNING[0m]: Fixpoint timeout while performing taint analysis [rule: config..semgrep.vendored-rules.javascript.express.security.express-wkhtmltoimage-injection file: server/routes.ts func: registerRoutes:27682]
[0m[21.99][[33mWARNING[0m]: Fixpoint timeout while performing taint analysis [rule: config..semgrep.vendored-rules.javascript.express.security.x-frame-options-misconfiguration file: server/routes.ts func: registerRoutes:27682]
[0m[22.23][[33mWARNING[0m]: Fixpoint timeout while performing taint analysis [rule: config..semgrep.vendored-rules.javascript.express.security.x-frame-options-misconfiguration file: server/routes.ts func: registerRoutes:27682]
[0m[22.34][[33mWARNING[0m]: Fixpoint timeout while performing taint analysis [rule: config..semgrep.vendored-rules.javascript.express.security.x-frame-options-misconfiguration file: server/routes.ts func: registerRoutes:27682]
[0m[22.52][[33mWARNING[0m]: Fixpoint timeout while performing taint analysis [rule: config..semgrep.vendored-rules.javascript.express.security.x-frame-options-misconfiguration file: server/routes.ts func: registerRoutes:27682]
[0m[22.85][[33mWARNING[0m]: Fixpoint timeout while performing taint analysis [rule: config..semgrep.vendored-rules.javascript.express.security.require-request file: server/routes.ts func: registerRoutes:27682]
[0m[22.97][[33mWARNING[0m]: Fixpoint timeout while performing taint analysis [rule: config..semgrep.vendored-rules.javascript.express.security.require-request file: server/routes.ts func: registerRoutes:27682]
[0m[23.08][[33mWARNING[0m]: Fixpoint timeout while performing taint analysis [rule: config..semgrep.vendored-rules.javascript.express.security.require-request file: server/routes.ts func: registerRoutes:27682]
[0m[23.19][[33mWARNING[0m]: Fixpoint timeout while performing taint analysis [rule: config..semgrep.vendored-rules.javascript.express.security.require-request file: server/routes.ts func: registerRoutes:27682]
[0m[23.38][[33mWARNING[0m]: Fixpoint timeout while performing taint analysis [rule: config..semgrep.vendored-rules.javascript.express.security.require-request file: server/routes.ts func: registerRoutes:27682]
[0m[23.72][[33mWARNING[0m]: Fixpoint timeout while performing taint analysis [rule: config..semgrep.vendored-rules.javascript.express.security.express-data-exfiltration file: server/routes.ts func: registerRoutes:27682]
[0m[23.83][[33mWARNING[0m]: Fixpoint timeout while performing taint analysis [rule: config..semgrep.vendored-rules.javascript.express.security.express-data-exfiltration file: server/routes.ts func: registerRoutes:27682]
[0m[23.93][[33mWARNING[0m]: Fixpoint timeout while performing taint analysis [rule: config..semgrep.vendored-rules.javascript.express.security.express-data-exfiltration file: server/routes.ts func: registerRoutes:27682]
[0m[24.04][[33mWARNING[0m]: Fixpoint timeout while performing taint analysis [rule: config..semgrep.vendored-rules.javascript.express.security.express-data-exfiltration file: server/routes.ts func: registerRoutes:27682]
[0m[24.22][[33mWARNING[0m]: Fixpoint timeout while performing taint analysis [rule: config..semgrep.vendored-rules.javascript.express.security.express-data-exfiltration file: server/routes.ts func: registerRoutes:27682]
[0m[24.56][[33mWARNING[0m]: Fixpoint timeout while performing taint analysis [rule: config..semgrep.vendored-rules.javascript.express.security.cors-misconfiguration file: server/routes.ts func: registerRoutes:27682]
[0m[24.79][[33mWARNING[0m]: Fixpoint timeout while performing taint analysis [rule: config..semgrep.vendored-rules.javascript.express.security.cors-misconfiguration file: server/routes.ts func: registerRoutes:27682]
[0m[24.90][[33mWARNING[0m]: Fixpoint timeout while performing taint analysis [rule: config..semgrep.vendored-rules.javascript.express.security.cors-misconfiguration file: server/routes.ts func: registerRoutes:27682]
[0m[25.08][[33mWARNING[0m]: Fixpoint timeout while performing taint analysis [rule: config..semgrep.vendored-rules.javascript.express.security.cors-misconfiguration file: server/routes.ts func: registerRoutes:27682]
[0m[25.45][[33mWARNING[0m]: Fixpoint timeout while performing taint analysis [rule: config..semgrep.vendored-rules.javascript.browser.security.js-open-redirect-from-function file: server/routes.ts func: registerRoutes:27682]
[0m--- end semgrep-core stderr ---
2025-06-30 15:26:46,133 - semgrep.rule_match - DEBUG - match_key = ('', PosixPath('attached_assets/Pasted-customer-subscription-created-Resend-More-options-Next-retry-in-43-minutes-Response-HTTP-status-co-1750694721144_1750694721145.txt'), 'config..semgrep.vendored-rules.generic.secrets.gitleaks.generic-api-key') match_id = d9d4afd4b49c5310707b43e8a651b2ca696bfa17fe60cf5ed2a00bdd460ec236753884ade8d3c15977acc0fdc15eaece974af92ace7677b1443ca547d8670ab5_0
2025-06-30 15:26:46,135 - semgrep.rule_match - DEBUG - match_key = ('b949484e-7d11-4523-9b9f-d8a86f8f0257 b949484e-7d11-4523-9b9f-d8a86f8f0257 (?!(?i).*(client|endpoint|vpn|_ec2_|aws_|authorize|author|define|config|credential|setting|sample|xxxxxx|000000|buffer|delete|aaaaaa|fewfwef|getenv|env_|system|example|ecdsa|sha256|sha1|sha2|md5|alert|wizard|target|onboard|welcome|page|exploit|experiment|expire|rabbitmq|scraper|widget|music|dns_|dns-|yahoo|want|json|action|script|fix_|fix-|develop|compas|stripe|service|master|metric|tech|gitignore|rich|open|stack|irc_|irc-|sublime|kohana|has_|has-|fabric|wordpres|role|osx_|osx-|boost|addres|queue|working|sandbox|internet|print|vision|tracking|being|generator|traffic|world|pull|rust|watcher|small|auth|full|hash|more|install|auto|complete|learn|paper|installer|research|acces|last|binding|spine|into|chat|algorithm|resource|uploader|video|maker|next|proc|lock|robot|snake|patch|matrix|drill|terminal|term|stuff|genetic|generic|identity|audit|pattern|audio|web_|web-|crud|problem|statu|cms-|cms_|arch|coffee|workflow|changelog|another|uiview|content|kitchen|gnu_|gnu-|gnu\\.|conf|couchdb|client|opencv|rendering|update|concept|varnish|gui_|gui-|gui\\.|version|shared|extra|product|still|not_|not-|not\\.|drop|ring|png_|png-|png\\.|actively|import|output|backup|start|embedded|registry|pool|semantic|instagram|bash|system|ninja|drupal|jquery|polyfill|physic|league|guide|pack|synopsi|sketch|injection|svg_|svg-|svg\\.|friendly|wave|convert|manage|camera|link|slide|timer|wrapper|gallery|url_|url-|url\\.|todomvc|requirej|party|http|payment|async|library|home|coco|gaia|display|universal|func|metadata|hipchat|under|room|config|personal|realtime|resume|database|testing|tiny|basic|forum|meetup|yet_|yet-|yet\\.|cento|dead|fluentd|editor|utilitie|run_|run-|run\\.|box_|box-|box\\.|bot_|bot-|bot\\.|making|sample|group|monitor|ajax|parallel|cassandra|ultimate|site|get_|get-|get\\.|gen_|gen-|gen\\.|gem_|gem-|gem\\.|extended|image|knife|asset|nested|zero|plugin|bracket|mule|mozilla|number|act_|act-|act\\.|map_|map-|map\\.|micro|debug|openshift|chart|expres|backend|task|source|translate|jbos|composer|sqlite|profile|mustache|mqtt|yeoman|have|builder|smart|like|oauth|school|guideline|captcha|filter|bitcoin|bridge|color|toolbox|discovery|new_|new-|new\\.|dashboard|when|setting|level|post|standard|port|platform|yui_|yui-|yui\\.|grunt|animation|haskell|icon|latex|cheat|lua_|lua-|lua\\.|gulp|case|author|without|simulator|wifi|directory|lisp|list|flat|adventure|story|storm|gpu_|gpu-|gpu\\.|store|caching|attention|solr|logger|demo|shortener|hadoop|finder|phone|pipeline|range|textmate|showcase|app_|app-|app\\.|idiomatic|edit|our_|our-|our\\.|out_|out-|out\\.|sentiment|linked|why_|why-|why\\.|local|cube|gmail|job_|job-|job\\.|rpc_|rpc-|rpc\\.|contest|tcp_|tcp-|tcp\\.|usage|buildout|weather|transfer|automated|sphinx|issue|sas_|sas-|sas\\.|parallax|jasmine|addon|machine|solution|dsl_|dsl-|dsl\\.|episode|menu|theme|best|adapter|debugger|chrome|tutorial|life|step|people|joomla|paypal|developer|solver|team|current|love|visual|date|data|canva|container|future|xml_|xml-|xml\\.|twig|nagio|spatial|original|sync|archived|refinery|science|mapping|gitlab|play|ext_|ext-|ext\\.|session|impact|set_|set-|set\\.|see_|see-|see\\.|migration|commit|community|shopify|what\'|cucumber|statamic|mysql|location|tower|line|code|amqp|hello|send|index|high|notebook|alloy|python|field|document|soap|edition|email|php_|php-|php\\.|command|transport|official|upload|study|secure|angularj|akka|scalable|package|request|con_|con-|con\\.|flexible|security|comment|module|flask|graph|flash|apache|change|window|space|lambda|sheet|bookmark|carousel|friend|objective|jekyll|bootstrap|first|article|gwt_|gwt-|gwt\\.|classic|media|websocket|touch|desktop|real|read|recorder|moved|storage|validator|add-on|pusher|scs_|scs-|scs\\.|inline|asp_|asp-|asp\\.|timeline|base|encoding|ffmpeg|kindle|tinymce|pretty|jpa_|jpa-|jpa\\.|used|user|required|webhook|download|resque|espresso|cloud|mongo|benchmark|pure|cakephp|modx|mode|reactive|fuel|written|flickr|mail|brunch|meteor|dynamic|neo_|neo-|neo\\.|new_|new-|new\\.|net_|net-|net\\.|typo|type|keyboard|erlang|adobe|logging|ckeditor|message|iso_|iso-|iso\\.|hook|ldap|folder|reference|railscast|www_|www-|www\\.|tracker|azure|fork|form|digital|exporter|skin|string|template|designer|gollum|fluent|entity|language|alfred|summary|wiki|kernel|calendar|plupload|symfony|foundry|remote|talk|search|dev_|dev-|dev\\.|del_|del-|del\\.|token|idea|sencha|selector|interface|create|fun_|fun-|fun\\.|groovy|query|grail|red_|red-|red\\.|laravel|monkey|slack|supported|instant|value|center|latest|work|but_|but-|but\\.|bug_|bug-|bug\\.|virtual|tweet|statsd|studio|path|real-time|frontend|notifier|coding|tool|firmware|flow|random|mediawiki|bosh|been|beer|lightbox|theory|origin|redmine|hub_|hub-|hub\\.|require|pro_|pro-|pro\\.|ant_|ant-|ant\\.|any_|any-|any\\.|recipe|closure|mapper|event|todo|model|redi|provider|rvm_|rvm-|rvm\\.|program|memcached|rail|silex|foreman|activity|license|strategy|batch|streaming|fast|use_|use-|use\\.|usb_|usb-|usb\\.|impres|academy|slider|please|layer|cros|now_|now-|now\\.|miner|extension|own_|own-|own\\.|app_|app-|app\\.|debian|symphony|example|feature|serie|tree|project|runner|entry|leetcode|layout|webrtc|logic|login|worker|toolkit|mocha|support|back|inside|device|jenkin|contact|fake|awesome|ocaml|bit_|bit-|bit\\.|drive|screen|prototype|gist|binary|nosql|rest|overview|dart|dark|emac|mongoid|solarized|homepage|emulator|commander|django|yandex|gradle|xcode|writer|crm_|crm-|crm\\.|jade|startup|error|using|format|name|spring|parser|scratch|magic|try_|try-|try\\.|rack|directive|challenge|slim|counter|element|chosen|doc_|doc-|doc\\.|meta|should|button|packet|stream|hardware|android|infinite|password|software|ghost|xamarin|spec|chef|interview|hubot|mvc_|mvc-|mvc\\.|exercise|leaflet|launcher|air_|air-|air\\.|photo|board|boxen|way_|way-|way\\.|computing|welcome|notepad|portfolio|cat_|cat-|cat\\.|can_|can-|can\\.|magento|yaml|domain|card|yii_|yii-|yii\\.|checker|browser|upgrade|only|progres|aura|ruby_|ruby-|ruby\\.|polymer|util|lite|hackathon|rule|log_|log-|log\\.|opengl|stanford|skeleton|history|inspector|help|soon|selenium|lab_|lab-|lab\\.|scheme|schema|look|ready|leveldb|docker|game|minimal|logstash|messaging|within|heroku|mongodb|kata|suite|picker|win_|win-|win\\.|wip_|wip-|wip\\.|panel|started|starter|front-end|detector|deploy|editing|based|admin|capture|spree|page|bundle|goal|rpg_|rpg-|rpg\\.|setup|side|mean|reader|cookbook|mini|modern|seed|dom_|dom-|dom\\.|doc_|doc-|doc\\.|dot_|dot-|dot\\.|syntax|sugar|loader|website|make|kit_|kit-|kit\\.|protocol|human|daemon|golang|manager|countdown|connector|swagger|map_|map-|map\\.|mac_|mac-|mac\\.|man_|man-|man\\.|orm_|orm-|orm\\.|org_|org-|org\\.|little|zsh_|zsh-|zsh\\.|shop|show|workshop|money|grid|server|octopres|svn_|svn-|svn\\.|ember|embed|general|file|important|dropbox|portable|public|docpad|fish|sbt_|sbt-|sbt\\.|done|para|network|common|readme|popup|simple|purpose|mirror|single|cordova|exchange|object|design|gateway|account|lamp|intellij|math|mit_|mit-|mit\\.|control|enhanced|emitter|multi|add_|add-|add\\.|about|socket|preview|vagrant|cli_|cli-|cli\\.|powerful|top_|top-|top\\.|radio|watch|fluid|amazon|report|couchbase|automatic|detection|sprite|pyramid|portal|advanced|plu_|plu-|plu\\.|runtime|git_|git-|git\\.|uri_|uri-|uri\\.|haml|node|sql_|sql-|sql\\.|cool|core|obsolete|handler|iphone|extractor|array|copy|nlp_|nlp-|nlp\\.|reveal|pop_|pop-|pop\\.|engine|parse|check|html|nest|all_|all-|all\\.|chinese|buildpack|what|tag_|tag-|tag\\.|proxy|style|cookie|feed|restful|compiler|creating|prelude|context|java|rspec|mock|backbone|light|spotify|flex|related|shell|which|clas|webapp|swift|ansible|unity|console|tumblr|export|campfire|conway\'|made|riak|hero|here|unix|unit|glas|smtp|how_|how-|how\\.|hot_|hot-|hot\\.|debug|release|diff|player|easy|right|old_|old-|old\\.|animate|time|push|explorer|course|training|nette|router|draft|structure|note|salt|where|spark|trello|power|method|social|via_|via-|via\\.|vim_|vim-|vim\\.|select|webkit|github|ftp_|ftp-|ftp\\.|creator|mongoose|led_|led-|led\\.|movie|currently|pdf_|pdf-|pdf\\.|load|markdown|phalcon|input|custom|atom|oracle|phonegap|ubuntu|great|rdf_|rdf-|rdf\\.|popcorn|firefox|zip_|zip-|zip\\.|cuda|dotfile|static|openwrt|viewer|powered|graphic|les_|les-|les\\.|doe_|doe-|doe\\.|maven|word|eclipse|lab_|lab-|lab\\.|hacking|steam|analytic|option|abstract|archive|reality|switcher|club|write|kafka|arduino|angular|online|title|don\'t|contao|notice|analyzer|learning|zend|external|staging|busines|tdd_|tdd-|tdd\\.|scanner|building|snippet|modular|bower|stm_|stm-|stm\\.|lib_|lib-|lib\\.|alpha|mobile|clean|linux|nginx|manifest|some|raspberry|gnome|ide_|ide-|ide\\.|block|statistic|info|drag|youtube|koan|facebook|paperclip|art_|art-|art\\.|quality|tab_|tab-|tab\\.|need|dojo|shield|computer|stat|state|twitter|utility|converter|hosting|devise|liferay|updated|force|tip_|tip-|tip\\.|behavior|active|call|answer|deck|better|principle|ches|bar_|bar-|bar\\.|reddit|three|haxe|just|plug-in|agile|manual|tetri|super|beta|parsing|doctrine|minecraft|useful|perl|sharing|agent|switch|view|dash|channel|repo|pebble|profiler|warning|cluster|running|markup|evented|mod_|mod-|mod\\.|share|csv_|csv-|csv\\.|response|good|house|connect|built|build|find|ipython|webgl|big_|big-|big\\.|google|scala|sdl_|sdl-|sdl\\.|sdk_|sdk-|sdk\\.|native|day_|day-|day\\.|puppet|text|routing|helper|linkedin|crawler|host|guard|merchant|poker|over|writing|free|classe|component|craft|nodej|phoenix|longer|quick|lazy|memory|clone|hacker|middleman|factory|motion|multiple|tornado|hack|ssh_|ssh-|ssh\\.|review|vimrc|driver|driven|blog|particle|table|intro|importer|thrift|xmpp|framework|refresh|react|font|librarie|variou|formatter|analysi|karma|scroll|tut_|tut-|tut\\.|apple|tag_|tag-|tag\\.|tab_|tab-|tab\\.|category|ionic|cache|homebrew|reverse|english|getting|shipping|clojure|boot|book|branch|combination|combo)) b949484e-7d11-4523-9b9f-d8a86f8f0257 (?!(^0x0*|^pub)|.*\\.(bin|json|exe)$|.*(?i)(Client|Factory)$|(^__[A-Za-z]+__$)|^(12345|abcd)|^\\d+(\\.\\d+)?$) b949484e-7d11-4523-9b9f-d8a86f8f0257 entropy (?i)(?:key|api|token|secret|client|passwd|password|auth|access)(?:[0-9a-z\\-_\\t.]{0,20})(?:[\\s|\']|[\\s|"]){0,3}(?:=|>|:=|\\|\\|:|<=|=>|:)(?:\'|@\\"|\\"|\\s|=|\\x60){0,5}(?!([a-z]+\\.[a-zA-Z]+)|.*(\\d{4}-\\d{2}-\\d{2})|:*(?!("|\'))[0-9A-Za-z]+\\.[0-9A-Za-z]+,|[A-Z]+_[A-Z]+_)(?P<CONTENT>[0-9a-z\\-_.=\\~@]{10,150})(?:[\'|\\"|\\n|\\r|\\s|\\x60|;]|$) (\\d\\.\\d\\.\\d-}|([\\d]{1,3}\\.[\\d]{1,3}\\.[\\d]{1,3}\\.[\\d]{1,3})|(\\w)\\1{5}|(?i)keywords|xxxx|eeeeeeee|0000|\\*\\*\\*|example|test|author=|author("|\')|preview|[A-Z]+_KEY|[.]value|[.]key|-\\d\\.\\d\\.) (\\w|\\.)\\1{5} .*((?i)omitted|arn:aws|(?i)(pub.*key|public.*key)|(?i)clientToken|symbol|cache|author\\.).*', PosixPath('attached_assets/Pasted-customer-subscription-created-Resend-More-options-Next-retry-in-43-minutes-Response-HTTP-status-co-1750694721144_1750694721145.txt'), 'config..semgrep.vendored-rules.generic.secrets.gitleaks.generic-api-key') match_id = ddc27ce420e56b8e136fe68812cf93fedd73538e2c4a6fb4eb531e5d1c1e5019aa6ad890dea68164dd779810a8cb00b911f1abe7a5233274edf1fecc7ccfa71e_0
2025-06-30 15:26:46,135 - semgrep.rule_match - DEBUG - match_key = ('b949484e-7d11-4523-9b9f-d8a86f8f0257 b949484e-7d11-4523-9b9f-d8a86f8f0257 (?!(?i).*(client|endpoint|vpn|_ec2_|aws_|authorize|author|define|config|credential|setting|sample|xxxxxx|000000|buffer|delete|aaaaaa|fewfwef|getenv|env_|system|example|ecdsa|sha256|sha1|sha2|md5|alert|wizard|target|onboard|welcome|page|exploit|experiment|expire|rabbitmq|scraper|widget|music|dns_|dns-|yahoo|want|json|action|script|fix_|fix-|develop|compas|stripe|service|master|metric|tech|gitignore|rich|open|stack|irc_|irc-|sublime|kohana|has_|has-|fabric|wordpres|role|osx_|osx-|boost|addres|queue|working|sandbox|internet|print|vision|tracking|being|generator|traffic|world|pull|rust|watcher|small|auth|full|hash|more|install|auto|complete|learn|paper|installer|research|acces|last|binding|spine|into|chat|algorithm|resource|uploader|video|maker|next|proc|lock|robot|snake|patch|matrix|drill|terminal|term|stuff|genetic|generic|identity|audit|pattern|audio|web_|web-|crud|problem|statu|cms-|cms_|arch|coffee|workflow|changelog|another|uiview|content|kitchen|gnu_|gnu-|gnu\\.|conf|couchdb|client|opencv|rendering|update|concept|varnish|gui_|gui-|gui\\.|version|shared|extra|product|still|not_|not-|not\\.|drop|ring|png_|png-|png\\.|actively|import|output|backup|start|embedded|registry|pool|semantic|instagram|bash|system|ninja|drupal|jquery|polyfill|physic|league|guide|pack|synopsi|sketch|injection|svg_|svg-|svg\\.|friendly|wave|convert|manage|camera|link|slide|timer|wrapper|gallery|url_|url-|url\\.|todomvc|requirej|party|http|payment|async|library|home|coco|gaia|display|universal|func|metadata|hipchat|under|room|config|personal|realtime|resume|database|testing|tiny|basic|forum|meetup|yet_|yet-|yet\\.|cento|dead|fluentd|editor|utilitie|run_|run-|run\\.|box_|box-|box\\.|bot_|bot-|bot\\.|making|sample|group|monitor|ajax|parallel|cassandra|ultimate|site|get_|get-|get\\.|gen_|gen-|gen\\.|gem_|gem-|gem\\.|extended|image|knife|asset|nested|zero|plugin|bracket|mule|mozilla|number|act_|act-|act\\.|map_|map-|map\\.|micro|debug|openshift|chart|expres|backend|task|source|translate|jbos|composer|sqlite|profile|mustache|mqtt|yeoman|have|builder|smart|like|oauth|school|guideline|captcha|filter|bitcoin|bridge|color|toolbox|discovery|new_|new-|new\\.|dashboard|when|setting|level|post|standard|port|platform|yui_|yui-|yui\\.|grunt|animation|haskell|icon|latex|cheat|lua_|lua-|lua\\.|gulp|case|author|without|simulator|wifi|directory|lisp|list|flat|adventure|story|storm|gpu_|gpu-|gpu\\.|store|caching|attention|solr|logger|demo|shortener|hadoop|finder|phone|pipeline|range|textmate|showcase|app_|app-|app\\.|idiomatic|edit|our_|our-|our\\.|out_|out-|out\\.|sentiment|linked|why_|why-|why\\.|local|cube|gmail|job_|job-|job\\.|rpc_|rpc-|rpc\\.|contest|tcp_|tcp-|tcp\\.|usage|buildout|weather|transfer|automated|sphinx|issue|sas_|sas-|sas\\.|parallax|jasmine|addon|machine|solution|dsl_|dsl-|dsl\\.|episode|menu|theme|best|adapter|debugger|chrome|tutorial|life|step|people|joomla|paypal|developer|solver|team|current|love|visual|date|data|canva|container|future|xml_|xml-|xml\\.|twig|nagio|spatial|original|sync|archived|refinery|science|mapping|gitlab|play|ext_|ext-|ext\\.|session|impact|set_|set-|set\\.|see_|see-|see\\.|migration|commit|community|shopify|what\'|cucumber|statamic|mysql|location|tower|line|code|amqp|hello|send|index|high|notebook|alloy|python|field|document|soap|edition|email|php_|php-|php\\.|command|transport|official|upload|study|secure|angularj|akka|scalable|package|request|con_|con-|con\\.|flexible|security|comment|module|flask|graph|flash|apache|change|window|space|lambda|sheet|bookmark|carousel|friend|objective|jekyll|bootstrap|first|article|gwt_|gwt-|gwt\\.|classic|media|websocket|touch|desktop|real|read|recorder|moved|storage|validator|add-on|pusher|scs_|scs-|scs\\.|inline|asp_|asp-|asp\\.|timeline|base|encoding|ffmpeg|kindle|tinymce|pretty|jpa_|jpa-|jpa\\.|used|user|required|webhook|download|resque|espresso|cloud|mongo|benchmark|pure|cakephp|modx|mode|reactive|fuel|written|flickr|mail|brunch|meteor|dynamic|neo_|neo-|neo\\.|new_|new-|new\\.|net_|net-|net\\.|typo|type|keyboard|erlang|adobe|logging|ckeditor|message|iso_|iso-|iso\\.|hook|ldap|folder|reference|railscast|www_|www-|www\\.|tracker|azure|fork|form|digital|exporter|skin|string|template|designer|gollum|fluent|entity|language|alfred|summary|wiki|kernel|calendar|plupload|symfony|foundry|remote|talk|search|dev_|dev-|dev\\.|del_|del-|del\\.|token|idea|sencha|selector|interface|create|fun_|fun-|fun\\.|groovy|query|grail|red_|red-|red\\.|laravel|monkey|slack|supported|instant|value|center|latest|work|but_|but-|but\\.|bug_|bug-|bug\\.|virtual|tweet|statsd|studio|path|real-time|frontend|notifier|coding|tool|firmware|flow|random|mediawiki|bosh|been|beer|lightbox|theory|origin|redmine|hub_|hub-|hub\\.|require|pro_|pro-|pro\\.|ant_|ant-|ant\\.|any_|any-|any\\.|recipe|closure|mapper|event|todo|model|redi|provider|rvm_|rvm-|rvm\\.|program|memcached|rail|silex|foreman|activity|license|strategy|batch|streaming|fast|use_|use-|use\\.|usb_|usb-|usb\\.|impres|academy|slider|please|layer|cros|now_|now-|now\\.|miner|extension|own_|own-|own\\.|app_|app-|app\\.|debian|symphony|example|feature|serie|tree|project|runner|entry|leetcode|layout|webrtc|logic|login|worker|toolkit|mocha|support|back|inside|device|jenkin|contact|fake|awesome|ocaml|bit_|bit-|bit\\.|drive|screen|prototype|gist|binary|nosql|rest|overview|dart|dark|emac|mongoid|solarized|homepage|emulator|commander|django|yandex|gradle|xcode|writer|crm_|crm-|crm\\.|jade|startup|error|using|format|name|spring|parser|scratch|magic|try_|try-|try\\.|rack|directive|challenge|slim|counter|element|chosen|doc_|doc-|doc\\.|meta|should|button|packet|stream|hardware|android|infinite|password|software|ghost|xamarin|spec|chef|interview|hubot|mvc_|mvc-|mvc\\.|exercise|leaflet|launcher|air_|air-|air\\.|photo|board|boxen|way_|way-|way\\.|computing|welcome|notepad|portfolio|cat_|cat-|cat\\.|can_|can-|can\\.|magento|yaml|domain|card|yii_|yii-|yii\\.|checker|browser|upgrade|only|progres|aura|ruby_|ruby-|ruby\\.|polymer|util|lite|hackathon|rule|log_|log-|log\\.|opengl|stanford|skeleton|history|inspector|help|soon|selenium|lab_|lab-|lab\\.|scheme|schema|look|ready|leveldb|docker|game|minimal|logstash|messaging|within|heroku|mongodb|kata|suite|picker|win_|win-|win\\.|wip_|wip-|wip\\.|panel|started|starter|front-end|detector|deploy|editing|based|admin|capture|spree|page|bundle|goal|rpg_|rpg-|rpg\\.|setup|side|mean|reader|cookbook|mini|modern|seed|dom_|dom-|dom\\.|doc_|doc-|doc\\.|dot_|dot-|dot\\.|syntax|sugar|loader|website|make|kit_|kit-|kit\\.|protocol|human|daemon|golang|manager|countdown|connector|swagger|map_|map-|map\\.|mac_|mac-|mac\\.|man_|man-|man\\.|orm_|orm-|orm\\.|org_|org-|org\\.|little|zsh_|zsh-|zsh\\.|shop|show|workshop|money|grid|server|octopres|svn_|svn-|svn\\.|ember|embed|general|file|important|dropbox|portable|public|docpad|fish|sbt_|sbt-|sbt\\.|done|para|network|common|readme|popup|simple|purpose|mirror|single|cordova|exchange|object|design|gateway|account|lamp|intellij|math|mit_|mit-|mit\\.|control|enhanced|emitter|multi|add_|add-|add\\.|about|socket|preview|vagrant|cli_|cli-|cli\\.|powerful|top_|top-|top\\.|radio|watch|fluid|amazon|report|couchbase|automatic|detection|sprite|pyramid|portal|advanced|plu_|plu-|plu\\.|runtime|git_|git-|git\\.|uri_|uri-|uri\\.|haml|node|sql_|sql-|sql\\.|cool|core|obsolete|handler|iphone|extractor|array|copy|nlp_|nlp-|nlp\\.|reveal|pop_|pop-|pop\\.|engine|parse|check|html|nest|all_|all-|all\\.|chinese|buildpack|what|tag_|tag-|tag\\.|proxy|style|cookie|feed|restful|compiler|creating|prelude|context|java|rspec|mock|backbone|light|spotify|flex|related|shell|which|clas|webapp|swift|ansible|unity|console|tumblr|export|campfire|conway\'|made|riak|hero|here|unix|unit|glas|smtp|how_|how-|how\\.|hot_|hot-|hot\\.|debug|release|diff|player|easy|right|old_|old-|old\\.|animate|time|push|explorer|course|training|nette|router|draft|structure|note|salt|where|spark|trello|power|method|social|via_|via-|via\\.|vim_|vim-|vim\\.|select|webkit|github|ftp_|ftp-|ftp\\.|creator|mongoose|led_|led-|led\\.|movie|currently|pdf_|pdf-|pdf\\.|load|markdown|phalcon|input|custom|atom|oracle|phonegap|ubuntu|great|rdf_|rdf-|rdf\\.|popcorn|firefox|zip_|zip-|zip\\.|cuda|dotfile|static|openwrt|viewer|powered|graphic|les_|les-|les\\.|doe_|doe-|doe\\.|maven|word|eclipse|lab_|lab-|lab\\.|hacking|steam|analytic|option|abstract|archive|reality|switcher|club|write|kafka|arduino|angular|online|title|don\'t|contao|notice|analyzer|learning|zend|external|staging|busines|tdd_|tdd-|tdd\\.|scanner|building|snippet|modular|bower|stm_|stm-|stm\\.|lib_|lib-|lib\\.|alpha|mobile|clean|linux|nginx|manifest|some|raspberry|gnome|ide_|ide-|ide\\.|block|statistic|info|drag|youtube|koan|facebook|paperclip|art_|art-|art\\.|quality|tab_|tab-|tab\\.|need|dojo|shield|computer|stat|state|twitter|utility|converter|hosting|devise|liferay|updated|force|tip_|tip-|tip\\.|behavior|active|call|answer|deck|better|principle|ches|bar_|bar-|bar\\.|reddit|three|haxe|just|plug-in|agile|manual|tetri|super|beta|parsing|doctrine|minecraft|useful|perl|sharing|agent|switch|view|dash|channel|repo|pebble|profiler|warning|cluster|running|markup|evented|mod_|mod-|mod\\.|share|csv_|csv-|csv\\.|response|good|house|connect|built|build|find|ipython|webgl|big_|big-|big\\.|google|scala|sdl_|sdl-|sdl\\.|sdk_|sdk-|sdk\\.|native|day_|day-|day\\.|puppet|text|routing|helper|linkedin|crawler|host|guard|merchant|poker|over|writing|free|classe|component|craft|nodej|phoenix|longer|quick|lazy|memory|clone|hacker|middleman|factory|motion|multiple|tornado|hack|ssh_|ssh-|ssh\\.|review|vimrc|driver|driven|blog|particle|table|intro|importer|thrift|xmpp|framework|refresh|react|font|librarie|variou|formatter|analysi|karma|scroll|tut_|tut-|tut\\.|apple|tag_|tag-|tag\\.|tab_|tab-|tab\\.|category|ionic|cache|homebrew|reverse|english|getting|shipping|clojure|boot|book|branch|combination|combo)) b949484e-7d11-4523-9b9f-d8a86f8f0257 (?!(^0x0*|^pub)|.*\\.(bin|json|exe)$|.*(?i)(Client|Factory)$|(^__[A-Za-z]+__$)|^(12345|abcd)|^\\d+(\\.\\d+)?$) b949484e-7d11-4523-9b9f-d8a86f8f0257 entropy (?i)(?:key|api|token|secret|client|passwd|password|auth|access)(?:[0-9a-z\\-_\\t.]{0,20})(?:[\\s|\']|[\\s|"]){0,3}(?:=|>|:=|\\|\\|:|<=|=>|:)(?:\'|@\\"|\\"|\\s|=|\\x60){0,5}(?!([a-z]+\\.[a-zA-Z]+)|.*(\\d{4}-\\d{2}-\\d{2})|:*(?!("|\'))[0-9A-Za-z]+\\.[0-9A-Za-z]+,|[A-Z]+_[A-Z]+_)(?P<CONTENT>[0-9a-z\\-_.=\\~@]{10,150})(?:[\'|\\"|\\n|\\r|\\s|\\x60|;]|$) (\\d\\.\\d\\.\\d-}|([\\d]{1,3}\\.[\\d]{1,3}\\.[\\d]{1,3}\\.[\\d]{1,3})|(\\w)\\1{5}|(?i)keywords|xxxx|eeeeeeee|0000|\\*\\*\\*|example|test|author=|author("|\')|preview|[A-Z]+_KEY|[.]value|[.]key|-\\d\\.\\d\\.) (\\w|\\.)\\1{5} .*((?i)omitted|arn:aws|(?i)(pub.*key|public.*key)|(?i)clientToken|symbol|cache|author\\.).*', PosixPath('attached_assets/Pasted-customer-subscription-created-Resend-More-options-Next-retry-in-43-minutes-Response-HTTP-status-co-1750694721144_1750694721145.txt'), 'config..semgrep.vendored-rules.generic.secrets.gitleaks.generic-api-key') match_id = ddc27ce420e56b8e136fe68812cf93fedd73538e2c4a6fb4eb531e5d1c1e5019aa6ad890dea68164dd779810a8cb00b911f1abe7a5233274edf1fecc7ccfa71e_0
2025-06-30 15:26:46,136 - semgrep.rule_match - DEBUG - match_key = ('b949484e-7d11-4523-9b9f-d8a86f8f0257 b949484e-7d11-4523-9b9f-d8a86f8f0257 (?!(?i).*(client|endpoint|vpn|_ec2_|aws_|authorize|author|define|config|credential|setting|sample|xxxxxx|000000|buffer|delete|aaaaaa|fewfwef|getenv|env_|system|example|ecdsa|sha256|sha1|sha2|md5|alert|wizard|target|onboard|welcome|page|exploit|experiment|expire|rabbitmq|scraper|widget|music|dns_|dns-|yahoo|want|json|action|script|fix_|fix-|develop|compas|stripe|service|master|metric|tech|gitignore|rich|open|stack|irc_|irc-|sublime|kohana|has_|has-|fabric|wordpres|role|osx_|osx-|boost|addres|queue|working|sandbox|internet|print|vision|tracking|being|generator|traffic|world|pull|rust|watcher|small|auth|full|hash|more|install|auto|complete|learn|paper|installer|research|acces|last|binding|spine|into|chat|algorithm|resource|uploader|video|maker|next|proc|lock|robot|snake|patch|matrix|drill|terminal|term|stuff|genetic|generic|identity|audit|pattern|audio|web_|web-|crud|problem|statu|cms-|cms_|arch|coffee|workflow|changelog|another|uiview|content|kitchen|gnu_|gnu-|gnu\\.|conf|couchdb|client|opencv|rendering|update|concept|varnish|gui_|gui-|gui\\.|version|shared|extra|product|still|not_|not-|not\\.|drop|ring|png_|png-|png\\.|actively|import|output|backup|start|embedded|registry|pool|semantic|instagram|bash|system|ninja|drupal|jquery|polyfill|physic|league|guide|pack|synopsi|sketch|injection|svg_|svg-|svg\\.|friendly|wave|convert|manage|camera|link|slide|timer|wrapper|gallery|url_|url-|url\\.|todomvc|requirej|party|http|payment|async|library|home|coco|gaia|display|universal|func|metadata|hipchat|under|room|config|personal|realtime|resume|database|testing|tiny|basic|forum|meetup|yet_|yet-|yet\\.|cento|dead|fluentd|editor|utilitie|run_|run-|run\\.|box_|box-|box\\.|bot_|bot-|bot\\.|making|sample|group|monitor|ajax|parallel|cassandra|ultimate|site|get_|get-|get\\.|gen_|gen-|gen\\.|gem_|gem-|gem\\.|extended|image|knife|asset|nested|zero|plugin|bracket|mule|mozilla|number|act_|act-|act\\.|map_|map-|map\\.|micro|debug|openshift|chart|expres|backend|task|source|translate|jbos|composer|sqlite|profile|mustache|mqtt|yeoman|have|builder|smart|like|oauth|school|guideline|captcha|filter|bitcoin|bridge|color|toolbox|discovery|new_|new-|new\\.|dashboard|when|setting|level|post|standard|port|platform|yui_|yui-|yui\\.|grunt|animation|haskell|icon|latex|cheat|lua_|lua-|lua\\.|gulp|case|author|without|simulator|wifi|directory|lisp|list|flat|adventure|story|storm|gpu_|gpu-|gpu\\.|store|caching|attention|solr|logger|demo|shortener|hadoop|finder|phone|pipeline|range|textmate|showcase|app_|app-|app\\.|idiomatic|edit|our_|our-|our\\.|out_|out-|out\\.|sentiment|linked|why_|why-|why\\.|local|cube|gmail|job_|job-|job\\.|rpc_|rpc-|rpc\\.|contest|tcp_|tcp-|tcp\\.|usage|buildout|weather|transfer|automated|sphinx|issue|sas_|sas-|sas\\.|parallax|jasmine|addon|machine|solution|dsl_|dsl-|dsl\\.|episode|menu|theme|best|adapter|debugger|chrome|tutorial|life|step|people|joomla|paypal|developer|solver|team|current|love|visual|date|data|canva|container|future|xml_|xml-|xml\\.|twig|nagio|spatial|original|sync|archived|refinery|science|mapping|gitlab|play|ext_|ext-|ext\\.|session|impact|set_|set-|set\\.|see_|see-|see\\.|migration|commit|community|shopify|what\'|cucumber|statamic|mysql|location|tower|line|code|amqp|hello|send|index|high|notebook|alloy|python|field|document|soap|edition|email|php_|php-|php\\.|command|transport|official|upload|study|secure|angularj|akka|scalable|package|request|con_|con-|con\\.|flexible|security|comment|module|flask|graph|flash|apache|change|window|space|lambda|sheet|bookmark|carousel|friend|objective|jekyll|bootstrap|first|article|gwt_|gwt-|gwt\\.|classic|media|websocket|touch|desktop|real|read|recorder|moved|storage|validator|add-on|pusher|scs_|scs-|scs\\.|inline|asp_|asp-|asp\\.|timeline|base|encoding|ffmpeg|kindle|tinymce|pretty|jpa_|jpa-|jpa\\.|used|user|required|webhook|download|resque|espresso|cloud|mongo|benchmark|pure|cakephp|modx|mode|reactive|fuel|written|flickr|mail|brunch|meteor|dynamic|neo_|neo-|neo\\.|new_|new-|new\\.|net_|net-|net\\.|typo|type|keyboard|erlang|adobe|logging|ckeditor|message|iso_|iso-|iso\\.|hook|ldap|folder|reference|railscast|www_|www-|www\\.|tracker|azure|fork|form|digital|exporter|skin|string|template|designer|gollum|fluent|entity|language|alfred|summary|wiki|kernel|calendar|plupload|symfony|foundry|remote|talk|search|dev_|dev-|dev\\.|del_|del-|del\\.|token|idea|sencha|selector|interface|create|fun_|fun-|fun\\.|groovy|query|grail|red_|red-|red\\.|laravel|monkey|slack|supported|instant|value|center|latest|work|but_|but-|but\\.|bug_|bug-|bug\\.|virtual|tweet|statsd|studio|path|real-time|frontend|notifier|coding|tool|firmware|flow|random|mediawiki|bosh|been|beer|lightbox|theory|origin|redmine|hub_|hub-|hub\\.|require|pro_|pro-|pro\\.|ant_|ant-|ant\\.|any_|any-|any\\.|recipe|closure|mapper|event|todo|model|redi|provider|rvm_|rvm-|rvm\\.|program|memcached|rail|silex|foreman|activity|license|strategy|batch|streaming|fast|use_|use-|use\\.|usb_|usb-|usb\\.|impres|academy|slider|please|layer|cros|now_|now-|now\\.|miner|extension|own_|own-|own\\.|app_|app-|app\\.|debian|symphony|example|feature|serie|tree|project|runner|entry|leetcode|layout|webrtc|logic|login|worker|toolkit|mocha|support|back|inside|device|jenkin|contact|fake|awesome|ocaml|bit_|bit-|bit\\.|drive|screen|prototype|gist|binary|nosql|rest|overview|dart|dark|emac|mongoid|solarized|homepage|emulator|commander|django|yandex|gradle|xcode|writer|crm_|crm-|crm\\.|jade|startup|error|using|format|name|spring|parser|scratch|magic|try_|try-|try\\.|rack|directive|challenge|slim|counter|element|chosen|doc_|doc-|doc\\.|meta|should|button|packet|stream|hardware|android|infinite|password|software|ghost|xamarin|spec|chef|interview|hubot|mvc_|mvc-|mvc\\.|exercise|leaflet|launcher|air_|air-|air\\.|photo|board|boxen|way_|way-|way\\.|computing|welcome|notepad|portfolio|cat_|cat-|cat\\.|can_|can-|can\\.|magento|yaml|domain|card|yii_|yii-|yii\\.|checker|browser|upgrade|only|progres|aura|ruby_|ruby-|ruby\\.|polymer|util|lite|hackathon|rule|log_|log-|log\\.|opengl|stanford|skeleton|history|inspector|help|soon|selenium|lab_|lab-|lab\\.|scheme|schema|look|ready|leveldb|docker|game|minimal|logstash|messaging|within|heroku|mongodb|kata|suite|picker|win_|win-|win\\.|wip_|wip-|wip\\.|panel|started|starter|front-end|detector|deploy|editing|based|admin|capture|spree|page|bundle|goal|rpg_|rpg-|rpg\\.|setup|side|mean|reader|cookbook|mini|modern|seed|dom_|dom-|dom\\.|doc_|doc-|doc\\.|dot_|dot-|dot\\.|syntax|sugar|loader|website|make|kit_|kit-|kit\\.|protocol|human|daemon|golang|manager|countdown|connector|swagger|map_|map-|map\\.|mac_|mac-|mac\\.|man_|man-|man\\.|orm_|orm-|orm\\.|org_|org-|org\\.|little|zsh_|zsh-|zsh\\.|shop|show|workshop|money|grid|server|octopres|svn_|svn-|svn\\.|ember|embed|general|file|important|dropbox|portable|public|docpad|fish|sbt_|sbt-|sbt\\.|done|para|network|common|readme|popup|simple|purpose|mirror|single|cordova|exchange|object|design|gateway|account|lamp|intellij|math|mit_|mit-|mit\\.|control|enhanced|emitter|multi|add_|add-|add\\.|about|socket|preview|vagrant|cli_|cli-|cli\\.|powerful|top_|top-|top\\.|radio|watch|fluid|amazon|report|couchbase|automatic|detection|sprite|pyramid|portal|advanced|plu_|plu-|plu\\.|runtime|git_|git-|git\\.|uri_|uri-|uri\\.|haml|node|sql_|sql-|sql\\.|cool|core|obsolete|handler|iphone|extractor|array|copy|nlp_|nlp-|nlp\\.|reveal|pop_|pop-|pop\\.|engine|parse|check|html|nest|all_|all-|all\\.|chinese|buildpack|what|tag_|tag-|tag\\.|proxy|style|cookie|feed|restful|compiler|creating|prelude|context|java|rspec|mock|backbone|light|spotify|flex|related|shell|which|clas|webapp|swift|ansible|unity|console|tumblr|export|campfire|conway\'|made|riak|hero|here|unix|unit|glas|smtp|how_|how-|how\\.|hot_|hot-|hot\\.|debug|release|diff|player|easy|right|old_|old-|old\\.|animate|time|push|explorer|course|training|nette|router|draft|structure|note|salt|where|spark|trello|power|method|social|via_|via-|via\\.|vim_|vim-|vim\\.|select|webkit|github|ftp_|ftp-|ftp\\.|creator|mongoose|led_|led-|led\\.|movie|currently|pdf_|pdf-|pdf\\.|load|markdown|phalcon|input|custom|atom|oracle|phonegap|ubuntu|great|rdf_|rdf-|rdf\\.|popcorn|firefox|zip_|zip-|zip\\.|cuda|dotfile|static|openwrt|viewer|powered|graphic|les_|les-|les\\.|doe_|doe-|doe\\.|maven|word|eclipse|lab_|lab-|lab\\.|hacking|steam|analytic|option|abstract|archive|reality|switcher|club|write|kafka|arduino|angular|online|title|don\'t|contao|notice|analyzer|learning|zend|external|staging|busines|tdd_|tdd-|tdd\\.|scanner|building|snippet|modular|bower|stm_|stm-|stm\\.|lib_|lib-|lib\\.|alpha|mobile|clean|linux|nginx|manifest|some|raspberry|gnome|ide_|ide-|ide\\.|block|statistic|info|drag|youtube|koan|facebook|paperclip|art_|art-|art\\.|quality|tab_|tab-|tab\\.|need|dojo|shield|computer|stat|state|twitter|utility|converter|hosting|devise|liferay|updated|force|tip_|tip-|tip\\.|behavior|active|call|answer|deck|better|principle|ches|bar_|bar-|bar\\.|reddit|three|haxe|just|plug-in|agile|manual|tetri|super|beta|parsing|doctrine|minecraft|useful|perl|sharing|agent|switch|view|dash|channel|repo|pebble|profiler|warning|cluster|running|markup|evented|mod_|mod-|mod\\.|share|csv_|csv-|csv\\.|response|good|house|connect|built|build|find|ipython|webgl|big_|big-|big\\.|google|scala|sdl_|sdl-|sdl\\.|sdk_|sdk-|sdk\\.|native|day_|day-|day\\.|puppet|text|routing|helper|linkedin|crawler|host|guard|merchant|poker|over|writing|free|classe|component|craft|nodej|phoenix|longer|quick|lazy|memory|clone|hacker|middleman|factory|motion|multiple|tornado|hack|ssh_|ssh-|ssh\\.|review|vimrc|driver|driven|blog|particle|table|intro|importer|thrift|xmpp|framework|refresh|react|font|librarie|variou|formatter|analysi|karma|scroll|tut_|tut-|tut\\.|apple|tag_|tag-|tag\\.|tab_|tab-|tab\\.|category|ionic|cache|homebrew|reverse|english|getting|shipping|clojure|boot|book|branch|combination|combo)) b949484e-7d11-4523-9b9f-d8a86f8f0257 (?!(^0x0*|^pub)|.*\\.(bin|json|exe)$|.*(?i)(Client|Factory)$|(^__[A-Za-z]+__$)|^(12345|abcd)|^\\d+(\\.\\d+)?$) b949484e-7d11-4523-9b9f-d8a86f8f0257 entropy (?i)(?:key|api|token|secret|client|passwd|password|auth|access)(?:[0-9a-z\\-_\\t.]{0,20})(?:[\\s|\']|[\\s|"]){0,3}(?:=|>|:=|\\|\\|:|<=|=>|:)(?:\'|@\\"|\\"|\\s|=|\\x60){0,5}(?!([a-z]+\\.[a-zA-Z]+)|.*(\\d{4}-\\d{2}-\\d{2})|:*(?!("|\'))[0-9A-Za-z]+\\.[0-9A-Za-z]+,|[A-Z]+_[A-Z]+_)(?P<CONTENT>[0-9a-z\\-_.=\\~@]{10,150})(?:[\'|\\"|\\n|\\r|\\s|\\x60|;]|$) (\\d\\.\\d\\.\\d-}|([\\d]{1,3}\\.[\\d]{1,3}\\.[\\d]{1,3}\\.[\\d]{1,3})|(\\w)\\1{5}|(?i)keywords|xxxx|eeeeeeee|0000|\\*\\*\\*|example|test|author=|author("|\')|preview|[A-Z]+_KEY|[.]value|[.]key|-\\d\\.\\d\\.) (\\w|\\.)\\1{5} .*((?i)omitted|arn:aws|(?i)(pub.*key|public.*key)|(?i)clientToken|symbol|cache|author\\.).*', PosixPath('attached_assets/Pasted-customer-subscription-created-Resend-More-options-Next-retry-in-43-minutes-Response-HTTP-status-co-1750694721144_1750694721145.txt'), 'config..semgrep.vendored-rules.generic.secrets.gitleaks.generic-api-key') match_id = ddc27ce420e56b8e136fe68812cf93fedd73538e2c4a6fb4eb531e5d1c1e5019aa6ad890dea68164dd779810a8cb00b911f1abe7a5233274edf1fecc7ccfa71e_0
2025-06-30 15:26:46,137 - semgrep.rule_match - DEBUG - match_key = ('', PosixPath('client/public/landing3.html'), 'config..semgrep.vendored-rules.html.security.audit.missing-integrity') match_id = 4c8c82ac1295f8de0542129e34ecd2c891b33bf532b3f203d8a553deff97c437c848fa469d7931816ec35b06d50487b706aacc3d48f99d8455cc5fc758344453_0
2025-06-30 15:26:46,138 - semgrep.rule_match - DEBUG - match_key = (' src="https://cdn.tailwindcss.com" (?is).*integrity= (google-analytics\\.com|fonts\\.googleapis\\.com|fonts\\.gstatic\\.com|googletagmanager\\.com) .*rel\\s*=\\s*[\'"]?preconnect.* href="... :// ..." href="//..." href=\'... :// ...\' href=\'//...\' src="... :// ..." src="//..." src=\'... :// ...\' src=\'//...\' <link  src="https://cdn.tailwindcss.com" > <script  src="https://cdn.tailwindcss.com" >...</script>', PosixPath('client/public/landing3.html'), 'config..semgrep.vendored-rules.html.security.audit.missing-integrity') match_id = da560889939cd02115e37aaf2ec9161f64d148d26e84340eee762a81c205e6dcab9b24dd763d9597385609bfaa6cf7899ce8f79ad391fe8bec9e45408bf36443_0
2025-06-30 15:26:46,138 - semgrep.rule_match - DEBUG - match_key = (' src="https://cdn.tailwindcss.com" (?is).*integrity= (google-analytics\\.com|fonts\\.googleapis\\.com|fonts\\.gstatic\\.com|googletagmanager\\.com) .*rel\\s*=\\s*[\'"]?preconnect.* href="... :// ..." href="//..." href=\'... :// ...\' href=\'//...\' src="... :// ..." src="//..." src=\'... :// ...\' src=\'//...\' <link  src="https://cdn.tailwindcss.com" > <script  src="https://cdn.tailwindcss.com" >...</script>', PosixPath('client/public/landing3.html'), 'config..semgrep.vendored-rules.html.security.audit.missing-integrity') match_id = da560889939cd02115e37aaf2ec9161f64d148d26e84340eee762a81c205e6dcab9b24dd763d9597385609bfaa6cf7899ce8f79ad391fe8bec9e45408bf36443_0
2025-06-30 15:26:46,139 - semgrep.rule_match - DEBUG - match_key = (' src="https://cdn.tailwindcss.com" (?is).*integrity= (google-analytics\\.com|fonts\\.googleapis\\.com|fonts\\.gstatic\\.com|googletagmanager\\.com) .*rel\\s*=\\s*[\'"]?preconnect.* href="... :// ..." href="//..." href=\'... :// ...\' href=\'//...\' src="... :// ..." src="//..." src=\'... :// ...\' src=\'//...\' <link  src="https://cdn.tailwindcss.com" > <script  src="https://cdn.tailwindcss.com" >...</script>', PosixPath('client/public/landing3.html'), 'config..semgrep.vendored-rules.html.security.audit.missing-integrity') match_id = da560889939cd02115e37aaf2ec9161f64d148d26e84340eee762a81c205e6dcab9b24dd763d9597385609bfaa6cf7899ce8f79ad391fe8bec9e45408bf36443_0
2025-06-30 15:26:46,139 - semgrep.rule_match - DEBUG - match_key = ('', PosixPath('client/public/landing3.html'), 'config..semgrep.vendored-rules.html.security.audit.missing-integrity') match_id = 4c8c82ac1295f8de0542129e34ecd2c891b33bf532b3f203d8a553deff97c437c848fa469d7931816ec35b06d50487b706aacc3d48f99d8455cc5fc758344453_0
2025-06-30 15:26:46,140 - semgrep.rule_match - DEBUG - match_key = (' src="https://www.gstatic.com/firebasejs/9.23.0/firebase-app-compat.js" (?is).*integrity= (google-analytics\\.com|fonts\\.googleapis\\.com|fonts\\.gstatic\\.com|googletagmanager\\.com) .*rel\\s*=\\s*[\'"]?preconnect.* href="... :// ..." href="//..." href=\'... :// ...\' href=\'//...\' src="... :// ..." src="//..." src=\'... :// ...\' src=\'//...\' <link  src="https://www.gstatic.com/firebasejs/9.23.0/firebase-app-compat.js" > <script  src="https://www.gstatic.com/firebasejs/9.23.0/firebase-app-compat.js" >...</script>', PosixPath('client/public/landing3.html'), 'config..semgrep.vendored-rules.html.security.audit.missing-integrity') match_id = dd8f02dc4136eca2f4cd7c98f1e88e7da79e2e56231889bae7d6ecc2d4aca2bd53ea365b9b47f24acef70ce85fdcef8d35c787b2a8c7ae0f57103aa99fe08577_0
2025-06-30 15:26:46,141 - semgrep.rule_match - DEBUG - match_key = (' src="https://www.gstatic.com/firebasejs/9.23.0/firebase-app-compat.js" (?is).*integrity= (google-analytics\\.com|fonts\\.googleapis\\.com|fonts\\.gstatic\\.com|googletagmanager\\.com) .*rel\\s*=\\s*[\'"]?preconnect.* href="... :// ..." href="//..." href=\'... :// ...\' href=\'//...\' src="... :// ..." src="//..." src=\'... :// ...\' src=\'//...\' <link  src="https://www.gstatic.com/firebasejs/9.23.0/firebase-app-compat.js" > <script  src="https://www.gstatic.com/firebasejs/9.23.0/firebase-app-compat.js" >...</script>', PosixPath('client/public/landing3.html'), 'config..semgrep.vendored-rules.html.security.audit.missing-integrity') match_id = dd8f02dc4136eca2f4cd7c98f1e88e7da79e2e56231889bae7d6ecc2d4aca2bd53ea365b9b47f24acef70ce85fdcef8d35c787b2a8c7ae0f57103aa99fe08577_0
2025-06-30 15:26:46,141 - semgrep.rule_match - DEBUG - match_key = (' src="https://www.gstatic.com/firebasejs/9.23.0/firebase-app-compat.js" (?is).*integrity= (google-analytics\\.com|fonts\\.googleapis\\.com|fonts\\.gstatic\\.com|googletagmanager\\.com) .*rel\\s*=\\s*[\'"]?preconnect.* href="... :// ..." href="//..." href=\'... :// ...\' href=\'//...\' src="... :// ..." src="//..." src=\'... :// ...\' src=\'//...\' <link  src="https://www.gstatic.com/firebasejs/9.23.0/firebase-app-compat.js" > <script  src="https://www.gstatic.com/firebasejs/9.23.0/firebase-app-compat.js" >...</script>', PosixPath('client/public/landing3.html'), 'config..semgrep.vendored-rules.html.security.audit.missing-integrity') match_id = dd8f02dc4136eca2f4cd7c98f1e88e7da79e2e56231889bae7d6ecc2d4aca2bd53ea365b9b47f24acef70ce85fdcef8d35c787b2a8c7ae0f57103aa99fe08577_0
2025-06-30 15:26:46,142 - semgrep.rule_match - DEBUG - match_key = ('', PosixPath('client/public/landing3.html'), 'config..semgrep.vendored-rules.html.security.audit.missing-integrity') match_id = 4c8c82ac1295f8de0542129e34ecd2c891b33bf532b3f203d8a553deff97c437c848fa469d7931816ec35b06d50487b706aacc3d48f99d8455cc5fc758344453_0
2025-06-30 15:26:46,143 - semgrep.rule_match - DEBUG - match_key = (' src="https://www.gstatic.com/firebasejs/9.23.0/firebase-auth-compat.js" (?is).*integrity= (google-analytics\\.com|fonts\\.googleapis\\.com|fonts\\.gstatic\\.com|googletagmanager\\.com) .*rel\\s*=\\s*[\'"]?preconnect.* href="... :// ..." href="//..." href=\'... :// ...\' href=\'//...\' src="... :// ..." src="//..." src=\'... :// ...\' src=\'//...\' <link  src="https://www.gstatic.com/firebasejs/9.23.0/firebase-auth-compat.js" > <script  src="https://www.gstatic.com/firebasejs/9.23.0/firebase-auth-compat.js" >...</script>', PosixPath('client/public/landing3.html'), 'config..semgrep.vendored-rules.html.security.audit.missing-integrity') match_id = 4c8c6d1ab4916d34d0ac318c41e71af12cbbe8c83212f9c3a46e6411b0c5d1d5fa1c8428bb5a007cf1dd151e1fff70a8ee69e7f83293346dcda33ed173224e16_0
2025-06-30 15:26:46,144 - semgrep.rule_match - DEBUG - match_key = (' src="https://www.gstatic.com/firebasejs/9.23.0/firebase-auth-compat.js" (?is).*integrity= (google-analytics\\.com|fonts\\.googleapis\\.com|fonts\\.gstatic\\.com|googletagmanager\\.com) .*rel\\s*=\\s*[\'"]?preconnect.* href="... :// ..." href="//..." href=\'... :// ...\' href=\'//...\' src="... :// ..." src="//..." src=\'... :// ...\' src=\'//...\' <link  src="https://www.gstatic.com/firebasejs/9.23.0/firebase-auth-compat.js" > <script  src="https://www.gstatic.com/firebasejs/9.23.0/firebase-auth-compat.js" >...</script>', PosixPath('client/public/landing3.html'), 'config..semgrep.vendored-rules.html.security.audit.missing-integrity') match_id = 4c8c6d1ab4916d34d0ac318c41e71af12cbbe8c83212f9c3a46e6411b0c5d1d5fa1c8428bb5a007cf1dd151e1fff70a8ee69e7f83293346dcda33ed173224e16_0
2025-06-30 15:26:46,144 - semgrep.rule_match - DEBUG - match_key = (' src="https://www.gstatic.com/firebasejs/9.23.0/firebase-auth-compat.js" (?is).*integrity= (google-analytics\\.com|fonts\\.googleapis\\.com|fonts\\.gstatic\\.com|googletagmanager\\.com) .*rel\\s*=\\s*[\'"]?preconnect.* href="... :// ..." href="//..." href=\'... :// ...\' href=\'//...\' src="... :// ..." src="//..." src=\'... :// ...\' src=\'//...\' <link  src="https://www.gstatic.com/firebasejs/9.23.0/firebase-auth-compat.js" > <script  src="https://www.gstatic.com/firebasejs/9.23.0/firebase-auth-compat.js" >...</script>', PosixPath('client/public/landing3.html'), 'config..semgrep.vendored-rules.html.security.audit.missing-integrity') match_id = 4c8c6d1ab4916d34d0ac318c41e71af12cbbe8c83212f9c3a46e6411b0c5d1d5fa1c8428bb5a007cf1dd151e1fff70a8ee69e7f83293346dcda33ed173224e16_0
2025-06-30 15:26:46,145 - semgrep.rule_match - DEBUG - match_key = ('', PosixPath('client/public/privacy.html'), 'config..semgrep.vendored-rules.html.security.audit.missing-integrity') match_id = 460c5d69e7a91825df200fb4d0f8e54fc66776b408774f3e7241b9dc6fc53d4da71a1b412d56bfd3885febdf4a3c1a32caf51d623f6f1bfd6294ca597e3b1579_0
2025-06-30 15:26:46,145 - semgrep.rule_match - DEBUG - match_key = (' rel="canonical" href="https://5ducks.ai/privacy" (?is).*integrity= (google-analytics\\.com|fonts\\.googleapis\\.com|fonts\\.gstatic\\.com|googletagmanager\\.com) .*rel\\s*=\\s*[\'"]?preconnect.* href="... :// ..." href="//..." href=\'... :// ...\' href=\'//...\' src="... :// ..." src="//..." src=\'... :// ...\' src=\'//...\' <link  rel="canonical" href="https://5ducks.ai/privacy" > <script  rel="canonical" href="https://5ducks.ai/privacy" >...</script>', PosixPath('client/public/privacy.html'), 'config..semgrep.vendored-rules.html.security.audit.missing-integrity') match_id = 5d8431ed5fe566a894a9c8fecf1331279f60af9e5da9cc37e7579a81d8ba696ad328889100b001a2e33fd82cb141651750fb5a9fd11b0784bf66cc0928846d0e_0
2025-06-30 15:26:46,145 - semgrep.rule_match - DEBUG - match_key = (' rel="canonical" href="https://5ducks.ai/privacy" (?is).*integrity= (google-analytics\\.com|fonts\\.googleapis\\.com|fonts\\.gstatic\\.com|googletagmanager\\.com) .*rel\\s*=\\s*[\'"]?preconnect.* href="... :// ..." href="//..." href=\'... :// ...\' href=\'//...\' src="... :// ..." src="//..." src=\'... :// ...\' src=\'//...\' <link  rel="canonical" href="https://5ducks.ai/privacy" > <script  rel="canonical" href="https://5ducks.ai/privacy" >...</script>', PosixPath('client/public/privacy.html'), 'config..semgrep.vendored-rules.html.security.audit.missing-integrity') match_id = 5d8431ed5fe566a894a9c8fecf1331279f60af9e5da9cc37e7579a81d8ba696ad328889100b001a2e33fd82cb141651750fb5a9fd11b0784bf66cc0928846d0e_0
2025-06-30 15:26:46,146 - semgrep.rule_match - DEBUG - match_key = (' rel="canonical" href="https://5ducks.ai/privacy" (?is).*integrity= (google-analytics\\.com|fonts\\.googleapis\\.com|fonts\\.gstatic\\.com|googletagmanager\\.com) .*rel\\s*=\\s*[\'"]?preconnect.* href="... :// ..." href="//..." href=\'... :// ...\' href=\'//...\' src="... :// ..." src="//..." src=\'... :// ...\' src=\'//...\' <link  rel="canonical" href="https://5ducks.ai/privacy" > <script  rel="canonical" href="https://5ducks.ai/privacy" >...</script>', PosixPath('client/public/privacy.html'), 'config..semgrep.vendored-rules.html.security.audit.missing-integrity') match_id = 5d8431ed5fe566a894a9c8fecf1331279f60af9e5da9cc37e7579a81d8ba696ad328889100b001a2e33fd82cb141651750fb5a9fd11b0784bf66cc0928846d0e_0
2025-06-30 15:26:46,146 - semgrep.rule_match - DEBUG - match_key = ('', PosixPath('client/src/components/credit-upgrade-dropdown.tsx'), 'config..semgrep.vendored-rules.javascript.browser.security.js-open-redirect-from-function') match_id = b07855d5be14d9765f92de6c23bb988c4931b9ca912dbe945ccf816446779031241b6d0e0a20ea2628a011b2a90e4b6795c472ed6e470aaef64ab85a5df62605_0
2025-06-30 15:26:46,147 - semgrep.rule_match - DEBUG - match_key = ('"..." + $VALUE\n `...${$VALUE}`\n data.checkoutUrl data.checkoutUrl location.href = data.checkoutUrl location.replace(data.checkoutUrl) this.location.href = data.checkoutUrl this.location.replace(data.checkoutUrl) this.window.location.href = data.checkoutUrl this.window.location.replace(data.checkoutUrl) window.location.href = data.checkoutUrl window.location.replace(data.checkoutUrl) planId function ... (..., planId, ...) { ... }\n', PosixPath('client/src/components/credit-upgrade-dropdown.tsx'), 'config..semgrep.vendored-rules.javascript.browser.security.js-open-redirect-from-function') match_id = d36d25dbe521bb7835483ad447bd34d293e12a93d54bf45733851e87062c136d2705a890c367a9ac3da4e06ade9c285aed7bbab7466b01db2ab50dab498364fe_0
2025-06-30 15:26:46,147 - semgrep.rule_match - DEBUG - match_key = ('"..." + $VALUE\n `...${$VALUE}`\n data.checkoutUrl data.checkoutUrl location.href = data.checkoutUrl location.replace(data.checkoutUrl) this.location.href = data.checkoutUrl this.location.replace(data.checkoutUrl) this.window.location.href = data.checkoutUrl this.window.location.replace(data.checkoutUrl) window.location.href = data.checkoutUrl window.location.replace(data.checkoutUrl) planId function ... (..., planId, ...) { ... }\n', PosixPath('client/src/components/credit-upgrade-dropdown.tsx'), 'config..semgrep.vendored-rules.javascript.browser.security.js-open-redirect-from-function') match_id = d36d25dbe521bb7835483ad447bd34d293e12a93d54bf45733851e87062c136d2705a890c367a9ac3da4e06ade9c285aed7bbab7466b01db2ab50dab498364fe_0
2025-06-30 15:26:46,148 - semgrep.rule_match - DEBUG - match_key = ('"..." + $VALUE\n `...${$VALUE}`\n data.checkoutUrl data.checkoutUrl location.href = data.checkoutUrl location.replace(data.checkoutUrl) this.location.href = data.checkoutUrl this.location.replace(data.checkoutUrl) this.window.location.href = data.checkoutUrl this.window.location.replace(data.checkoutUrl) window.location.href = data.checkoutUrl window.location.replace(data.checkoutUrl) planId function ... (..., planId, ...) { ... }\n', PosixPath('client/src/components/credit-upgrade-dropdown.tsx'), 'config..semgrep.vendored-rules.javascript.browser.security.js-open-redirect-from-function') match_id = d36d25dbe521bb7835483ad447bd34d293e12a93d54bf45733851e87062c136d2705a890c367a9ac3da4e06ade9c285aed7bbab7466b01db2ab50dab498364fe_0
2025-06-30 15:26:46,148 - semgrep.rule_match - DEBUG - match_key = ('', PosixPath('client/src/components/prompt-editor.tsx'), 'config..semgrep.vendored-rules.javascript.lang.security.audit.unsafe-formatstring') match_id = fc912cf9ed754adb503af48a6a1241acad023a8a574ce7d2d6c49fddcdfb8bc8058e4adfc95247218392e149d4ab316d9ee1b535b0fc7ac25a198e2686f75b7b_0
2025-06-30 15:26:46,149 - semgrep.rule_match - DEBUG - match_key = ('"..." + "..."\n $X + $Y $X.concat($Y) `...${...}...`\n $X.concat("...")\n ``Failed to refresh contacts for company company.id:` $UTIL = require(\'util\')\n...\n $UTIL.format(``Failed to refresh contacts for company company.id:`,response.status,...)\n console.error(``Failed to refresh contacts for company company.id:`,response.status,...)\n', PosixPath('client/src/components/prompt-editor.tsx'), 'config..semgrep.vendored-rules.javascript.lang.security.audit.unsafe-formatstring') match_id = 5355d047bb00facf79db8002969efb6a606f19fc112f52d9e81d6c22e7c6a3cd90e74b5dc7fa592085a69c8a987aa2cc24a02c2022ef38974624fd13027614cd_0
2025-06-30 15:26:46,149 - semgrep.rule_match - DEBUG - match_key = ('"..." + "..."\n $X + $Y $X.concat($Y) `...${...}...`\n $X.concat("...")\n ``Failed to refresh contacts for company company.id:` $UTIL = require(\'util\')\n...\n $UTIL.format(``Failed to refresh contacts for company company.id:`,response.status,...)\n console.error(``Failed to refresh contacts for company company.id:`,response.status,...)\n', PosixPath('client/src/components/prompt-editor.tsx'), 'config..semgrep.vendored-rules.javascript.lang.security.audit.unsafe-formatstring') match_id = 5355d047bb00facf79db8002969efb6a606f19fc112f52d9e81d6c22e7c6a3cd90e74b5dc7fa592085a69c8a987aa2cc24a02c2022ef38974624fd13027614cd_0
2025-06-30 15:26:46,150 - semgrep.rule_match - DEBUG - match_key = ('"..." + "..."\n $X + $Y $X.concat($Y) `...${...}...`\n $X.concat("...")\n ``Failed to refresh contacts for company company.id:` $UTIL = require(\'util\')\n...\n $UTIL.format(``Failed to refresh contacts for company company.id:`,response.status,...)\n console.error(``Failed to refresh contacts for company company.id:`,response.status,...)\n', PosixPath('client/src/components/prompt-editor.tsx'), 'config..semgrep.vendored-rules.javascript.lang.security.audit.unsafe-formatstring') match_id = 5355d047bb00facf79db8002969efb6a606f19fc112f52d9e81d6c22e7c6a3cd90e74b5dc7fa592085a69c8a987aa2cc24a02c2022ef38974624fd13027614cd_0
2025-06-30 15:26:46,150 - semgrep.rule_match - DEBUG - match_key = ('', PosixPath('client/src/components/prompt-editor.tsx'), 'config..semgrep.vendored-rules.javascript.lang.security.audit.unsafe-formatstring') match_id = fc912cf9ed754adb503af48a6a1241acad023a8a574ce7d2d6c49fddcdfb8bc8058e4adfc95247218392e149d4ab316d9ee1b535b0fc7ac25a198e2686f75b7b_0
2025-06-30 15:26:46,151 - semgrep.rule_match - DEBUG - match_key = ('"..." + "..."\n $X + $Y $X.concat($Y) `...${...}...`\n $X.concat("...")\n ``Failed to refresh contacts for company company.id:` $UTIL = require(\'util\')\n...\n $UTIL.format(``Failed to refresh contacts for company company.id:`,error,...)\n console.error(``Failed to refresh contacts for company company.id:`,error,...)\n', PosixPath('client/src/components/prompt-editor.tsx'), 'config..semgrep.vendored-rules.javascript.lang.security.audit.unsafe-formatstring') match_id = 4df3e0e15b68773e98aa51eb74e513b6dfad36f273a4d7973093690e702d7b7ce368091456692292ddab3ba9fbe189edda16cb59dca6dedadc7945610437f03c_0
2025-06-30 15:26:46,151 - semgrep.rule_match - DEBUG - match_key = ('"..." + "..."\n $X + $Y $X.concat($Y) `...${...}...`\n $X.concat("...")\n ``Failed to refresh contacts for company company.id:` $UTIL = require(\'util\')\n...\n $UTIL.format(``Failed to refresh contacts for company company.id:`,error,...)\n console.error(``Failed to refresh contacts for company company.id:`,error,...)\n', PosixPath('client/src/components/prompt-editor.tsx'), 'config..semgrep.vendored-rules.javascript.lang.security.audit.unsafe-formatstring') match_id = 4df3e0e15b68773e98aa51eb74e513b6dfad36f273a4d7973093690e702d7b7ce368091456692292ddab3ba9fbe189edda16cb59dca6dedadc7945610437f03c_0
2025-06-30 15:26:46,152 - semgrep.rule_match - DEBUG - match_key = ('"..." + "..."\n $X + $Y $X.concat($Y) `...${...}...`\n $X.concat("...")\n ``Failed to refresh contacts for company company.id:` $UTIL = require(\'util\')\n...\n $UTIL.format(``Failed to refresh contacts for company company.id:`,error,...)\n console.error(``Failed to refresh contacts for company company.id:`,error,...)\n', PosixPath('client/src/components/prompt-editor.tsx'), 'config..semgrep.vendored-rules.javascript.lang.security.audit.unsafe-formatstring') match_id = 4df3e0e15b68773e98aa51eb74e513b6dfad36f273a4d7973093690e702d7b7ce368091456692292ddab3ba9fbe189edda16cb59dca6dedadc7945610437f03c_0
2025-06-30 15:26:46,152 - semgrep.rule_match - DEBUG - match_key = ('', PosixPath('client/src/components/ui/seo-head.tsx'), 'config..semgrep.vendored-rules.typescript.react.security.audit.react-dangerouslysetinnerhtml') match_id = d377de403e1a4be69f5171de568963b610ee8dbb58b902285d68525e436b73bbdd3d799e4d2f0ba3a46f302b66e2ab89ea3e6c0886c7a81b415ee390fb882442_0
2025-06-30 15:26:46,153 - semgrep.rule_match - DEBUG - match_key = ('$F. ... .$SANITIZEUNC(...)\n {title\'5Ducks - Sales Prospecting and Lead Generation\'description\'Discover potential clients and enrich your contact database with the 5Ducks sales prospecting platform.\'canonicalUrl canonicalUrl image\'https://5ducks.ai/images/5Ducks-logo-square-lrg.png\'type\'website\'twitterCard\'summary\'jsonLd jsonLd}SEOProps function ...(..., {title\'5Ducks - Sales Prospecting and Lead Generation\'description\'Discover potential clients and enrich your contact database with the 5Ducks sales prospecting platform.\'canonicalUrl canonicalUrl image\'https://5ducks.ai/images/5Ducks-logo-square-lrg.png\'type\'website\'twitterCard\'summary\'jsonLd jsonLd}SEOProps, ...) { ... }\n function ...({..., {title\'5Ducks - Sales Prospecting and Lead Generation\'description\'Discover potential clients and enrich your contact database with the 5Ducks sales prospecting platform.\'canonicalUrl canonicalUrl image\'https://5ducks.ai/images/5Ducks-logo-square-lrg.png\'type\'website\'twitterCard\'summary\'jsonLd jsonLd}SEOProps, ...}) { ... }\n {title\'5Ducks - Sales Prospecting and Lead Generation\'description\'Discover potential clients and enrich your contact database with the 5Ducks sales prospecting platform.\'canonicalUrl canonicalUrl image\'https://5ducks.ai/images/5Ducks-logo-square-lrg.png\'type\'website\'twitterCard\'summary\'jsonLd jsonLd}SEOProps {title\'5Ducks - Sales Prospecting and Lead Generation\'description\'Discover potential clients and enrich your contact database with the 5Ducks sales prospecting platform.\'canonicalUrl canonicalUrl image\'https://5ducks.ai/images/5Ducks-logo-square-lrg.png\'type\'website\'twitterCard\'summary\'jsonLd jsonLd}SEOProps {...}\n <script ... dangerouslySetInnerHTML={{__html: "..."}} />\n <script ... dangerouslySetInnerHTML={{__html: {title\'5Ducks - Sales Prospecting and Lead Generation\'description\'Discover potential clients and enrich your contact database with the 5Ducks sales prospecting platform.\'canonicalUrl canonicalUrl image\'https://5ducks.ai/images/5Ducks-logo-square-lrg.png\'type\'website\'twitterCard\'summary\'jsonLd jsonLd}SEOProps}} />\n {...,dangerouslySetInnerHTML: {__html: {title\'5Ducks - Sales Prospecting and Lead Generation\'description\'Discover potential clients and enrich your contact database with the 5Ducks sales prospecting platform.\'canonicalUrl canonicalUrl image\'https://5ducks.ai/images/5Ducks-logo-square-lrg.png\'type\'website\'twitterCard\'summary\'jsonLd jsonLd}SEOProps},...}\n <... {__html: "..."} ...>\n <... {__html: `...`} ...>\n {...,dangerouslySetInnerHTML:{__html: "..."},...}\n', PosixPath('client/src/components/ui/seo-head.tsx'), 'config..semgrep.vendored-rules.typescript.react.security.audit.react-dangerouslysetinnerhtml') match_id = 7eb09e26ffa522037f412839c9edcaa4990f6403494dc876c420971a9c3120db57b37eaed5b915a51dd543f54c0aa4066ec1f83e66f8bd8d8589b0648db9ccd8_0
2025-06-30 15:26:46,153 - semgrep.rule_match - DEBUG - match_key = ('$F. ... .$SANITIZEUNC(...)\n {title\'5Ducks - Sales Prospecting and Lead Generation\'description\'Discover potential clients and enrich your contact database with the 5Ducks sales prospecting platform.\'canonicalUrl canonicalUrl image\'https://5ducks.ai/images/5Ducks-logo-square-lrg.png\'type\'website\'twitterCard\'summary\'jsonLd jsonLd}SEOProps function ...(..., {title\'5Ducks - Sales Prospecting and Lead Generation\'description\'Discover potential clients and enrich your contact database with the 5Ducks sales prospecting platform.\'canonicalUrl canonicalUrl image\'https://5ducks.ai/images/5Ducks-logo-square-lrg.png\'type\'website\'twitterCard\'summary\'jsonLd jsonLd}SEOProps, ...) { ... }\n function ...({..., {title\'5Ducks - Sales Prospecting and Lead Generation\'description\'Discover potential clients and enrich your contact database with the 5Ducks sales prospecting platform.\'canonicalUrl canonicalUrl image\'https://5ducks.ai/images/5Ducks-logo-square-lrg.png\'type\'website\'twitterCard\'summary\'jsonLd jsonLd}SEOProps, ...}) { ... }\n {title\'5Ducks - Sales Prospecting and Lead Generation\'description\'Discover potential clients and enrich your contact database with the 5Ducks sales prospecting platform.\'canonicalUrl canonicalUrl image\'https://5ducks.ai/images/5Ducks-logo-square-lrg.png\'type\'website\'twitterCard\'summary\'jsonLd jsonLd}SEOProps {title\'5Ducks - Sales Prospecting and Lead Generation\'description\'Discover potential clients and enrich your contact database with the 5Ducks sales prospecting platform.\'canonicalUrl canonicalUrl image\'https://5ducks.ai/images/5Ducks-logo-square-lrg.png\'type\'website\'twitterCard\'summary\'jsonLd jsonLd}SEOProps {...}\n <script ... dangerouslySetInnerHTML={{__html: "..."}} />\n <script ... dangerouslySetInnerHTML={{__html: {title\'5Ducks - Sales Prospecting and Lead Generation\'description\'Discover potential clients and enrich your contact database with the 5Ducks sales prospecting platform.\'canonicalUrl canonicalUrl image\'https://5ducks.ai/images/5Ducks-logo-square-lrg.png\'type\'website\'twitterCard\'summary\'jsonLd jsonLd}SEOProps}} />\n {...,dangerouslySetInnerHTML: {__html: {title\'5Ducks - Sales Prospecting and Lead Generation\'description\'Discover potential clients and enrich your contact database with the 5Ducks sales prospecting platform.\'canonicalUrl canonicalUrl image\'https://5ducks.ai/images/5Ducks-logo-square-lrg.png\'type\'website\'twitterCard\'summary\'jsonLd jsonLd}SEOProps},...}\n <... {__html: "..."} ...>\n <... {__html: `...`} ...>\n {...,dangerouslySetInnerHTML:{__html: "..."},...}\n', PosixPath('client/src/components/ui/seo-head.tsx'), 'config..semgrep.vendored-rules.typescript.react.security.audit.react-dangerouslysetinnerhtml') match_id = 7eb09e26ffa522037f412839c9edcaa4990f6403494dc876c420971a9c3120db57b37eaed5b915a51dd543f54c0aa4066ec1f83e66f8bd8d8589b0648db9ccd8_0
2025-06-30 15:26:46,154 - semgrep.rule_match - DEBUG - match_key = ('$F. ... .$SANITIZEUNC(...)\n {title\'5Ducks - Sales Prospecting and Lead Generation\'description\'Discover potential clients and enrich your contact database with the 5Ducks sales prospecting platform.\'canonicalUrl canonicalUrl image\'https://5ducks.ai/images/5Ducks-logo-square-lrg.png\'type\'website\'twitterCard\'summary\'jsonLd jsonLd}SEOProps function ...(..., {title\'5Ducks - Sales Prospecting and Lead Generation\'description\'Discover potential clients and enrich your contact database with the 5Ducks sales prospecting platform.\'canonicalUrl canonicalUrl image\'https://5ducks.ai/images/5Ducks-logo-square-lrg.png\'type\'website\'twitterCard\'summary\'jsonLd jsonLd}SEOProps, ...) { ... }\n function ...({..., {title\'5Ducks - Sales Prospecting and Lead Generation\'description\'Discover potential clients and enrich your contact database with the 5Ducks sales prospecting platform.\'canonicalUrl canonicalUrl image\'https://5ducks.ai/images/5Ducks-logo-square-lrg.png\'type\'website\'twitterCard\'summary\'jsonLd jsonLd}SEOProps, ...}) { ... }\n {title\'5Ducks - Sales Prospecting and Lead Generation\'description\'Discover potential clients and enrich your contact database with the 5Ducks sales prospecting platform.\'canonicalUrl canonicalUrl image\'https://5ducks.ai/images/5Ducks-logo-square-lrg.png\'type\'website\'twitterCard\'summary\'jsonLd jsonLd}SEOProps {title\'5Ducks - Sales Prospecting and Lead Generation\'description\'Discover potential clients and enrich your contact database with the 5Ducks sales prospecting platform.\'canonicalUrl canonicalUrl image\'https://5ducks.ai/images/5Ducks-logo-square-lrg.png\'type\'website\'twitterCard\'summary\'jsonLd jsonLd}SEOProps {...}\n <script ... dangerouslySetInnerHTML={{__html: "..."}} />\n <script ... dangerouslySetInnerHTML={{__html: {title\'5Ducks - Sales Prospecting and Lead Generation\'description\'Discover potential clients and enrich your contact database with the 5Ducks sales prospecting platform.\'canonicalUrl canonicalUrl image\'https://5ducks.ai/images/5Ducks-logo-square-lrg.png\'type\'website\'twitterCard\'summary\'jsonLd jsonLd}SEOProps}} />\n {...,dangerouslySetInnerHTML: {__html: {title\'5Ducks - Sales Prospecting and Lead Generation\'description\'Discover potential clients and enrich your contact database with the 5Ducks sales prospecting platform.\'canonicalUrl canonicalUrl image\'https://5ducks.ai/images/5Ducks-logo-square-lrg.png\'type\'website\'twitterCard\'summary\'jsonLd jsonLd}SEOProps},...}\n <... {__html: "..."} ...>\n <... {__html: `...`} ...>\n {...,dangerouslySetInnerHTML:{__html: "..."},...}\n', PosixPath('client/src/components/ui/seo-head.tsx'), 'config..semgrep.vendored-rules.typescript.react.security.audit.react-dangerouslysetinnerhtml') match_id = 7eb09e26ffa522037f412839c9edcaa4990f6403494dc876c420971a9c3120db57b37eaed5b915a51dd543f54c0aa4066ec1f83e66f8bd8d8589b0648db9ccd8_0
2025-06-30 15:26:46,154 - semgrep.rule_match - DEBUG - match_key = ('', PosixPath('client/src/lib/analytics.ts'), 'config..semgrep.vendored-rules.javascript.browser.security.insecure-innerhtml') match_id = b75d481af7a38df27b9a75e5044c9dc53e92fabeedc0075ef3cddf08f6d92256cb65de8aeba27fc254801df023f50441ca92c17791bdb24e4bfaede435a2461b_0
2025-06-30 15:26:46,155 - semgrep.rule_match - DEBUG - match_key = ('script2.innerHTML = "...";\n script2.innerHTML = ``\n    window.dataLayer = window.dataLayer || [];\n    function gtag(){dataLayer.push(arguments);}\n    gtag(\'js\', new Date());\n    gtag(\'config\', \'measurementId\');\n  `;\n', PosixPath('client/src/lib/analytics.ts'), 'config..semgrep.vendored-rules.javascript.browser.security.insecure-innerhtml') match_id = e2b825e92485b8fab4d94369731ea33ade64f6dddbb45d4fb81605c78710d3f1cc196c6e2d738de32e552a6e7f655f3a9c60b837d5f357593a9116253284577d_0
2025-06-30 15:26:46,155 - semgrep.rule_match - DEBUG - match_key = ('script2.innerHTML = "...";\n script2.innerHTML = ``\n    window.dataLayer = window.dataLayer || [];\n    function gtag(){dataLayer.push(arguments);}\n    gtag(\'js\', new Date());\n    gtag(\'config\', \'measurementId\');\n  `;\n', PosixPath('client/src/lib/analytics.ts'), 'config..semgrep.vendored-rules.javascript.browser.security.insecure-innerhtml') match_id = e2b825e92485b8fab4d94369731ea33ade64f6dddbb45d4fb81605c78710d3f1cc196c6e2d738de32e552a6e7f655f3a9c60b837d5f357593a9116253284577d_0
2025-06-30 15:26:46,156 - semgrep.rule_match - DEBUG - match_key = ('script2.innerHTML = "...";\n script2.innerHTML = ``\n    window.dataLayer = window.dataLayer || [];\n    function gtag(){dataLayer.push(arguments);}\n    gtag(\'js\', new Date());\n    gtag(\'config\', \'measurementId\');\n  `;\n', PosixPath('client/src/lib/analytics.ts'), 'config..semgrep.vendored-rules.javascript.browser.security.insecure-innerhtml') match_id = e2b825e92485b8fab4d94369731ea33ade64f6dddbb45d4fb81605c78710d3f1cc196c6e2d738de32e552a6e7f655f3a9c60b837d5f357593a9116253284577d_0
2025-06-30 15:26:46,156 - semgrep.rule_match - DEBUG - match_key = ('', PosixPath('client/src/lib/analytics.ts'), 'config..semgrep.vendored-rules.javascript.browser.security.insecure-document-method') match_id = 6bde05bc85533b16bb1f6840f2c90f0d3db751221dbe46793fb9aa8473e463560e65e9b4e93ec5799f1de73a4953c1e622bbf426bfe1b0a765ed88e1ad1b0178_0
2025-06-30 15:26:46,157 - semgrep.rule_match - DEBUG - match_key = ('script2.innerHTML = "...";\n script2.innerHTML = ``\n    window.dataLayer = window.dataLayer || [];\n    function gtag(){dataLayer.push(arguments);}\n    gtag(\'js\', new Date());\n    gtag(\'config\', \'measurementId\');\n  `;\n script2.outerHTML = ``\n    window.dataLayer = window.dataLayer || [];\n    function gtag(){dataLayer.push(arguments);}\n    gtag(\'js\', new Date());\n    gtag(\'config\', \'measurementId\');\n  `;\n document.write(...) script2.outerHTML = "...";\n document.write("...")', PosixPath('client/src/lib/analytics.ts'), 'config..semgrep.vendored-rules.javascript.browser.security.insecure-document-method') match_id = e2af78b1cb381856bee89a57acfb7550ad4638db58fb73ead4fa5f44923e896859bd2a9381c269e81c6026162efd700d392ec6f26ef9b614d001b180445baefc_0
2025-06-30 15:26:46,157 - semgrep.rule_match - DEBUG - match_key = ('script2.innerHTML = "...";\n script2.innerHTML = ``\n    window.dataLayer = window.dataLayer || [];\n    function gtag(){dataLayer.push(arguments);}\n    gtag(\'js\', new Date());\n    gtag(\'config\', \'measurementId\');\n  `;\n script2.outerHTML = ``\n    window.dataLayer = window.dataLayer || [];\n    function gtag(){dataLayer.push(arguments);}\n    gtag(\'js\', new Date());\n    gtag(\'config\', \'measurementId\');\n  `;\n document.write(...) script2.outerHTML = "...";\n document.write("...")', PosixPath('client/src/lib/analytics.ts'), 'config..semgrep.vendored-rules.javascript.browser.security.insecure-document-method') match_id = e2af78b1cb381856bee89a57acfb7550ad4638db58fb73ead4fa5f44923e896859bd2a9381c269e81c6026162efd700d392ec6f26ef9b614d001b180445baefc_0
2025-06-30 15:26:46,158 - semgrep.rule_match - DEBUG - match_key = ('script2.innerHTML = "...";\n script2.innerHTML = ``\n    window.dataLayer = window.dataLayer || [];\n    function gtag(){dataLayer.push(arguments);}\n    gtag(\'js\', new Date());\n    gtag(\'config\', \'measurementId\');\n  `;\n script2.outerHTML = ``\n    window.dataLayer = window.dataLayer || [];\n    function gtag(){dataLayer.push(arguments);}\n    gtag(\'js\', new Date());\n    gtag(\'config\', \'measurementId\');\n  `;\n document.write(...) script2.outerHTML = "...";\n document.write("...")', PosixPath('client/src/lib/analytics.ts'), 'config..semgrep.vendored-rules.javascript.browser.security.insecure-document-method') match_id = e2af78b1cb381856bee89a57acfb7550ad4638db58fb73ead4fa5f44923e896859bd2a9381c269e81c6026162efd700d392ec6f26ef9b614d001b180445baefc_0
2025-06-30 15:26:46,158 - semgrep.rule_match - DEBUG - match_key = ('', PosixPath('client/src/lib/queryClient.ts'), 'config..semgrep.vendored-rules.javascript.lang.security.audit.unsafe-formatstring') match_id = 37fb4f5b35ad6aa056d6f0ce56ce24e394a686ee4a197c0c17c2ba58da9a8f2a5c4e30542c5db4df3306bb8ce2afc85d93269072fb72a6397a91fc3e8ee5b157_0
2025-06-30 15:26:46,159 - semgrep.rule_match - DEBUG - match_key = ('"..." + "..."\n $X + $Y $X.concat($Y) `...${...}...`\n $X.concat("...")\n ``API Request: method url` $UTIL = require(\'util\')\n...\n $UTIL.format(``API Request: method url`,{hasData!!data timestamp new Date().toISOString()},...)\n console.log(``API Request: method url`,{hasData!!data timestamp new Date().toISOString()},...)\n', PosixPath('client/src/lib/queryClient.ts'), 'config..semgrep.vendored-rules.javascript.lang.security.audit.unsafe-formatstring') match_id = 56972e690ffd4ec5904fabfd220112eff9d2bf0f994797acf0ac03adf1b3a59b7c781fc67672054d9292242638bf9ef248905d6f3b647ea8f8df740f3fec0daa_0
2025-06-30 15:26:46,159 - semgrep.rule_match - DEBUG - match_key = ('"..." + "..."\n $X + $Y $X.concat($Y) `...${...}...`\n $X.concat("...")\n ``API Request: method url` $UTIL = require(\'util\')\n...\n $UTIL.format(``API Request: method url`,{hasData!!data timestamp new Date().toISOString()},...)\n console.log(``API Request: method url`,{hasData!!data timestamp new Date().toISOString()},...)\n', PosixPath('client/src/lib/queryClient.ts'), 'config..semgrep.vendored-rules.javascript.lang.security.audit.unsafe-formatstring') match_id = 56972e690ffd4ec5904fabfd220112eff9d2bf0f994797acf0ac03adf1b3a59b7c781fc67672054d9292242638bf9ef248905d6f3b647ea8f8df740f3fec0daa_0
2025-06-30 15:26:46,160 - semgrep.rule_match - DEBUG - match_key = ('"..." + "..."\n $X + $Y $X.concat($Y) `...${...}...`\n $X.concat("...")\n ``API Request: method url` $UTIL = require(\'util\')\n...\n $UTIL.format(``API Request: method url`,{hasData!!data timestamp new Date().toISOString()},...)\n console.log(``API Request: method url`,{hasData!!data timestamp new Date().toISOString()},...)\n', PosixPath('client/src/lib/queryClient.ts'), 'config..semgrep.vendored-rules.javascript.lang.security.audit.unsafe-formatstring') match_id = 56972e690ffd4ec5904fabfd220112eff9d2bf0f994797acf0ac03adf1b3a59b7c781fc67672054d9292242638bf9ef248905d6f3b647ea8f8df740f3fec0daa_0
2025-06-30 15:26:46,160 - semgrep.rule_match - DEBUG - match_key = ('', PosixPath('client/src/lib/queryClient.ts'), 'config..semgrep.vendored-rules.javascript.lang.security.audit.unsafe-formatstring') match_id = 37fb4f5b35ad6aa056d6f0ce56ce24e394a686ee4a197c0c17c2ba58da9a8f2a5c4e30542c5db4df3306bb8ce2afc85d93269072fb72a6397a91fc3e8ee5b157_0
2025-06-30 15:26:46,160 - semgrep.rule_match - DEBUG - match_key = ('"..." + "..."\n $X + $Y $X.concat($Y) `...${...}...`\n $X.concat("...")\n ``API Request Error: method url` $UTIL = require(\'util\')\n...\n $UTIL.format(``API Request Error: method url`,{error error instanceof Error error.message\'Unknown error\'timestamp new Date().toISOString()},...)\n console.error(``API Request Error: method url`,{error error instanceof Error error.message\'Unknown error\'timestamp new Date().toISOString()},...)\n', PosixPath('client/src/lib/queryClient.ts'), 'config..semgrep.vendored-rules.javascript.lang.security.audit.unsafe-formatstring') match_id = acc506973a16e74bb192d5478eb04817dc30386e3642f999faafd9cd0763339966b28744059132fdee6c43cf95b33d5b5d9e398b6a4693c64769d3cd4082f72c_0
2025-06-30 15:26:46,161 - semgrep.rule_match - DEBUG - match_key = ('"..." + "..."\n $X + $Y $X.concat($Y) `...${...}...`\n $X.concat("...")\n ``API Request Error: method url` $UTIL = require(\'util\')\n...\n $UTIL.format(``API Request Error: method url`,{error error instanceof Error error.message\'Unknown error\'timestamp new Date().toISOString()},...)\n console.error(``API Request Error: method url`,{error error instanceof Error error.message\'Unknown error\'timestamp new Date().toISOString()},...)\n', PosixPath('client/src/lib/queryClient.ts'), 'config..semgrep.vendored-rules.javascript.lang.security.audit.unsafe-formatstring') match_id = acc506973a16e74bb192d5478eb04817dc30386e3642f999faafd9cd0763339966b28744059132fdee6c43cf95b33d5b5d9e398b6a4693c64769d3cd4082f72c_0
2025-06-30 15:26:46,161 - semgrep.rule_match - DEBUG - match_key = ('"..." + "..."\n $X + $Y $X.concat($Y) `...${...}...`\n $X.concat("...")\n ``API Request Error: method url` $UTIL = require(\'util\')\n...\n $UTIL.format(``API Request Error: method url`,{error error instanceof Error error.message\'Unknown error\'timestamp new Date().toISOString()},...)\n console.error(``API Request Error: method url`,{error error instanceof Error error.message\'Unknown error\'timestamp new Date().toISOString()},...)\n', PosixPath('client/src/lib/queryClient.ts'), 'config..semgrep.vendored-rules.javascript.lang.security.audit.unsafe-formatstring') match_id = acc506973a16e74bb192d5478eb04817dc30386e3642f999faafd9cd0763339966b28744059132fdee6c43cf95b33d5b5d9e398b6a4693c64769d3cd4082f72c_0
2025-06-30 15:26:46,162 - semgrep.rule_match - DEBUG - match_key = ('', PosixPath('client/src/lib/queryClient.ts'), 'config..semgrep.vendored-rules.javascript.lang.security.audit.unsafe-formatstring') match_id = 37fb4f5b35ad6aa056d6f0ce56ce24e394a686ee4a197c0c17c2ba58da9a8f2a5c4e30542c5db4df3306bb8ce2afc85d93269072fb72a6397a91fc3e8ee5b157_0
2025-06-30 15:26:46,162 - semgrep.rule_match - DEBUG - match_key = ('"..." + "..."\n $X + $Y $X.concat($Y) `...${...}...`\n $X.concat("...")\n ``Query error for queryKey[0]:` $UTIL = require(\'util\')\n...\n $UTIL.format(``Query error for queryKey[0]:`,error,...)\n console.error(``Query error for queryKey[0]:`,error,...)\n', PosixPath('client/src/lib/queryClient.ts'), 'config..semgrep.vendored-rules.javascript.lang.security.audit.unsafe-formatstring') match_id = 53b08969712312141a3054d5ec01a201fee2b1502ed61bde03faa77d56c561961a151175a1738dcc667518f08a70164edd19e323a221681a8b68e6e891474b67_0
2025-06-30 15:26:46,163 - semgrep.rule_match - DEBUG - match_key = ('"..." + "..."\n $X + $Y $X.concat($Y) `...${...}...`\n $X.concat("...")\n ``Query error for queryKey[0]:` $UTIL = require(\'util\')\n...\n $UTIL.format(``Query error for queryKey[0]:`,error,...)\n console.error(``Query error for queryKey[0]:`,error,...)\n', PosixPath('client/src/lib/queryClient.ts'), 'config..semgrep.vendored-rules.javascript.lang.security.audit.unsafe-formatstring') match_id = 53b08969712312141a3054d5ec01a201fee2b1502ed61bde03faa77d56c561961a151175a1738dcc667518f08a70164edd19e323a221681a8b68e6e891474b67_0
2025-06-30 15:26:46,163 - semgrep.rule_match - DEBUG - match_key = ('"..." + "..."\n $X + $Y $X.concat($Y) `...${...}...`\n $X.concat("...")\n ``Query error for queryKey[0]:` $UTIL = require(\'util\')\n...\n $UTIL.format(``Query error for queryKey[0]:`,error,...)\n console.error(``Query error for queryKey[0]:`,error,...)\n', PosixPath('client/src/lib/queryClient.ts'), 'config..semgrep.vendored-rules.javascript.lang.security.audit.unsafe-formatstring') match_id = 53b08969712312141a3054d5ec01a201fee2b1502ed61bde03faa77d56c561961a151175a1738dcc667518f08a70164edd19e323a221681a8b68e6e891474b67_0
2025-06-30 15:26:46,164 - semgrep.rule_match - DEBUG - match_key = ('', PosixPath('client/src/lib/search-session-manager.ts'), 'config..semgrep.vendored-rules.javascript.lang.security.audit.unsafe-formatstring') match_id = 0a2d50f9d7551e3eab93ccad1985d90fedccc1a822d58e4e42e86176c52bdf68c44e8817c9b2eada2f1a0700bfd35a7ba28f5be8a3e4d9ff80472505b60a034f_0
2025-06-30 15:26:46,164 - semgrep.rule_match - DEBUG - match_key = ('"..." + "..."\n $X + $Y $X.concat($Y) `...${...}...`\n $X.concat("...")\n ``[Session Cleanup] Failed to terminate backend session session.id:` $UTIL = require(\'util\')\n...\n $UTIL.format(``[Session Cleanup] Failed to terminate backend session session.id:`,error,...)\n console.warn(``[Session Cleanup] Failed to terminate backend session session.id:`,error,...)\n', PosixPath('client/src/lib/search-session-manager.ts'), 'config..semgrep.vendored-rules.javascript.lang.security.audit.unsafe-formatstring') match_id = cb68f249a9c26cb023c74a03ad0551cf9db059a7c026ba78e03ea43856ba0eeadde1a2316c8e5f180dfa39f6fef869385f7c364e1c322c3522a3b0aded3534bd_0
2025-06-30 15:26:46,165 - semgrep.rule_match - DEBUG - match_key = ('"..." + "..."\n $X + $Y $X.concat($Y) `...${...}...`\n $X.concat("...")\n ``[Session Cleanup] Failed to terminate backend session session.id:` $UTIL = require(\'util\')\n...\n $UTIL.format(``[Session Cleanup] Failed to terminate backend session session.id:`,error,...)\n console.warn(``[Session Cleanup] Failed to terminate backend session session.id:`,error,...)\n', PosixPath('client/src/lib/search-session-manager.ts'), 'config..semgrep.vendored-rules.javascript.lang.security.audit.unsafe-formatstring') match_id = cb68f249a9c26cb023c74a03ad0551cf9db059a7c026ba78e03ea43856ba0eeadde1a2316c8e5f180dfa39f6fef869385f7c364e1c322c3522a3b0aded3534bd_0
2025-06-30 15:26:46,165 - semgrep.rule_match - DEBUG - match_key = ('"..." + "..."\n $X + $Y $X.concat($Y) `...${...}...`\n $X.concat("...")\n ``[Session Cleanup] Failed to terminate backend session session.id:` $UTIL = require(\'util\')\n...\n $UTIL.format(``[Session Cleanup] Failed to terminate backend session session.id:`,error,...)\n console.warn(``[Session Cleanup] Failed to terminate backend session session.id:`,error,...)\n', PosixPath('client/src/lib/search-session-manager.ts'), 'config..semgrep.vendored-rules.javascript.lang.security.audit.unsafe-formatstring') match_id = cb68f249a9c26cb023c74a03ad0551cf9db059a7c026ba78e03ea43856ba0eeadde1a2316c8e5f180dfa39f6fef869385f7c364e1c322c3522a3b0aded3534bd_0
2025-06-30 15:26:46,166 - semgrep.rule_match - DEBUG - match_key = ('', PosixPath('client/src/lib/search-session-manager.ts'), 'config..semgrep.vendored-rules.javascript.lang.security.audit.unsafe-formatstring') match_id = 0a2d50f9d7551e3eab93ccad1985d90fedccc1a822d58e4e42e86176c52bdf68c44e8817c9b2eada2f1a0700bfd35a7ba28f5be8a3e4d9ff80472505b60a034f_0
2025-06-30 15:26:46,166 - semgrep.rule_match - DEBUG - match_key = ('"..." + "..."\n $X + $Y $X.concat($Y) `...${...}...`\n $X.concat("...")\n ``[Session Cleanup] Error terminating session sessionId:` $UTIL = require(\'util\')\n...\n $UTIL.format(``[Session Cleanup] Error terminating session sessionId:`,error,...)\n console.error(``[Session Cleanup] Error terminating session sessionId:`,error,...)\n', PosixPath('client/src/lib/search-session-manager.ts'), 'config..semgrep.vendored-rules.javascript.lang.security.audit.unsafe-formatstring') match_id = 536f58ee01e2ca0fc9e6811c4c36f89b524e534ad9b2933fdcdf1c0a5646a5d7904a26b7fef92bed85ba3298b7195a9d7bb1acd9bbc1b0eb7732ec39b91b39b1_0
2025-06-30 15:26:46,167 - semgrep.rule_match - DEBUG - match_key = ('"..." + "..."\n $X + $Y $X.concat($Y) `...${...}...`\n $X.concat("...")\n ``[Session Cleanup] Error terminating session sessionId:` $UTIL = require(\'util\')\n...\n $UTIL.format(``[Session Cleanup] Error terminating session sessionId:`,error,...)\n console.error(``[Session Cleanup] Error terminating session sessionId:`,error,...)\n', PosixPath('client/src/lib/search-session-manager.ts'), 'config..semgrep.vendored-rules.javascript.lang.security.audit.unsafe-formatstring') match_id = 536f58ee01e2ca0fc9e6811c4c36f89b524e534ad9b2933fdcdf1c0a5646a5d7904a26b7fef92bed85ba3298b7195a9d7bb1acd9bbc1b0eb7732ec39b91b39b1_0
2025-06-30 15:26:46,167 - semgrep.rule_match - DEBUG - match_key = ('"..." + "..."\n $X + $Y $X.concat($Y) `...${...}...`\n $X.concat("...")\n ``[Session Cleanup] Error terminating session sessionId:` $UTIL = require(\'util\')\n...\n $UTIL.format(``[Session Cleanup] Error terminating session sessionId:`,error,...)\n console.error(``[Session Cleanup] Error terminating session sessionId:`,error,...)\n', PosixPath('client/src/lib/search-session-manager.ts'), 'config..semgrep.vendored-rules.javascript.lang.security.audit.unsafe-formatstring') match_id = 536f58ee01e2ca0fc9e6811c4c36f89b524e534ad9b2933fdcdf1c0a5646a5d7904a26b7fef92bed85ba3298b7195a9d7bb1acd9bbc1b0eb7732ec39b91b39b1_0
2025-06-30 15:26:46,168 - semgrep.rule_match - DEBUG - match_key = ('', PosixPath('client/src/pages/home.tsx'), 'config..semgrep.vendored-rules.javascript.lang.security.audit.unsafe-formatstring') match_id = 1cc50336cc2fda5b8d6de1fd08968331ed381f4c215598b594f614ae5642ec56ee1803611abd0c6eae5ae04337d87bd967cb4ceac90197c879b03c0ed29c9752_0
2025-06-30 15:26:46,168 - semgrep.rule_match - DEBUG - match_key = ('"..." + "..."\n $X + $Y $X.concat($Y) `...${...}...`\n $X.concat("...")\n ``Refreshed freshContacts.length contacts for company.name:` $UTIL = require(\'util\')\n...\n $UTIL.format(``Refreshed freshContacts.length contacts for company.name:`,freshContacts.map((c Contact)=>=>{name c.name email c.email hasEmail!!c.email}),...)\n console.log(``Refreshed freshContacts.length contacts for company.name:`,freshContacts.map((c Contact)=>=>{name c.name email c.email hasEmail!!c.email}),...)\n', PosixPath('client/src/pages/home.tsx'), 'config..semgrep.vendored-rules.javascript.lang.security.audit.unsafe-formatstring') match_id = 4e283e5ec1a8195fdff20a16d1d304d6597d22a3d1a372078cb8abb7cd6590ff2e31b60376bc3004c7f9ce6fb1f43ac0411ef1f1b1a327dbaaacf2d8353fb4e8_0
2025-06-30 15:26:46,169 - semgrep.rule_match - DEBUG - match_key = ('"..." + "..."\n $X + $Y $X.concat($Y) `...${...}...`\n $X.concat("...")\n ``Refreshed freshContacts.length contacts for company.name:` $UTIL = require(\'util\')\n...\n $UTIL.format(``Refreshed freshContacts.length contacts for company.name:`,freshContacts.map((c Contact)=>=>{name c.name email c.email hasEmail!!c.email}),...)\n console.log(``Refreshed freshContacts.length contacts for company.name:`,freshContacts.map((c Contact)=>=>{name c.name email c.email hasEmail!!c.email}),...)\n', PosixPath('client/src/pages/home.tsx'), 'config..semgrep.vendored-rules.javascript.lang.security.audit.unsafe-formatstring') match_id = 4e283e5ec1a8195fdff20a16d1d304d6597d22a3d1a372078cb8abb7cd6590ff2e31b60376bc3004c7f9ce6fb1f43ac0411ef1f1b1a327dbaaacf2d8353fb4e8_0
2025-06-30 15:26:46,169 - semgrep.rule_match - DEBUG - match_key = ('"..." + "..."\n $X + $Y $X.concat($Y) `...${...}...`\n $X.concat("...")\n ``Refreshed freshContacts.length contacts for company.name:` $UTIL = require(\'util\')\n...\n $UTIL.format(``Refreshed freshContacts.length contacts for company.name:`,freshContacts.map((c Contact)=>=>{name c.name email c.email hasEmail!!c.email}),...)\n console.log(``Refreshed freshContacts.length contacts for company.name:`,freshContacts.map((c Contact)=>=>{name c.name email c.email hasEmail!!c.email}),...)\n', PosixPath('client/src/pages/home.tsx'), 'config..semgrep.vendored-rules.javascript.lang.security.audit.unsafe-formatstring') match_id = 4e283e5ec1a8195fdff20a16d1d304d6597d22a3d1a372078cb8abb7cd6590ff2e31b60376bc3004c7f9ce6fb1f43ac0411ef1f1b1a327dbaaacf2d8353fb4e8_0
2025-06-30 15:26:46,169 - semgrep.rule_match - DEBUG - match_key = ('', PosixPath('client/src/pages/home.tsx'), 'config..semgrep.vendored-rules.javascript.lang.security.audit.unsafe-formatstring') match_id = 1cc50336cc2fda5b8d6de1fd08968331ed381f4c215598b594f614ae5642ec56ee1803611abd0c6eae5ae04337d87bd967cb4ceac90197c879b03c0ed29c9752_0
2025-06-30 15:26:46,170 - semgrep.rule_match - DEBUG - match_key = ('"..." + "..."\n $X + $Y $X.concat($Y) `...${...}...`\n $X.concat("...")\n ``Failed to refresh contacts for company company.id:` $UTIL = require(\'util\')\n...\n $UTIL.format(``Failed to refresh contacts for company company.id:`,error,...)\n console.error(``Failed to refresh contacts for company company.id:`,error,...)\n', PosixPath('client/src/pages/home.tsx'), 'config..semgrep.vendored-rules.javascript.lang.security.audit.unsafe-formatstring') match_id = 148e31b7fa95657111b601d001e6a5d14732041013884b5ab79c2931762df0576edcf9fc5bed0157ba3d0f14a5630c898cbd81a53df465eeb2fa6796f2dc8703_0
2025-06-30 15:26:46,170 - semgrep.rule_match - DEBUG - match_key = ('"..." + "..."\n $X + $Y $X.concat($Y) `...${...}...`\n $X.concat("...")\n ``Failed to refresh contacts for company company.id:` $UTIL = require(\'util\')\n...\n $UTIL.format(``Failed to refresh contacts for company company.id:`,error,...)\n console.error(``Failed to refresh contacts for company company.id:`,error,...)\n', PosixPath('client/src/pages/home.tsx'), 'config..semgrep.vendored-rules.javascript.lang.security.audit.unsafe-formatstring') match_id = 148e31b7fa95657111b601d001e6a5d14732041013884b5ab79c2931762df0576edcf9fc5bed0157ba3d0f14a5630c898cbd81a53df465eeb2fa6796f2dc8703_0
2025-06-30 15:26:46,171 - semgrep.rule_match - DEBUG - match_key = ('"..." + "..."\n $X + $Y $X.concat($Y) `...${...}...`\n $X.concat("...")\n ``Failed to refresh contacts for company company.id:` $UTIL = require(\'util\')\n...\n $UTIL.format(``Failed to refresh contacts for company company.id:`,error,...)\n console.error(``Failed to refresh contacts for company company.id:`,error,...)\n', PosixPath('client/src/pages/home.tsx'), 'config..semgrep.vendored-rules.javascript.lang.security.audit.unsafe-formatstring') match_id = 148e31b7fa95657111b601d001e6a5d14732041013884b5ab79c2931762df0576edcf9fc5bed0157ba3d0f14a5630c898cbd81a53df465eeb2fa6796f2dc8703_0
2025-06-30 15:26:46,172 - semgrep.rule_match - DEBUG - match_key = ('', PosixPath('client/src/pages/home.tsx'), 'config..semgrep.vendored-rules.javascript.lang.security.audit.unsafe-formatstring') match_id = 1cc50336cc2fda5b8d6de1fd08968331ed381f4c215598b594f614ae5642ec56ee1803611abd0c6eae5ae04337d87bd967cb4ceac90197c879b03c0ed29c9752_0
2025-06-30 15:26:46,172 - semgrep.rule_match - DEBUG - match_key = ('"..." + "..."\n $X + $Y $X.concat($Y) `...${...}...`\n $X.concat("...")\n ``Failed to load contacts for company company.id:` $UTIL = require(\'util\')\n...\n $UTIL.format(``Failed to load contacts for company company.id:`,error,...)\n console.error(``Failed to load contacts for company company.id:`,error,...)\n', PosixPath('client/src/pages/home.tsx'), 'config..semgrep.vendored-rules.javascript.lang.security.audit.unsafe-formatstring') match_id = 6adf002014eecc30048cd45a4b3c162c70b706bd946e97278fb4298e1a2624c4671216ee924cffa212ed4b77dea5c404f5af376a35fa2450e35b479c46e58899_0
2025-06-30 15:26:46,173 - semgrep.rule_match - DEBUG - match_key = ('"..." + "..."\n $X + $Y $X.concat($Y) `...${...}...`\n $X.concat("...")\n ``Failed to load contacts for company company.id:` $UTIL = require(\'util\')\n...\n $UTIL.format(``Failed to load contacts for company company.id:`,error,...)\n console.error(``Failed to load contacts for company company.id:`,error,...)\n', PosixPath('client/src/pages/home.tsx'), 'config..semgrep.vendored-rules.javascript.lang.security.audit.unsafe-formatstring') match_id = 6adf002014eecc30048cd45a4b3c162c70b706bd946e97278fb4298e1a2624c4671216ee924cffa212ed4b77dea5c404f5af376a35fa2450e35b479c46e58899_0
2025-06-30 15:26:46,174 - semgrep.rule_match - DEBUG - match_key = ('"..." + "..."\n $X + $Y $X.concat($Y) `...${...}...`\n $X.concat("...")\n ``Failed to load contacts for company company.id:` $UTIL = require(\'util\')\n...\n $UTIL.format(``Failed to load contacts for company company.id:`,error,...)\n console.error(``Failed to load contacts for company company.id:`,error,...)\n', PosixPath('client/src/pages/home.tsx'), 'config..semgrep.vendored-rules.javascript.lang.security.audit.unsafe-formatstring') match_id = 6adf002014eecc30048cd45a4b3c162c70b706bd946e97278fb4298e1a2624c4671216ee924cffa212ed4b77dea5c404f5af376a35fa2450e35b479c46e58899_0
2025-06-30 15:26:46,174 - semgrep.rule_match - DEBUG - match_key = ('', PosixPath('package.json'), 'config..semgrep.replit-rules.javascript.vite.security.audit.vite-vulnerability-check') match_id = a4e4b5dce58f34c9a1496689f4ee2efa0e67ebc4efa58d98fa1c3681eda9b6c475bc40ced4bc29c5d7b65d46ec30497fcaa721bd15ad973945b92cdfd84d35a6_0
2025-06-30 15:26:46,175 - semgrep.rule_match - DEBUG - match_key = ('"_shrinkwrap": {\n  ...\n} "dependencies": {\n  ...\n}\n "devDependencies": {\n  ...\n}\n "optionalDependencies": {\n  ...\n}\n "peerDependencies": {\n  ...\n}\n "vite"\\s*:\\s*"(latest|>=\\s*[0-6]\\.\\d+\\.\\d+)" "vite"\\s*:\\s*"[\\^~]?4\\.([0-4]\\.\\d+|5\\.[0-9])" "vite"\\s*:\\s*"[\\^~]?5\\.([0-3]\\.\\d+|4\\.(1[0-4]|[0-9]))" "vite"\\s*:\\s*"[\\^~]?6\\.0\\.(1[01]|[0-9])" "vite"\\s*:\\s*"[\\^~]?6\\.1\\.[01]" "vite"\\s*:\\s*"[\\^~]?6\\.2\\.[0-2]" "vite"\\s*:\\s*"\\^([0-4]\\.\\d+\\.\\d+|5\\.[0-3]\\.\\d+|5\\.4\\.(1[0-4]|[0-9])|6\\.0\\.(1[01]|[0-9])|6\\.1\\.[01]|6\\.2\\.[0-2])" "vite"\\s*:\\s*"~([0-4]\\.\\d+\\.\\d+|5\\.[0-3]\\.\\d+|5\\.4\\.(1[0-4]|[0-9])|6\\.0\\.(1[01]|[0-9])|6\\.1\\.[01]|6\\.2\\.[0-2])"', PosixPath('package.json'), 'config..semgrep.replit-rules.javascript.vite.security.audit.vite-vulnerability-check') match_id = 28eb374c3c740c790f5827e8a2209da8325485de4b8e9178600cafd6259681cb5e8fa9ebdb5fb1cf1d426e79a2585b7c333a923524b34abd54d5c492254b88bf_0
2025-06-30 15:26:46,175 - semgrep.rule_match - DEBUG - match_key = ('"_shrinkwrap": {\n  ...\n} "dependencies": {\n  ...\n}\n "devDependencies": {\n  ...\n}\n "optionalDependencies": {\n  ...\n}\n "peerDependencies": {\n  ...\n}\n "vite"\\s*:\\s*"(latest|>=\\s*[0-6]\\.\\d+\\.\\d+)" "vite"\\s*:\\s*"[\\^~]?4\\.([0-4]\\.\\d+|5\\.[0-9])" "vite"\\s*:\\s*"[\\^~]?5\\.([0-3]\\.\\d+|4\\.(1[0-4]|[0-9]))" "vite"\\s*:\\s*"[\\^~]?6\\.0\\.(1[01]|[0-9])" "vite"\\s*:\\s*"[\\^~]?6\\.1\\.[01]" "vite"\\s*:\\s*"[\\^~]?6\\.2\\.[0-2]" "vite"\\s*:\\s*"\\^([0-4]\\.\\d+\\.\\d+|5\\.[0-3]\\.\\d+|5\\.4\\.(1[0-4]|[0-9])|6\\.0\\.(1[01]|[0-9])|6\\.1\\.[01]|6\\.2\\.[0-2])" "vite"\\s*:\\s*"~([0-4]\\.\\d+\\.\\d+|5\\.[0-3]\\.\\d+|5\\.4\\.(1[0-4]|[0-9])|6\\.0\\.(1[01]|[0-9])|6\\.1\\.[01]|6\\.2\\.[0-2])"', PosixPath('package.json'), 'config..semgrep.replit-rules.javascript.vite.security.audit.vite-vulnerability-check') match_id = 28eb374c3c740c790f5827e8a2209da8325485de4b8e9178600cafd6259681cb5e8fa9ebdb5fb1cf1d426e79a2585b7c333a923524b34abd54d5c492254b88bf_0
2025-06-30 15:26:46,176 - semgrep.rule_match - DEBUG - match_key = ('"_shrinkwrap": {\n  ...\n} "dependencies": {\n  ...\n}\n "devDependencies": {\n  ...\n}\n "optionalDependencies": {\n  ...\n}\n "peerDependencies": {\n  ...\n}\n "vite"\\s*:\\s*"(latest|>=\\s*[0-6]\\.\\d+\\.\\d+)" "vite"\\s*:\\s*"[\\^~]?4\\.([0-4]\\.\\d+|5\\.[0-9])" "vite"\\s*:\\s*"[\\^~]?5\\.([0-3]\\.\\d+|4\\.(1[0-4]|[0-9]))" "vite"\\s*:\\s*"[\\^~]?6\\.0\\.(1[01]|[0-9])" "vite"\\s*:\\s*"[\\^~]?6\\.1\\.[01]" "vite"\\s*:\\s*"[\\^~]?6\\.2\\.[0-2]" "vite"\\s*:\\s*"\\^([0-4]\\.\\d+\\.\\d+|5\\.[0-3]\\.\\d+|5\\.4\\.(1[0-4]|[0-9])|6\\.0\\.(1[01]|[0-9])|6\\.1\\.[01]|6\\.2\\.[0-2])" "vite"\\s*:\\s*"~([0-4]\\.\\d+\\.\\d+|5\\.[0-3]\\.\\d+|5\\.4\\.(1[0-4]|[0-9])|6\\.0\\.(1[01]|[0-9])|6\\.1\\.[01]|6\\.2\\.[0-2])"', PosixPath('package.json'), 'config..semgrep.replit-rules.javascript.vite.security.audit.vite-vulnerability-check') match_id = 28eb374c3c740c790f5827e8a2209da8325485de4b8e9178600cafd6259681cb5e8fa9ebdb5fb1cf1d426e79a2585b7c333a923524b34abd54d5c492254b88bf_0
2025-06-30 15:26:46,176 - semgrep.rule_match - DEBUG - match_key = ('', PosixPath('server/lib/credits/index.ts'), 'config..semgrep.vendored-rules.javascript.lang.security.audit.unsafe-formatstring') match_id = a7382e6e64cb6305c1afc456e9cb5bf0b14df17d292296982d68d82a79543d7487232e83901e981cd8c9b5e60bf0a299f330883b5b0a0ac277f19af48e57f690_0
2025-06-30 15:26:46,176 - semgrep.rule_match - DEBUG - match_key = ('"..." + "..."\n $X + $Y $X.concat($Y) `...${...}...`\n $X.concat("...")\n ``[CreditService] Raw DB data for user userId:` $UTIL = require(\'util\')\n...\n $UTIL.format(``[CreditService] Raw DB data for user userId:`,creditsData,...)\n console.log(``[CreditService] Raw DB data for user userId:`,creditsData,...)\n', PosixPath('server/lib/credits/index.ts'), 'config..semgrep.vendored-rules.javascript.lang.security.audit.unsafe-formatstring') match_id = 5c43dac9266924957d91c37a916b4f3aadfe9ff232c1aacda330a7f88f3405126d1fd9153ac7b22906c297dfda2a7fc3e7188a983b4ea514d2619d653fffa3cb_0
2025-06-30 15:26:46,177 - semgrep.rule_match - DEBUG - match_key = ('"..." + "..."\n $X + $Y $X.concat($Y) `...${...}...`\n $X.concat("...")\n ``[CreditService] Raw DB data for user userId:` $UTIL = require(\'util\')\n...\n $UTIL.format(``[CreditService] Raw DB data for user userId:`,creditsData,...)\n console.log(``[CreditService] Raw DB data for user userId:`,creditsData,...)\n', PosixPath('server/lib/credits/index.ts'), 'config..semgrep.vendored-rules.javascript.lang.security.audit.unsafe-formatstring') match_id = 5c43dac9266924957d91c37a916b4f3aadfe9ff232c1aacda330a7f88f3405126d1fd9153ac7b22906c297dfda2a7fc3e7188a983b4ea514d2619d653fffa3cb_0
2025-06-30 15:26:46,177 - semgrep.rule_match - DEBUG - match_key = ('"..." + "..."\n $X + $Y $X.concat($Y) `...${...}...`\n $X.concat("...")\n ``[CreditService] Raw DB data for user userId:` $UTIL = require(\'util\')\n...\n $UTIL.format(``[CreditService] Raw DB data for user userId:`,creditsData,...)\n console.log(``[CreditService] Raw DB data for user userId:`,creditsData,...)\n', PosixPath('server/lib/credits/index.ts'), 'config..semgrep.vendored-rules.javascript.lang.security.audit.unsafe-formatstring') match_id = 5c43dac9266924957d91c37a916b4f3aadfe9ff232c1aacda330a7f88f3405126d1fd9153ac7b22906c297dfda2a7fc3e7188a983b4ea514d2619d653fffa3cb_0
2025-06-30 15:26:46,178 - semgrep.rule_match - DEBUG - match_key = ('', PosixPath('server/lib/credits/index.ts'), 'config..semgrep.vendored-rules.javascript.lang.security.audit.unsafe-formatstring') match_id = a7382e6e64cb6305c1afc456e9cb5bf0b14df17d292296982d68d82a79543d7487232e83901e981cd8c9b5e60bf0a299f330883b5b0a0ac277f19af48e57f690_0
2025-06-30 15:26:46,178 - semgrep.rule_match - DEBUG - match_key = ('"..." + "..."\n $X + $Y $X.concat($Y) `...${...}...`\n $X.concat("...")\n ``[CreditService] Parsed credits for user userId:` $UTIL = require(\'util\')\n...\n $UTIL.format(``[CreditService] Parsed credits for user userId:`,credits,...)\n console.log(``[CreditService] Parsed credits for user userId:`,credits,...)\n', PosixPath('server/lib/credits/index.ts'), 'config..semgrep.vendored-rules.javascript.lang.security.audit.unsafe-formatstring') match_id = 5aeab962b7d5046b7c6dea7374d7e29372d30f5f123eef720a754add61daab3ad2ef780a34a83a6d8afd32ac470069314e3c79a87e36c3f6115baefe3d5421cd_0
2025-06-30 15:26:46,179 - semgrep.rule_match - DEBUG - match_key = ('"..." + "..."\n $X + $Y $X.concat($Y) `...${...}...`\n $X.concat("...")\n ``[CreditService] Parsed credits for user userId:` $UTIL = require(\'util\')\n...\n $UTIL.format(``[CreditService] Parsed credits for user userId:`,credits,...)\n console.log(``[CreditService] Parsed credits for user userId:`,credits,...)\n', PosixPath('server/lib/credits/index.ts'), 'config..semgrep.vendored-rules.javascript.lang.security.audit.unsafe-formatstring') match_id = 5aeab962b7d5046b7c6dea7374d7e29372d30f5f123eef720a754add61daab3ad2ef780a34a83a6d8afd32ac470069314e3c79a87e36c3f6115baefe3d5421cd_0
2025-06-30 15:26:46,179 - semgrep.rule_match - DEBUG - match_key = ('"..." + "..."\n $X + $Y $X.concat($Y) `...${...}...`\n $X.concat("...")\n ``[CreditService] Parsed credits for user userId:` $UTIL = require(\'util\')\n...\n $UTIL.format(``[CreditService] Parsed credits for user userId:`,credits,...)\n console.log(``[CreditService] Parsed credits for user userId:`,credits,...)\n', PosixPath('server/lib/credits/index.ts'), 'config..semgrep.vendored-rules.javascript.lang.security.audit.unsafe-formatstring') match_id = 5aeab962b7d5046b7c6dea7374d7e29372d30f5f123eef720a754add61daab3ad2ef780a34a83a6d8afd32ac470069314e3c79a87e36c3f6115baefe3d5421cd_0
2025-06-30 15:26:46,179 - semgrep.rule_match - DEBUG - match_key = ('', PosixPath('server/lib/credits/index.ts'), 'config..semgrep.vendored-rules.javascript.lang.security.audit.unsafe-formatstring') match_id = a7382e6e64cb6305c1afc456e9cb5bf0b14df17d292296982d68d82a79543d7487232e83901e981cd8c9b5e60bf0a299f330883b5b0a0ac277f19af48e57f690_0
2025-06-30 15:26:46,180 - semgrep.rule_match - DEBUG - match_key = ('"..." + "..."\n $X + $Y $X.concat($Y) `...${...}...`\n $X.concat("...")\n ``Error parsing credits data for user userId:` $UTIL = require(\'util\')\n...\n $UTIL.format(``Error parsing credits data for user userId:`,parseError,...)\n console.error(``Error parsing credits data for user userId:`,parseError,...)\n', PosixPath('server/lib/credits/index.ts'), 'config..semgrep.vendored-rules.javascript.lang.security.audit.unsafe-formatstring') match_id = df13cec74a9b16588762558f4c280c0112887ebb3d3e3a439bd9454a372f3142e38654f6d056c3b11d29c5b4819d6eb77a000621beb24a0115673a48135e75b1_0
2025-06-30 15:26:46,180 - semgrep.rule_match - DEBUG - match_key = ('"..." + "..."\n $X + $Y $X.concat($Y) `...${...}...`\n $X.concat("...")\n ``Error parsing credits data for user userId:` $UTIL = require(\'util\')\n...\n $UTIL.format(``Error parsing credits data for user userId:`,parseError,...)\n console.error(``Error parsing credits data for user userId:`,parseError,...)\n', PosixPath('server/lib/credits/index.ts'), 'config..semgrep.vendored-rules.javascript.lang.security.audit.unsafe-formatstring') match_id = df13cec74a9b16588762558f4c280c0112887ebb3d3e3a439bd9454a372f3142e38654f6d056c3b11d29c5b4819d6eb77a000621beb24a0115673a48135e75b1_0
2025-06-30 15:26:46,181 - semgrep.rule_match - DEBUG - match_key = ('"..." + "..."\n $X + $Y $X.concat($Y) `...${...}...`\n $X.concat("...")\n ``Error parsing credits data for user userId:` $UTIL = require(\'util\')\n...\n $UTIL.format(``Error parsing credits data for user userId:`,parseError,...)\n console.error(``Error parsing credits data for user userId:`,parseError,...)\n', PosixPath('server/lib/credits/index.ts'), 'config..semgrep.vendored-rules.javascript.lang.security.audit.unsafe-formatstring') match_id = df13cec74a9b16588762558f4c280c0112887ebb3d3e3a439bd9454a372f3142e38654f6d056c3b11d29c5b4819d6eb77a000621beb24a0115673a48135e75b1_0
2025-06-30 15:26:46,181 - semgrep.rule_match - DEBUG - match_key = ('', PosixPath('server/lib/credits/index.ts'), 'config..semgrep.vendored-rules.javascript.lang.security.audit.unsafe-formatstring') match_id = a7382e6e64cb6305c1afc456e9cb5bf0b14df17d292296982d68d82a79543d7487232e83901e981cd8c9b5e60bf0a299f330883b5b0a0ac277f19af48e57f690_0
2025-06-30 15:26:46,181 - semgrep.rule_match - DEBUG - match_key = ('"..." + "..."\n $X + $Y $X.concat($Y) `...${...}...`\n $X.concat("...")\n ``[CreditService] Saving initial credits for user userId:` $UTIL = require(\'util\')\n...\n $UTIL.format(``[CreditService] Saving initial credits for user userId:`,initialCredits,...)\n console.log(``[CreditService] Saving initial credits for user userId:`,initialCredits,...)\n', PosixPath('server/lib/credits/index.ts'), 'config..semgrep.vendored-rules.javascript.lang.security.audit.unsafe-formatstring') match_id = 8825ae26a4e040e9e416d7c92858069eecbeba0ba5a405d3a3c26ec7cf4fbda9567a8617664031f04e6b3eff111b3a31f946bad2da74d869602085fdbbba1b30_0
2025-06-30 15:26:46,182 - semgrep.rule_match - DEBUG - match_key = ('"..." + "..."\n $X + $Y $X.concat($Y) `...${...}...`\n $X.concat("...")\n ``[CreditService] Saving initial credits for user userId:` $UTIL = require(\'util\')\n...\n $UTIL.format(``[CreditService] Saving initial credits for user userId:`,initialCredits,...)\n console.log(``[CreditService] Saving initial credits for user userId:`,initialCredits,...)\n', PosixPath('server/lib/credits/index.ts'), 'config..semgrep.vendored-rules.javascript.lang.security.audit.unsafe-formatstring') match_id = 8825ae26a4e040e9e416d7c92858069eecbeba0ba5a405d3a3c26ec7cf4fbda9567a8617664031f04e6b3eff111b3a31f946bad2da74d869602085fdbbba1b30_0
2025-06-30 15:26:46,182 - semgrep.rule_match - DEBUG - match_key = ('"..." + "..."\n $X + $Y $X.concat($Y) `...${...}...`\n $X.concat("...")\n ``[CreditService] Saving initial credits for user userId:` $UTIL = require(\'util\')\n...\n $UTIL.format(``[CreditService] Saving initial credits for user userId:`,initialCredits,...)\n console.log(``[CreditService] Saving initial credits for user userId:`,initialCredits,...)\n', PosixPath('server/lib/credits/index.ts'), 'config..semgrep.vendored-rules.javascript.lang.security.audit.unsafe-formatstring') match_id = 8825ae26a4e040e9e416d7c92858069eecbeba0ba5a405d3a3c26ec7cf4fbda9567a8617664031f04e6b3eff111b3a31f946bad2da74d869602085fdbbba1b30_0
2025-06-30 15:26:46,183 - semgrep.rule_match - DEBUG - match_key = ('', PosixPath('server/lib/credits/index.ts'), 'config..semgrep.vendored-rules.javascript.lang.security.audit.unsafe-formatstring') match_id = a7382e6e64cb6305c1afc456e9cb5bf0b14df17d292296982d68d82a79543d7487232e83901e981cd8c9b5e60bf0a299f330883b5b0a0ac277f19af48e57f690_0
2025-06-30 15:26:46,183 - semgrep.rule_match - DEBUG - match_key = ('"..." + "..."\n $X + $Y $X.concat($Y) `...${...}...`\n $X.concat("...")\n ``[CreditService] Returning existing credits for user userId:` $UTIL = require(\'util\')\n...\n $UTIL.format(``[CreditService] Returning existing credits for user userId:`,credits,...)\n console.log(``[CreditService] Returning existing credits for user userId:`,credits,...)\n', PosixPath('server/lib/credits/index.ts'), 'config..semgrep.vendored-rules.javascript.lang.security.audit.unsafe-formatstring') match_id = 91e061433bf4cb19394fe722fd16eae4f53508d54b00b13162bb5c4f88b254bfa7db403be7917d8c0a8e7a2c8a49bbecb08746acbfe0e1be19bf92c2073c749f_0
2025-06-30 15:26:46,184 - semgrep.rule_match - DEBUG - match_key = ('"..." + "..."\n $X + $Y $X.concat($Y) `...${...}...`\n $X.concat("...")\n ``[CreditService] Returning existing credits for user userId:` $UTIL = require(\'util\')\n...\n $UTIL.format(``[CreditService] Returning existing credits for user userId:`,credits,...)\n console.log(``[CreditService] Returning existing credits for user userId:`,credits,...)\n', PosixPath('server/lib/credits/index.ts'), 'config..semgrep.vendored-rules.javascript.lang.security.audit.unsafe-formatstring') match_id = 91e061433bf4cb19394fe722fd16eae4f53508d54b00b13162bb5c4f88b254bfa7db403be7917d8c0a8e7a2c8a49bbecb08746acbfe0e1be19bf92c2073c749f_0
2025-06-30 15:26:46,184 - semgrep.rule_match - DEBUG - match_key = ('"..." + "..."\n $X + $Y $X.concat($Y) `...${...}...`\n $X.concat("...")\n ``[CreditService] Returning existing credits for user userId:` $UTIL = require(\'util\')\n...\n $UTIL.format(``[CreditService] Returning existing credits for user userId:`,credits,...)\n console.log(``[CreditService] Returning existing credits for user userId:`,credits,...)\n', PosixPath('server/lib/credits/index.ts'), 'config..semgrep.vendored-rules.javascript.lang.security.audit.unsafe-formatstring') match_id = 91e061433bf4cb19394fe722fd16eae4f53508d54b00b13162bb5c4f88b254bfa7db403be7917d8c0a8e7a2c8a49bbecb08746acbfe0e1be19bf92c2073c749f_0
2025-06-30 15:26:46,184 - semgrep.rule_match - DEBUG - match_key = ('', PosixPath('server/lib/credits/index.ts'), 'config..semgrep.vendored-rules.javascript.lang.security.audit.unsafe-formatstring') match_id = a7382e6e64cb6305c1afc456e9cb5bf0b14df17d292296982d68d82a79543d7487232e83901e981cd8c9b5e60bf0a299f330883b5b0a0ac277f19af48e57f690_0
2025-06-30 15:26:46,185 - semgrep.rule_match - DEBUG - match_key = ('"..." + "..."\n $X + $Y $X.concat($Y) `...${...}...`\n $X.concat("...")\n ``Error getting credits for user userId:` $UTIL = require(\'util\')\n...\n $UTIL.format(``Error getting credits for user userId:`,error,...)\n console.error(``Error getting credits for user userId:`,error,...)\n', PosixPath('server/lib/credits/index.ts'), 'config..semgrep.vendored-rules.javascript.lang.security.audit.unsafe-formatstring') match_id = cac637dbafbb7d4fbe9cb45d0d33810507ba588f4bbf2ec723eaac26e632ac772a94294a631a6425cf59117f77b5659c3f0ffe7daaeba1877b5f481290b20626_0
2025-06-30 15:26:46,185 - semgrep.rule_match - DEBUG - match_key = ('"..." + "..."\n $X + $Y $X.concat($Y) `...${...}...`\n $X.concat("...")\n ``Error getting credits for user userId:` $UTIL = require(\'util\')\n...\n $UTIL.format(``Error getting credits for user userId:`,error,...)\n console.error(``Error getting credits for user userId:`,error,...)\n', PosixPath('server/lib/credits/index.ts'), 'config..semgrep.vendored-rules.javascript.lang.security.audit.unsafe-formatstring') match_id = cac637dbafbb7d4fbe9cb45d0d33810507ba588f4bbf2ec723eaac26e632ac772a94294a631a6425cf59117f77b5659c3f0ffe7daaeba1877b5f481290b20626_0
2025-06-30 15:26:46,186 - semgrep.rule_match - DEBUG - match_key = ('"..." + "..."\n $X + $Y $X.concat($Y) `...${...}...`\n $X.concat("...")\n ``Error getting credits for user userId:` $UTIL = require(\'util\')\n...\n $UTIL.format(``Error getting credits for user userId:`,error,...)\n console.error(``Error getting credits for user userId:`,error,...)\n', PosixPath('server/lib/credits/index.ts'), 'config..semgrep.vendored-rules.javascript.lang.security.audit.unsafe-formatstring') match_id = cac637dbafbb7d4fbe9cb45d0d33810507ba588f4bbf2ec723eaac26e632ac772a94294a631a6425cf59117f77b5659c3f0ffe7daaeba1877b5f481290b20626_0
2025-06-30 15:26:46,186 - semgrep.rule_match - DEBUG - match_key = ('', PosixPath('server/lib/credits/index.ts'), 'config..semgrep.vendored-rules.javascript.lang.security.audit.unsafe-formatstring') match_id = a7382e6e64cb6305c1afc456e9cb5bf0b14df17d292296982d68d82a79543d7487232e83901e981cd8c9b5e60bf0a299f330883b5b0a0ac277f19af48e57f690_0
2025-06-30 15:26:46,187 - semgrep.rule_match - DEBUG - match_key = ('"..." + "..."\n $X + $Y $X.concat($Y) `...${...}...`\n $X.concat("...")\n ``Updated subscription for user userId:` $UTIL = require(\'util\')\n...\n $UTIL.format(``Updated subscription for user userId:`,subscriptionData,...)\n console.log(``Updated subscription for user userId:`,subscriptionData,...)\n', PosixPath('server/lib/credits/index.ts'), 'config..semgrep.vendored-rules.javascript.lang.security.audit.unsafe-formatstring') match_id = 5e32b51c16db386f861e292a1038d5c3893125f0e3cb4e3555371fd9abc1c724c92ed47699608e021b05a5ee4505dc3abb1b76049cd815cad8ad8ea0b3f1390e_0
2025-06-30 15:26:46,188 - semgrep.rule_match - DEBUG - match_key = ('"..." + "..."\n $X + $Y $X.concat($Y) `...${...}...`\n $X.concat("...")\n ``Updated subscription for user userId:` $UTIL = require(\'util\')\n...\n $UTIL.format(``Updated subscription for user userId:`,subscriptionData,...)\n console.log(``Updated subscription for user userId:`,subscriptionData,...)\n', PosixPath('server/lib/credits/index.ts'), 'config..semgrep.vendored-rules.javascript.lang.security.audit.unsafe-formatstring') match_id = 5e32b51c16db386f861e292a1038d5c3893125f0e3cb4e3555371fd9abc1c724c92ed47699608e021b05a5ee4505dc3abb1b76049cd815cad8ad8ea0b3f1390e_0
2025-06-30 15:26:46,188 - semgrep.rule_match - DEBUG - match_key = ('"..." + "..."\n $X + $Y $X.concat($Y) `...${...}...`\n $X.concat("...")\n ``Updated subscription for user userId:` $UTIL = require(\'util\')\n...\n $UTIL.format(``Updated subscription for user userId:`,subscriptionData,...)\n console.log(``Updated subscription for user userId:`,subscriptionData,...)\n', PosixPath('server/lib/credits/index.ts'), 'config..semgrep.vendored-rules.javascript.lang.security.audit.unsafe-formatstring') match_id = 5e32b51c16db386f861e292a1038d5c3893125f0e3cb4e3555371fd9abc1c724c92ed47699608e021b05a5ee4505dc3abb1b76049cd815cad8ad8ea0b3f1390e_0
2025-06-30 15:26:46,189 - semgrep.rule_match - DEBUG - match_key = ('', PosixPath('server/lib/results-analysis/contact-score-combination.ts'), 'config..semgrep.vendored-rules.javascript.lang.security.audit.detect-non-literal-regexp') match_id = a37ab49b31741e744678db0a63452968c6d66d1f7a2114cacf9694f9c3daf6a248b6c6dc08e2fa078a4b508a92ea8813d07c91924ff912ae5cbca124a2bb46b1_0
2025-06-30 15:26:46,189 - semgrep.rule_match - DEBUG - match_key = ('companyName function ... (...,companyName,...) {...}\n RegExp("...", ...) RegExp(companyName, ...) new RegExp(companyName, ...) RegExp(/.../, ...) new RegExp("...", ...) new RegExp(/.../, ...)', PosixPath('server/lib/results-analysis/contact-score-combination.ts'), 'config..semgrep.vendored-rules.javascript.lang.security.audit.detect-non-literal-regexp') match_id = c6b0608897dcffcbc771dd887c6d231d9ea929ea19df19cabdc57d0c26e32576b9d87d1c3ebb8c3a10872265b008c56106396cf61c4003b1d49f2c26f0b7577d_0
2025-06-30 15:26:46,190 - semgrep.rule_match - DEBUG - match_key = ('companyName function ... (...,companyName,...) {...}\n RegExp("...", ...) RegExp(companyName, ...) new RegExp(companyName, ...) RegExp(/.../, ...) new RegExp("...", ...) new RegExp(/.../, ...)', PosixPath('server/lib/results-analysis/contact-score-combination.ts'), 'config..semgrep.vendored-rules.javascript.lang.security.audit.detect-non-literal-regexp') match_id = c6b0608897dcffcbc771dd887c6d231d9ea929ea19df19cabdc57d0c26e32576b9d87d1c3ebb8c3a10872265b008c56106396cf61c4003b1d49f2c26f0b7577d_0
2025-06-30 15:26:46,190 - semgrep.rule_match - DEBUG - match_key = ('companyName function ... (...,companyName,...) {...}\n RegExp("...", ...) RegExp(companyName, ...) new RegExp(companyName, ...) RegExp(/.../, ...) new RegExp("...", ...) new RegExp(/.../, ...)', PosixPath('server/lib/results-analysis/contact-score-combination.ts'), 'config..semgrep.vendored-rules.javascript.lang.security.audit.detect-non-literal-regexp') match_id = c6b0608897dcffcbc771dd887c6d231d9ea929ea19df19cabdc57d0c26e32576b9d87d1c3ebb8c3a10872265b008c56106396cf61c4003b1d49f2c26f0b7577d_0
2025-06-30 15:26:46,191 - semgrep.rule_match - DEBUG - match_key = ('', PosixPath('server/lib/search-logic/contact-discovery/enhanced-contact-finder.ts'), 'config..semgrep.vendored-rules.javascript.lang.security.audit.unsafe-formatstring') match_id = ef30d8b3c992cb87a9aa2d7ed8ed339decf3a058f740073c962478ce2f431afdf3d07dda51cf4eceedeb34a290b8175d39fbde279ec37fe10f815d4e4fe552ad_0
2025-06-30 15:26:46,191 - semgrep.rule_match - DEBUG - match_key = ('"..." + "..."\n $X + $Y $X.concat($Y) `...${...}...`\n $X.concat("...")\n ``Error in findKeyDecisionMakers for companyName:` $UTIL = require(\'util\')\n...\n $UTIL.format(``Error in findKeyDecisionMakers for companyName:`,error,...)\n console.error(``Error in findKeyDecisionMakers for companyName:`,error,...)\n', PosixPath('server/lib/search-logic/contact-discovery/enhanced-contact-finder.ts'), 'config..semgrep.vendored-rules.javascript.lang.security.audit.unsafe-formatstring') match_id = f96860f19c3779e220b62da41d27d73ea37a45a9d3cbfb6d5c6a3a89a924638f3eec9e0c6e26ccfb8a6891705ab5cdc74821acf25e47ab3e02f0d64f9b840421_0
2025-06-30 15:26:46,192 - semgrep.rule_match - DEBUG - match_key = ('"..." + "..."\n $X + $Y $X.concat($Y) `...${...}...`\n $X.concat("...")\n ``Error in findKeyDecisionMakers for companyName:` $UTIL = require(\'util\')\n...\n $UTIL.format(``Error in findKeyDecisionMakers for companyName:`,error,...)\n console.error(``Error in findKeyDecisionMakers for companyName:`,error,...)\n', PosixPath('server/lib/search-logic/contact-discovery/enhanced-contact-finder.ts'), 'config..semgrep.vendored-rules.javascript.lang.security.audit.unsafe-formatstring') match_id = f96860f19c3779e220b62da41d27d73ea37a45a9d3cbfb6d5c6a3a89a924638f3eec9e0c6e26ccfb8a6891705ab5cdc74821acf25e47ab3e02f0d64f9b840421_0
2025-06-30 15:26:46,192 - semgrep.rule_match - DEBUG - match_key = ('"..." + "..."\n $X + $Y $X.concat($Y) `...${...}...`\n $X.concat("...")\n ``Error in findKeyDecisionMakers for companyName:` $UTIL = require(\'util\')\n...\n $UTIL.format(``Error in findKeyDecisionMakers for companyName:`,error,...)\n console.error(``Error in findKeyDecisionMakers for companyName:`,error,...)\n', PosixPath('server/lib/search-logic/contact-discovery/enhanced-contact-finder.ts'), 'config..semgrep.vendored-rules.javascript.lang.security.audit.unsafe-formatstring') match_id = f96860f19c3779e220b62da41d27d73ea37a45a9d3cbfb6d5c6a3a89a924638f3eec9e0c6e26ccfb8a6891705ab5cdc74821acf25e47ab3e02f0d64f9b840421_0
2025-06-30 15:26:46,193 - semgrep.rule_match - DEBUG - match_key = ('', PosixPath('server/lib/search-logic/contact-discovery/enhanced-contact-finder.ts'), 'config..semgrep.vendored-rules.javascript.lang.security.audit.unsafe-formatstring') match_id = ef30d8b3c992cb87a9aa2d7ed8ed339decf3a058f740073c962478ce2f431afdf3d07dda51cf4eceedeb34a290b8175d39fbde279ec37fe10f815d4e4fe552ad_0
2025-06-30 15:26:46,193 - semgrep.rule_match - DEBUG - match_key = ('"..." + "..."\n $X + $Y $X.concat($Y) `...${...}...`\n $X.concat("...")\n ``Error parsing contacts from source response:` $UTIL = require(\'util\')\n...\n $UTIL.format(``Error parsing contacts from source response:`,error,...)\n console.error(``Error parsing contacts from source response:`,error,...)\n', PosixPath('server/lib/search-logic/contact-discovery/enhanced-contact-finder.ts'), 'config..semgrep.vendored-rules.javascript.lang.security.audit.unsafe-formatstring') match_id = 595ca83fe25bd2da814676ee85a6c1e12005478486e3153e0cfe93ecbd774b19fdfb64e08311f621402e0ab7ead29705c0408938a7e0d49cda68eb42367fd4c7_0
2025-06-30 15:26:46,194 - semgrep.rule_match - DEBUG - match_key = ('"..." + "..."\n $X + $Y $X.concat($Y) `...${...}...`\n $X.concat("...")\n ``Error parsing contacts from source response:` $UTIL = require(\'util\')\n...\n $UTIL.format(``Error parsing contacts from source response:`,error,...)\n console.error(``Error parsing contacts from source response:`,error,...)\n', PosixPath('server/lib/search-logic/contact-discovery/enhanced-contact-finder.ts'), 'config..semgrep.vendored-rules.javascript.lang.security.audit.unsafe-formatstring') match_id = 595ca83fe25bd2da814676ee85a6c1e12005478486e3153e0cfe93ecbd774b19fdfb64e08311f621402e0ab7ead29705c0408938a7e0d49cda68eb42367fd4c7_0
2025-06-30 15:26:46,194 - semgrep.rule_match - DEBUG - match_key = ('"..." + "..."\n $X + $Y $X.concat($Y) `...${...}...`\n $X.concat("...")\n ``Error parsing contacts from source response:` $UTIL = require(\'util\')\n...\n $UTIL.format(``Error parsing contacts from source response:`,error,...)\n console.error(``Error parsing contacts from source response:`,error,...)\n', PosixPath('server/lib/search-logic/contact-discovery/enhanced-contact-finder.ts'), 'config..semgrep.vendored-rules.javascript.lang.security.audit.unsafe-formatstring') match_id = 595ca83fe25bd2da814676ee85a6c1e12005478486e3153e0cfe93ecbd774b19fdfb64e08311f621402e0ab7ead29705c0408938a7e0d49cda68eb42367fd4c7_0
2025-06-30 15:26:46,195 - semgrep.rule_match - DEBUG - match_key = ('', PosixPath('server/lib/search-logic/contact-discovery/enhanced-name-parsing.ts'), 'config..semgrep.vendored-rules.javascript.lang.security.audit.detect-redos') match_id = 72e6bdcb437e56cdc689d034b8bd686be07c479bac566f85b5157a05475b4863df54755bd186ba3004f3f34a21d1da2deadcade690bdcfd2987912ca955ca6b1_0
2025-06-30 15:26:46,195 - semgrep.rule_match - DEBUG - match_key = ('"^[A-Z][a-z]+(\\s[A-Z][a-z]+)+$".test(...)\n $X.match("^[A-Z][a-z]+(\\s[A-Z][a-z]+)+$")\n $X.match(/^[A-Z][a-z]+(\\s[A-Z][a-z]+)+$/)\n /^[A-Z][a-z]+(\\s[A-Z][a-z]+)+$/.test(...)\n new RegExp("^[A-Z][a-z]+(\\s[A-Z][a-z]+)+$",...)\n new RegExp(/^[A-Z][a-z]+(\\s[A-Z][a-z]+)+$/,...)\n ^[A-Z][a-z]+(\\s[A-Z][a-z]+)+$ redos', PosixPath('server/lib/search-logic/contact-discovery/enhanced-name-parsing.ts'), 'config..semgrep.vendored-rules.javascript.lang.security.audit.detect-redos') match_id = 664f205c09b640dc040806ec743d39353e051dc42927d4dcaf64ad4b43e1dfa113d50013157e764999ae3f32aef12462f39803a0e8c3fe9ee2e4e65b6eb7c308_0
2025-06-30 15:26:46,196 - semgrep.rule_match - DEBUG - match_key = ('"^[A-Z][a-z]+(\\s[A-Z][a-z]+)+$".test(...)\n $X.match("^[A-Z][a-z]+(\\s[A-Z][a-z]+)+$")\n $X.match(/^[A-Z][a-z]+(\\s[A-Z][a-z]+)+$/)\n /^[A-Z][a-z]+(\\s[A-Z][a-z]+)+$/.test(...)\n new RegExp("^[A-Z][a-z]+(\\s[A-Z][a-z]+)+$",...)\n new RegExp(/^[A-Z][a-z]+(\\s[A-Z][a-z]+)+$/,...)\n ^[A-Z][a-z]+(\\s[A-Z][a-z]+)+$ redos', PosixPath('server/lib/search-logic/contact-discovery/enhanced-name-parsing.ts'), 'config..semgrep.vendored-rules.javascript.lang.security.audit.detect-redos') match_id = 664f205c09b640dc040806ec743d39353e051dc42927d4dcaf64ad4b43e1dfa113d50013157e764999ae3f32aef12462f39803a0e8c3fe9ee2e4e65b6eb7c308_0
2025-06-30 15:26:46,196 - semgrep.rule_match - DEBUG - match_key = ('"^[A-Z][a-z]+(\\s[A-Z][a-z]+)+$".test(...)\n $X.match("^[A-Z][a-z]+(\\s[A-Z][a-z]+)+$")\n $X.match(/^[A-Z][a-z]+(\\s[A-Z][a-z]+)+$/)\n /^[A-Z][a-z]+(\\s[A-Z][a-z]+)+$/.test(...)\n new RegExp("^[A-Z][a-z]+(\\s[A-Z][a-z]+)+$",...)\n new RegExp(/^[A-Z][a-z]+(\\s[A-Z][a-z]+)+$/,...)\n ^[A-Z][a-z]+(\\s[A-Z][a-z]+)+$ redos', PosixPath('server/lib/search-logic/contact-discovery/enhanced-name-parsing.ts'), 'config..semgrep.vendored-rules.javascript.lang.security.audit.detect-redos') match_id = 664f205c09b640dc040806ec743d39353e051dc42927d4dcaf64ad4b43e1dfa113d50013157e764999ae3f32aef12462f39803a0e8c3fe9ee2e4e65b6eb7c308_0
2025-06-30 15:26:46,197 - semgrep.rule_match - DEBUG - match_key = ('', PosixPath('server/lib/search-logic/contact-discovery/smart-fallback-manager.ts'), 'config..semgrep.vendored-rules.javascript.lang.security.audit.unsafe-formatstring') match_id = f8efaeb4a2728d41831fe7f1c3746504ac71e4a802a226da034c593b0efb023577b064b66e8d10ce887777c2518d265c7b1877a352a39e35957da12fdf8017f2_0
2025-06-30 15:26:46,197 - semgrep.rule_match - DEBUG - match_key = ('"..." + "..."\n $X + $Y $X.concat($Y) `...${...}...`\n $X.concat("...")\n ``Error in fallback search fallback:` $UTIL = require(\'util\')\n...\n $UTIL.format(``Error in fallback search fallback:`,error,...)\n console.error(``Error in fallback search fallback:`,error,...)\n', PosixPath('server/lib/search-logic/contact-discovery/smart-fallback-manager.ts'), 'config..semgrep.vendored-rules.javascript.lang.security.audit.unsafe-formatstring') match_id = c2b6205738236071ddc41f03f56d37c2d20365c2059cde8be5f67e44f478d154d879bb696d5f60cded095a04ec2c4e5a9a0aeb7644e038f94bfe2c2a35f374cb_0
2025-06-30 15:26:46,198 - semgrep.rule_match - DEBUG - match_key = ('"..." + "..."\n $X + $Y $X.concat($Y) `...${...}...`\n $X.concat("...")\n ``Error in fallback search fallback:` $UTIL = require(\'util\')\n...\n $UTIL.format(``Error in fallback search fallback:`,error,...)\n console.error(``Error in fallback search fallback:`,error,...)\n', PosixPath('server/lib/search-logic/contact-discovery/smart-fallback-manager.ts'), 'config..semgrep.vendored-rules.javascript.lang.security.audit.unsafe-formatstring') match_id = c2b6205738236071ddc41f03f56d37c2d20365c2059cde8be5f67e44f478d154d879bb696d5f60cded095a04ec2c4e5a9a0aeb7644e038f94bfe2c2a35f374cb_0
2025-06-30 15:26:46,198 - semgrep.rule_match - DEBUG - match_key = ('"..." + "..."\n $X + $Y $X.concat($Y) `...${...}...`\n $X.concat("...")\n ``Error in fallback search fallback:` $UTIL = require(\'util\')\n...\n $UTIL.format(``Error in fallback search fallback:`,error,...)\n console.error(``Error in fallback search fallback:`,error,...)\n', PosixPath('server/lib/search-logic/contact-discovery/smart-fallback-manager.ts'), 'config..semgrep.vendored-rules.javascript.lang.security.audit.unsafe-formatstring') match_id = c2b6205738236071ddc41f03f56d37c2d20365c2059cde8be5f67e44f478d154d879bb696d5f60cded095a04ec2c4e5a9a0aeb7644e038f94bfe2c2a35f374cb_0
2025-06-30 15:26:46,199 - semgrep.rule_match - DEBUG - match_key = ('', PosixPath('server/lib/search-logic/deep-searches/email-discovery/website-email-search.ts'), 'config..semgrep.vendored-rules.javascript.lang.security.audit.unsafe-formatstring') match_id = f2583912244d6c00bf960f41423ef84cf3453957a2089827119cdc047edb4cad08f8b5f569bf5fcf139ee4f08ee8de670a8565769e74d1c8de64dff49a4007cb_0
2025-06-30 15:26:46,199 - semgrep.rule_match - DEBUG - match_key = ('"..." + "..."\n $X + $Y $X.concat($Y) `...${...}...`\n $X.concat("...")\n ``Website email search failed for companyName:` $UTIL = require(\'util\')\n...\n $UTIL.format(``Website email search failed for companyName:`,error,...)\n console.error(``Website email search failed for companyName:`,error,...)\n', PosixPath('server/lib/search-logic/deep-searches/email-discovery/website-email-search.ts'), 'config..semgrep.vendored-rules.javascript.lang.security.audit.unsafe-formatstring') match_id = 3957de74cbcd3809aac0b7228639a4b95f5c44f796fe479f23eb45f9adbc9453f3a11d115d7af8f84e4e40163b17b45db11b9419905305fac1182feaf7086f1a_0
2025-06-30 15:26:46,200 - semgrep.rule_match - DEBUG - match_key = ('"..." + "..."\n $X + $Y $X.concat($Y) `...${...}...`\n $X.concat("...")\n ``Website email search failed for companyName:` $UTIL = require(\'util\')\n...\n $UTIL.format(``Website email search failed for companyName:`,error,...)\n console.error(``Website email search failed for companyName:`,error,...)\n', PosixPath('server/lib/search-logic/deep-searches/email-discovery/website-email-search.ts'), 'config..semgrep.vendored-rules.javascript.lang.security.audit.unsafe-formatstring') match_id = 3957de74cbcd3809aac0b7228639a4b95f5c44f796fe479f23eb45f9adbc9453f3a11d115d7af8f84e4e40163b17b45db11b9419905305fac1182feaf7086f1a_0
2025-06-30 15:26:46,200 - semgrep.rule_match - DEBUG - match_key = ('"..." + "..."\n $X + $Y $X.concat($Y) `...${...}...`\n $X.concat("...")\n ``Website email search failed for companyName:` $UTIL = require(\'util\')\n...\n $UTIL.format(``Website email search failed for companyName:`,error,...)\n console.error(``Website email search failed for companyName:`,error,...)\n', PosixPath('server/lib/search-logic/deep-searches/email-discovery/website-email-search.ts'), 'config..semgrep.vendored-rules.javascript.lang.security.audit.unsafe-formatstring') match_id = 3957de74cbcd3809aac0b7228639a4b95f5c44f796fe479f23eb45f9adbc9453f3a11d115d7af8f84e4e40163b17b45db11b9419905305fac1182feaf7086f1a_0
2025-06-30 15:26:46,200 - semgrep.rule_match - DEBUG - match_key = ('', PosixPath('server/lib/search-logic/email-discovery/service.ts'), 'config..semgrep.vendored-rules.javascript.lang.security.audit.unsafe-formatstring') match_id = 37d97a96f7ffed35c2bf5975e614af069b47e141aac72fddbd8640bcbc4b9d807e0c29283bc09ae4c5d7e34318b67d6d9b79827db8519d6cff4f56d93ab4b321_0
2025-06-30 15:26:46,201 - semgrep.rule_match - DEBUG - match_key = ('"..." + "..."\n $X + $Y $X.concat($Y) `...${...}...`\n $X.concat("...")\n ``Strategy strategy.name failed:` $UTIL = require(\'util\')\n...\n $UTIL.format(``Strategy strategy.name failed:`,error,...)\n console.error(``Strategy strategy.name failed:`,error,...)\n', PosixPath('server/lib/search-logic/email-discovery/service.ts'), 'config..semgrep.vendored-rules.javascript.lang.security.audit.unsafe-formatstring') match_id = 94bb118472d7a9732fec700d71d1cde4df4df4fdbb896a8fc4c074478a41e070610148391df4a2cfe440ef76c53c07ba6841d0c1c881aa7fc323b939f97bf8fc_0
2025-06-30 15:26:46,201 - semgrep.rule_match - DEBUG - match_key = ('"..." + "..."\n $X + $Y $X.concat($Y) `...${...}...`\n $X.concat("...")\n ``Strategy strategy.name failed:` $UTIL = require(\'util\')\n...\n $UTIL.format(``Strategy strategy.name failed:`,error,...)\n console.error(``Strategy strategy.name failed:`,error,...)\n', PosixPath('server/lib/search-logic/email-discovery/service.ts'), 'config..semgrep.vendored-rules.javascript.lang.security.audit.unsafe-formatstring') match_id = 94bb118472d7a9732fec700d71d1cde4df4df4fdbb896a8fc4c074478a41e070610148391df4a2cfe440ef76c53c07ba6841d0c1c881aa7fc323b939f97bf8fc_0
2025-06-30 15:26:46,202 - semgrep.rule_match - DEBUG - match_key = ('"..." + "..."\n $X + $Y $X.concat($Y) `...${...}...`\n $X.concat("...")\n ``Strategy strategy.name failed:` $UTIL = require(\'util\')\n...\n $UTIL.format(``Strategy strategy.name failed:`,error,...)\n console.error(``Strategy strategy.name failed:`,error,...)\n', PosixPath('server/lib/search-logic/email-discovery/service.ts'), 'config..semgrep.vendored-rules.javascript.lang.security.audit.unsafe-formatstring') match_id = 94bb118472d7a9732fec700d71d1cde4df4df4fdbb896a8fc4c074478a41e070610148391df4a2cfe440ef76c53c07ba6841d0c1c881aa7fc323b939f97bf8fc_0
2025-06-30 15:26:46,202 - semgrep.rule_match - DEBUG - match_key = ('', PosixPath('server/lib/search-logic/email-discovery/strategies/domain-analysis.ts'), 'config..semgrep.vendored-rules.javascript.lang.security.audit.unsafe-formatstring') match_id = 931676c70d2087722b75e53350a3f1dc747aed1bf70a8884da4b15c8edef3a71f7c437bdda5eda90be84d40e9541695a8bb2654391580395a0351c517ac8a0d7_0
2025-06-30 15:26:46,202 - semgrep.rule_match - DEBUG - match_key = ('"..." + "..."\n $X + $Y $X.concat($Y) `...${...}...`\n $X.concat("...")\n ``Domain analysis failed for companyName:` $UTIL = require(\'util\')\n...\n $UTIL.format(``Domain analysis failed for companyName:`,error,...)\n console.error(``Domain analysis failed for companyName:`,error,...)\n', PosixPath('server/lib/search-logic/email-discovery/strategies/domain-analysis.ts'), 'config..semgrep.vendored-rules.javascript.lang.security.audit.unsafe-formatstring') match_id = 55c047f37c2e78a84d76409c93b0b326d6b7eef9bbb69cd7fc8c9c1901687903d81a7a264f4f9a1ab55eda10fb4e9449d27e3fa8ddce56e8da151a8c2557e5d1_0
2025-06-30 15:26:46,203 - semgrep.rule_match - DEBUG - match_key = ('"..." + "..."\n $X + $Y $X.concat($Y) `...${...}...`\n $X.concat("...")\n ``Domain analysis failed for companyName:` $UTIL = require(\'util\')\n...\n $UTIL.format(``Domain analysis failed for companyName:`,error,...)\n console.error(``Domain analysis failed for companyName:`,error,...)\n', PosixPath('server/lib/search-logic/email-discovery/strategies/domain-analysis.ts'), 'config..semgrep.vendored-rules.javascript.lang.security.audit.unsafe-formatstring') match_id = 55c047f37c2e78a84d76409c93b0b326d6b7eef9bbb69cd7fc8c9c1901687903d81a7a264f4f9a1ab55eda10fb4e9449d27e3fa8ddce56e8da151a8c2557e5d1_0
2025-06-30 15:26:46,203 - semgrep.rule_match - DEBUG - match_key = ('"..." + "..."\n $X + $Y $X.concat($Y) `...${...}...`\n $X.concat("...")\n ``Domain analysis failed for companyName:` $UTIL = require(\'util\')\n...\n $UTIL.format(``Domain analysis failed for companyName:`,error,...)\n console.error(``Domain analysis failed for companyName:`,error,...)\n', PosixPath('server/lib/search-logic/email-discovery/strategies/domain-analysis.ts'), 'config..semgrep.vendored-rules.javascript.lang.security.audit.unsafe-formatstring') match_id = 55c047f37c2e78a84d76409c93b0b326d6b7eef9bbb69cd7fc8c9c1901687903d81a7a264f4f9a1ab55eda10fb4e9449d27e3fa8ddce56e8da151a8c2557e5d1_0
2025-06-30 15:26:46,204 - semgrep.rule_match - DEBUG - match_key = ('', PosixPath('server/lib/search-logic/email-discovery/strategies/pattern-prediction.ts'), 'config..semgrep.vendored-rules.javascript.lang.security.audit.unsafe-formatstring') match_id = a505610fcc55073ffca479a022e0e33c4af72d72e7cfd54d6c189c89f6a1c5835c75dac94d859ef61cc3716b2e83cdbc81d223f1d206e9a9eab4a549a142bba7_0
2025-06-30 15:26:46,204 - semgrep.rule_match - DEBUG - match_key = ('"..." + "..."\n $X + $Y $X.concat($Y) `...${...}...`\n $X.concat("...")\n ``Pattern prediction failed for companyName:` $UTIL = require(\'util\')\n...\n $UTIL.format(``Pattern prediction failed for companyName:`,error,...)\n console.error(``Pattern prediction failed for companyName:`,error,...)\n', PosixPath('server/lib/search-logic/email-discovery/strategies/pattern-prediction.ts'), 'config..semgrep.vendored-rules.javascript.lang.security.audit.unsafe-formatstring') match_id = c905ae39de7c754b32ba23966245cc27f700de67bbf31455ace2cf5db31a18494a2284d7b7cfee54c9b748d2fe72602c68b29d07c37afa50545a346151f07b51_0
2025-06-30 15:26:46,205 - semgrep.rule_match - DEBUG - match_key = ('"..." + "..."\n $X + $Y $X.concat($Y) `...${...}...`\n $X.concat("...")\n ``Pattern prediction failed for companyName:` $UTIL = require(\'util\')\n...\n $UTIL.format(``Pattern prediction failed for companyName:`,error,...)\n console.error(``Pattern prediction failed for companyName:`,error,...)\n', PosixPath('server/lib/search-logic/email-discovery/strategies/pattern-prediction.ts'), 'config..semgrep.vendored-rules.javascript.lang.security.audit.unsafe-formatstring') match_id = c905ae39de7c754b32ba23966245cc27f700de67bbf31455ace2cf5db31a18494a2284d7b7cfee54c9b748d2fe72602c68b29d07c37afa50545a346151f07b51_0
2025-06-30 15:26:46,205 - semgrep.rule_match - DEBUG - match_key = ('"..." + "..."\n $X + $Y $X.concat($Y) `...${...}...`\n $X.concat("...")\n ``Pattern prediction failed for companyName:` $UTIL = require(\'util\')\n...\n $UTIL.format(``Pattern prediction failed for companyName:`,error,...)\n console.error(``Pattern prediction failed for companyName:`,error,...)\n', PosixPath('server/lib/search-logic/email-discovery/strategies/pattern-prediction.ts'), 'config..semgrep.vendored-rules.javascript.lang.security.audit.unsafe-formatstring') match_id = c905ae39de7c754b32ba23966245cc27f700de67bbf31455ace2cf5db31a18494a2284d7b7cfee54c9b748d2fe72602c68b29d07c37afa50545a346151f07b51_0
2025-06-30 15:26:46,206 - semgrep.rule_match - DEBUG - match_key = ('', PosixPath('server/lib/search-logic/email-discovery/strategies/public-directory.ts'), 'config..semgrep.vendored-rules.javascript.lang.security.audit.unsafe-formatstring') match_id = bfa2d9fa7046a88e85c122413d23810b5f4e7d456dcb96692f0992a235a853c8998ff406e6c83bf300604cab4dc8ca5bc82c83df579cb963fb78202e1e6ddd3f_0
2025-06-30 15:26:46,206 - semgrep.rule_match - DEBUG - match_key = ('"..." + "..."\n $X + $Y $X.concat($Y) `...${...}...`\n $X.concat("...")\n ``Error searching directory.name:` $UTIL = require(\'util\')\n...\n $UTIL.format(``Error searching directory.name:`,error,...)\n console.error(``Error searching directory.name:`,error,...)\n', PosixPath('server/lib/search-logic/email-discovery/strategies/public-directory.ts'), 'config..semgrep.vendored-rules.javascript.lang.security.audit.unsafe-formatstring') match_id = fcd594d04934976e0d83b595ff889999f91a27ab9f1003972b08cc27980db951ca28f4d6a2fa3311e84c64c08da03bb4fcca41f210aa616aa74353d7a73ed171_0
2025-06-30 15:26:46,206 - semgrep.rule_match - DEBUG - match_key = ('"..." + "..."\n $X + $Y $X.concat($Y) `...${...}...`\n $X.concat("...")\n ``Error searching directory.name:` $UTIL = require(\'util\')\n...\n $UTIL.format(``Error searching directory.name:`,error,...)\n console.error(``Error searching directory.name:`,error,...)\n', PosixPath('server/lib/search-logic/email-discovery/strategies/public-directory.ts'), 'config..semgrep.vendored-rules.javascript.lang.security.audit.unsafe-formatstring') match_id = fcd594d04934976e0d83b595ff889999f91a27ab9f1003972b08cc27980db951ca28f4d6a2fa3311e84c64c08da03bb4fcca41f210aa616aa74353d7a73ed171_0
2025-06-30 15:26:46,207 - semgrep.rule_match - DEBUG - match_key = ('"..." + "..."\n $X + $Y $X.concat($Y) `...${...}...`\n $X.concat("...")\n ``Error searching directory.name:` $UTIL = require(\'util\')\n...\n $UTIL.format(``Error searching directory.name:`,error,...)\n console.error(``Error searching directory.name:`,error,...)\n', PosixPath('server/lib/search-logic/email-discovery/strategies/public-directory.ts'), 'config..semgrep.vendored-rules.javascript.lang.security.audit.unsafe-formatstring') match_id = fcd594d04934976e0d83b595ff889999f91a27ab9f1003972b08cc27980db951ca28f4d6a2fa3311e84c64c08da03bb4fcca41f210aa616aa74353d7a73ed171_0
2025-06-30 15:26:46,207 - semgrep.rule_match - DEBUG - match_key = ('', PosixPath('server/lib/search-logic/email-discovery/strategies/public-directory.ts'), 'config..semgrep.vendored-rules.javascript.lang.security.audit.unsafe-formatstring') match_id = bfa2d9fa7046a88e85c122413d23810b5f4e7d456dcb96692f0992a235a853c8998ff406e6c83bf300604cab4dc8ca5bc82c83df579cb963fb78202e1e6ddd3f_0
2025-06-30 15:26:46,208 - semgrep.rule_match - DEBUG - match_key = ('"..." + "..."\n $X + $Y $X.concat($Y) `...${...}...`\n $X.concat("...")\n ``Public directory search failed for companyName:` $UTIL = require(\'util\')\n...\n $UTIL.format(``Public directory search failed for companyName:`,error,...)\n console.error(``Public directory search failed for companyName:`,error,...)\n', PosixPath('server/lib/search-logic/email-discovery/strategies/public-directory.ts'), 'config..semgrep.vendored-rules.javascript.lang.security.audit.unsafe-formatstring') match_id = 0454483afa1de8188bc840f2b3cf79a17eaa621e04f26609200693c8040d675bb36d63706bd316320bd90803efc52a0fb1a6fedd947ea9d5ebfd22da24f2ecd0_0
2025-06-30 15:26:46,208 - semgrep.rule_match - DEBUG - match_key = ('"..." + "..."\n $X + $Y $X.concat($Y) `...${...}...`\n $X.concat("...")\n ``Public directory search failed for companyName:` $UTIL = require(\'util\')\n...\n $UTIL.format(``Public directory search failed for companyName:`,error,...)\n console.error(``Public directory search failed for companyName:`,error,...)\n', PosixPath('server/lib/search-logic/email-discovery/strategies/public-directory.ts'), 'config..semgrep.vendored-rules.javascript.lang.security.audit.unsafe-formatstring') match_id = 0454483afa1de8188bc840f2b3cf79a17eaa621e04f26609200693c8040d675bb36d63706bd316320bd90803efc52a0fb1a6fedd947ea9d5ebfd22da24f2ecd0_0
2025-06-30 15:26:46,209 - semgrep.rule_match - DEBUG - match_key = ('"..." + "..."\n $X + $Y $X.concat($Y) `...${...}...`\n $X.concat("...")\n ``Public directory search failed for companyName:` $UTIL = require(\'util\')\n...\n $UTIL.format(``Public directory search failed for companyName:`,error,...)\n console.error(``Public directory search failed for companyName:`,error,...)\n', PosixPath('server/lib/search-logic/email-discovery/strategies/public-directory.ts'), 'config..semgrep.vendored-rules.javascript.lang.security.audit.unsafe-formatstring') match_id = 0454483afa1de8188bc840f2b3cf79a17eaa621e04f26609200693c8040d675bb36d63706bd316320bd90803efc52a0fb1a6fedd947ea9d5ebfd22da24f2ecd0_0
2025-06-30 15:26:46,209 - semgrep.rule_match - DEBUG - match_key = ('', PosixPath('server/lib/search-logic/email-discovery/strategies/social-profile.ts'), 'config..semgrep.vendored-rules.javascript.lang.security.audit.unsafe-formatstring') match_id = c5056b095057aa928f507be2f515150c913054b9519eee691ac1a18b904ec6db24681ed7c2f17922b3debe18d7d01adcfc4702600d532d67c9433ed90dd0a450_0
2025-06-30 15:26:46,210 - semgrep.rule_match - DEBUG - match_key = ('"..." + "..."\n $X + $Y $X.concat($Y) `...${...}...`\n $X.concat("...")\n ``Error searching platform.name:` $UTIL = require(\'util\')\n...\n $UTIL.format(``Error searching platform.name:`,error,...)\n console.error(``Error searching platform.name:`,error,...)\n', PosixPath('server/lib/search-logic/email-discovery/strategies/social-profile.ts'), 'config..semgrep.vendored-rules.javascript.lang.security.audit.unsafe-formatstring') match_id = a041809dfa373a6e5394937cc4d98f74658363e26107e4df74c178342ec49c87de64b3b3934e4fd963e6bcf761e5973493c92d7a9bafe6279bfb88113dfe21ba_0
2025-06-30 15:26:46,210 - semgrep.rule_match - DEBUG - match_key = ('"..." + "..."\n $X + $Y $X.concat($Y) `...${...}...`\n $X.concat("...")\n ``Error searching platform.name:` $UTIL = require(\'util\')\n...\n $UTIL.format(``Error searching platform.name:`,error,...)\n console.error(``Error searching platform.name:`,error,...)\n', PosixPath('server/lib/search-logic/email-discovery/strategies/social-profile.ts'), 'config..semgrep.vendored-rules.javascript.lang.security.audit.unsafe-formatstring') match_id = a041809dfa373a6e5394937cc4d98f74658363e26107e4df74c178342ec49c87de64b3b3934e4fd963e6bcf761e5973493c92d7a9bafe6279bfb88113dfe21ba_0
2025-06-30 15:26:46,210 - semgrep.rule_match - DEBUG - match_key = ('"..." + "..."\n $X + $Y $X.concat($Y) `...${...}...`\n $X.concat("...")\n ``Error searching platform.name:` $UTIL = require(\'util\')\n...\n $UTIL.format(``Error searching platform.name:`,error,...)\n console.error(``Error searching platform.name:`,error,...)\n', PosixPath('server/lib/search-logic/email-discovery/strategies/social-profile.ts'), 'config..semgrep.vendored-rules.javascript.lang.security.audit.unsafe-formatstring') match_id = a041809dfa373a6e5394937cc4d98f74658363e26107e4df74c178342ec49c87de64b3b3934e4fd963e6bcf761e5973493c92d7a9bafe6279bfb88113dfe21ba_0
2025-06-30 15:26:46,211 - semgrep.rule_match - DEBUG - match_key = ('', PosixPath('server/lib/search-logic/email-discovery/strategies/social-profile.ts'), 'config..semgrep.vendored-rules.javascript.lang.security.audit.unsafe-formatstring') match_id = c5056b095057aa928f507be2f515150c913054b9519eee691ac1a18b904ec6db24681ed7c2f17922b3debe18d7d01adcfc4702600d532d67c9433ed90dd0a450_0
2025-06-30 15:26:46,211 - semgrep.rule_match - DEBUG - match_key = ('"..." + "..."\n $X + $Y $X.concat($Y) `...${...}...`\n $X.concat("...")\n ``Social profile search failed for companyName:` $UTIL = require(\'util\')\n...\n $UTIL.format(``Social profile search failed for companyName:`,error,...)\n console.error(``Social profile search failed for companyName:`,error,...)\n', PosixPath('server/lib/search-logic/email-discovery/strategies/social-profile.ts'), 'config..semgrep.vendored-rules.javascript.lang.security.audit.unsafe-formatstring') match_id = e91393a99acefeb64fdf6e49cf8b62d30b53084abf6f51debd733b8c41be68327db0997eca4147d87bc3745d96cd78e3904408df4db1f9fb37f683e851b0f629_0
2025-06-30 15:26:46,212 - semgrep.rule_match - DEBUG - match_key = ('"..." + "..."\n $X + $Y $X.concat($Y) `...${...}...`\n $X.concat("...")\n ``Social profile search failed for companyName:` $UTIL = require(\'util\')\n...\n $UTIL.format(``Social profile search failed for companyName:`,error,...)\n console.error(``Social profile search failed for companyName:`,error,...)\n', PosixPath('server/lib/search-logic/email-discovery/strategies/social-profile.ts'), 'config..semgrep.vendored-rules.javascript.lang.security.audit.unsafe-formatstring') match_id = e91393a99acefeb64fdf6e49cf8b62d30b53084abf6f51debd733b8c41be68327db0997eca4147d87bc3745d96cd78e3904408df4db1f9fb37f683e851b0f629_0
2025-06-30 15:26:46,212 - semgrep.rule_match - DEBUG - match_key = ('"..." + "..."\n $X + $Y $X.concat($Y) `...${...}...`\n $X.concat("...")\n ``Social profile search failed for companyName:` $UTIL = require(\'util\')\n...\n $UTIL.format(``Social profile search failed for companyName:`,error,...)\n console.error(``Social profile search failed for companyName:`,error,...)\n', PosixPath('server/lib/search-logic/email-discovery/strategies/social-profile.ts'), 'config..semgrep.vendored-rules.javascript.lang.security.audit.unsafe-formatstring') match_id = e91393a99acefeb64fdf6e49cf8b62d30b53084abf6f51debd733b8c41be68327db0997eca4147d87bc3745d96cd78e3904408df4db1f9fb37f683e851b0f629_0
2025-06-30 15:26:46,213 - semgrep.rule_match - DEBUG - match_key = ('', PosixPath('server/lib/search-logic/email-discovery/strategies/website-crawler.ts'), 'config..semgrep.vendored-rules.javascript.lang.security.audit.unsafe-formatstring') match_id = 9a71875973addbadd41f3954dd76e2cbbabfdec30aed18b6151348a681ae20b54602a9ce4cdf29a46aa30db92d152005e3b9a3acd256fcfcc65f97ea2ed11758_0
2025-06-30 15:26:46,213 - semgrep.rule_match - DEBUG - match_key = ('"..." + "..."\n $X + $Y $X.concat($Y) `...${...}...`\n $X.concat("...")\n ``Error crawling currentPage:` $UTIL = require(\'util\')\n...\n $UTIL.format(``Error crawling currentPage:`,error,...)\n console.error(``Error crawling currentPage:`,error,...)\n', PosixPath('server/lib/search-logic/email-discovery/strategies/website-crawler.ts'), 'config..semgrep.vendored-rules.javascript.lang.security.audit.unsafe-formatstring') match_id = 7c25785c293dccb17c4f4409178058e61314a27cfde57e21a1f175f865593b81f82b4e49307709f78b05e9037549dc2e84f3d602917f6f2495abd61a0b2ebb27_0
2025-06-30 15:26:46,213 - semgrep.rule_match - DEBUG - match_key = ('"..." + "..."\n $X + $Y $X.concat($Y) `...${...}...`\n $X.concat("...")\n ``Error crawling currentPage:` $UTIL = require(\'util\')\n...\n $UTIL.format(``Error crawling currentPage:`,error,...)\n console.error(``Error crawling currentPage:`,error,...)\n', PosixPath('server/lib/search-logic/email-discovery/strategies/website-crawler.ts'), 'config..semgrep.vendored-rules.javascript.lang.security.audit.unsafe-formatstring') match_id = 7c25785c293dccb17c4f4409178058e61314a27cfde57e21a1f175f865593b81f82b4e49307709f78b05e9037549dc2e84f3d602917f6f2495abd61a0b2ebb27_0
2025-06-30 15:26:46,214 - semgrep.rule_match - DEBUG - match_key = ('"..." + "..."\n $X + $Y $X.concat($Y) `...${...}...`\n $X.concat("...")\n ``Error crawling currentPage:` $UTIL = require(\'util\')\n...\n $UTIL.format(``Error crawling currentPage:`,error,...)\n console.error(``Error crawling currentPage:`,error,...)\n', PosixPath('server/lib/search-logic/email-discovery/strategies/website-crawler.ts'), 'config..semgrep.vendored-rules.javascript.lang.security.audit.unsafe-formatstring') match_id = 7c25785c293dccb17c4f4409178058e61314a27cfde57e21a1f175f865593b81f82b4e49307709f78b05e9037549dc2e84f3d602917f6f2495abd61a0b2ebb27_0
2025-06-30 15:26:46,214 - semgrep.rule_match - DEBUG - match_key = ('', PosixPath('server/lib/search-logic/email-discovery/strategies/website-crawler.ts'), 'config..semgrep.vendored-rules.javascript.lang.security.audit.unsafe-formatstring') match_id = 9a71875973addbadd41f3954dd76e2cbbabfdec30aed18b6151348a681ae20b54602a9ce4cdf29a46aa30db92d152005e3b9a3acd256fcfcc65f97ea2ed11758_0
2025-06-30 15:26:46,215 - semgrep.rule_match - DEBUG - match_key = ('"..." + "..."\n $X + $Y $X.concat($Y) `...${...}...`\n $X.concat("...")\n ``Website crawler failed for companyName:` $UTIL = require(\'util\')\n...\n $UTIL.format(``Website crawler failed for companyName:`,error,...)\n console.error(``Website crawler failed for companyName:`,error,...)\n', PosixPath('server/lib/search-logic/email-discovery/strategies/website-crawler.ts'), 'config..semgrep.vendored-rules.javascript.lang.security.audit.unsafe-formatstring') match_id = 921251d87b98f41d5c7c4dd2d423264dcd1c213dfc5a80e9c81578975d96bd89f736886641ba2c55aae0c8c2635e4f47324ecc0f91869318c248d21b0bfaef98_0
2025-06-30 15:26:46,215 - semgrep.rule_match - DEBUG - match_key = ('"..." + "..."\n $X + $Y $X.concat($Y) `...${...}...`\n $X.concat("...")\n ``Website crawler failed for companyName:` $UTIL = require(\'util\')\n...\n $UTIL.format(``Website crawler failed for companyName:`,error,...)\n console.error(``Website crawler failed for companyName:`,error,...)\n', PosixPath('server/lib/search-logic/email-discovery/strategies/website-crawler.ts'), 'config..semgrep.vendored-rules.javascript.lang.security.audit.unsafe-formatstring') match_id = 921251d87b98f41d5c7c4dd2d423264dcd1c213dfc5a80e9c81578975d96bd89f736886641ba2c55aae0c8c2635e4f47324ecc0f91869318c248d21b0bfaef98_0
2025-06-30 15:26:46,215 - semgrep.rule_match - DEBUG - match_key = ('"..." + "..."\n $X + $Y $X.concat($Y) `...${...}...`\n $X.concat("...")\n ``Website crawler failed for companyName:` $UTIL = require(\'util\')\n...\n $UTIL.format(``Website crawler failed for companyName:`,error,...)\n console.error(``Website crawler failed for companyName:`,error,...)\n', PosixPath('server/lib/search-logic/email-discovery/strategies/website-crawler.ts'), 'config..semgrep.vendored-rules.javascript.lang.security.audit.unsafe-formatstring') match_id = 921251d87b98f41d5c7c4dd2d423264dcd1c213dfc5a80e9c81578975d96bd89f736886641ba2c55aae0c8c2635e4f47324ecc0f91869318c248d21b0bfaef98_0
2025-06-30 15:26:46,216 - semgrep.rule_match - DEBUG - match_key = ('', PosixPath('server/lib/search-logic/email-enrichment/index.ts'), 'config..semgrep.vendored-rules.javascript.lang.security.audit.detect-redos') match_id = 1666b14cea531e9dea5b7490ed1a38569b3252f5b7dcd2537f7b197e4e1ee70d9a55c871edddb4192f487fa4276ccd203d6cac30c4ab7fb68080f475ef90e582_0
2025-06-30 15:26:46,216 - semgrep.rule_match - DEBUG - match_key = ('"^[a-zA-Z0-9][a-zA-Z0-9-]{0,61}[a-zA-Z0-9](\\.[a-zA-Z]{2,})+$".test(...)\n $X.match("^[a-zA-Z0-9][a-zA-Z0-9-]{0,61}[a-zA-Z0-9](\\.[a-zA-Z]{2,})+$")\n $X.match(/^[a-zA-Z0-9][a-zA-Z0-9-]{0,61}[a-zA-Z0-9](\\.[a-zA-Z]{2,})+$/)\n /^[a-zA-Z0-9][a-zA-Z0-9-]{0,61}[a-zA-Z0-9](\\.[a-zA-Z]{2,})+$/.test(...)\n new RegExp("^[a-zA-Z0-9][a-zA-Z0-9-]{0,61}[a-zA-Z0-9](\\.[a-zA-Z]{2,})+$",...)\n new RegExp(/^[a-zA-Z0-9][a-zA-Z0-9-]{0,61}[a-zA-Z0-9](\\.[a-zA-Z]{2,})+$/,...)\n ^[a-zA-Z0-9][a-zA-Z0-9-]{0,61}[a-zA-Z0-9](\\.[a-zA-Z]{2,})+$ redos', PosixPath('server/lib/search-logic/email-enrichment/index.ts'), 'config..semgrep.vendored-rules.javascript.lang.security.audit.detect-redos') match_id = faa633c65e2e53cabc3afbfa40f34be5359832649e33d3fc753ee29126c9d60d942871c0e42b6d0f3d78afb6b42c94348aec2dcd05b21b586e9f280facde6ac7_0
2025-06-30 15:26:46,217 - semgrep.rule_match - DEBUG - match_key = ('"^[a-zA-Z0-9][a-zA-Z0-9-]{0,61}[a-zA-Z0-9](\\.[a-zA-Z]{2,})+$".test(...)\n $X.match("^[a-zA-Z0-9][a-zA-Z0-9-]{0,61}[a-zA-Z0-9](\\.[a-zA-Z]{2,})+$")\n $X.match(/^[a-zA-Z0-9][a-zA-Z0-9-]{0,61}[a-zA-Z0-9](\\.[a-zA-Z]{2,})+$/)\n /^[a-zA-Z0-9][a-zA-Z0-9-]{0,61}[a-zA-Z0-9](\\.[a-zA-Z]{2,})+$/.test(...)\n new RegExp("^[a-zA-Z0-9][a-zA-Z0-9-]{0,61}[a-zA-Z0-9](\\.[a-zA-Z]{2,})+$",...)\n new RegExp(/^[a-zA-Z0-9][a-zA-Z0-9-]{0,61}[a-zA-Z0-9](\\.[a-zA-Z]{2,})+$/,...)\n ^[a-zA-Z0-9][a-zA-Z0-9-]{0,61}[a-zA-Z0-9](\\.[a-zA-Z]{2,})+$ redos', PosixPath('server/lib/search-logic/email-enrichment/index.ts'), 'config..semgrep.vendored-rules.javascript.lang.security.audit.detect-redos') match_id = faa633c65e2e53cabc3afbfa40f34be5359832649e33d3fc753ee29126c9d60d942871c0e42b6d0f3d78afb6b42c94348aec2dcd05b21b586e9f280facde6ac7_0
2025-06-30 15:26:46,218 - semgrep.rule_match - DEBUG - match_key = ('"^[a-zA-Z0-9][a-zA-Z0-9-]{0,61}[a-zA-Z0-9](\\.[a-zA-Z]{2,})+$".test(...)\n $X.match("^[a-zA-Z0-9][a-zA-Z0-9-]{0,61}[a-zA-Z0-9](\\.[a-zA-Z]{2,})+$")\n $X.match(/^[a-zA-Z0-9][a-zA-Z0-9-]{0,61}[a-zA-Z0-9](\\.[a-zA-Z]{2,})+$/)\n /^[a-zA-Z0-9][a-zA-Z0-9-]{0,61}[a-zA-Z0-9](\\.[a-zA-Z]{2,})+$/.test(...)\n new RegExp("^[a-zA-Z0-9][a-zA-Z0-9-]{0,61}[a-zA-Z0-9](\\.[a-zA-Z]{2,})+$",...)\n new RegExp(/^[a-zA-Z0-9][a-zA-Z0-9-]{0,61}[a-zA-Z0-9](\\.[a-zA-Z]{2,})+$/,...)\n ^[a-zA-Z0-9][a-zA-Z0-9-]{0,61}[a-zA-Z0-9](\\.[a-zA-Z]{2,})+$ redos', PosixPath('server/lib/search-logic/email-enrichment/index.ts'), 'config..semgrep.vendored-rules.javascript.lang.security.audit.detect-redos') match_id = faa633c65e2e53cabc3afbfa40f34be5359832649e33d3fc753ee29126c9d60d942871c0e42b6d0f3d78afb6b42c94348aec2dcd05b21b586e9f280facde6ac7_0
2025-06-30 15:26:46,218 - semgrep.rule_match - DEBUG - match_key = ('', PosixPath('server/lib/search-logic/email-enrichment/service.ts'), 'config..semgrep.vendored-rules.javascript.lang.security.audit.unsafe-formatstring') match_id = b81a6fd7549dbf9b965b4141e5cbc7e8b24665ad8fd7f28a8482cbca30ff45b37056f7f26af4c1e5144719c17be168c6db1deec6c479eee44bb75cb5a6b202e1_0
2025-06-30 15:26:46,218 - semgrep.rule_match - DEBUG - match_key = ('"..." + "..."\n $X + $Y $X.concat($Y) `...${...}...`\n $X.concat("...")\n ``Error enriching contact item.contactId:` $UTIL = require(\'util\')\n...\n $UTIL.format(``Error enriching contact item.contactId:`,error,...)\n console.error(``Error enriching contact item.contactId:`,error,...)\n', PosixPath('server/lib/search-logic/email-enrichment/service.ts'), 'config..semgrep.vendored-rules.javascript.lang.security.audit.unsafe-formatstring') match_id = 8f9632eb42625dcb7e7c64f727f7ad737e7601bda50096b2087449ddcab3b26b2f388eae049ee7f8d23549fef0eb64448bd3904838ffc062ea5cda0a2e433d5e_0
2025-06-30 15:26:46,219 - semgrep.rule_match - DEBUG - match_key = ('"..." + "..."\n $X + $Y $X.concat($Y) `...${...}...`\n $X.concat("...")\n ``Error enriching contact item.contactId:` $UTIL = require(\'util\')\n...\n $UTIL.format(``Error enriching contact item.contactId:`,error,...)\n console.error(``Error enriching contact item.contactId:`,error,...)\n', PosixPath('server/lib/search-logic/email-enrichment/service.ts'), 'config..semgrep.vendored-rules.javascript.lang.security.audit.unsafe-formatstring') match_id = 8f9632eb42625dcb7e7c64f727f7ad737e7601bda50096b2087449ddcab3b26b2f388eae049ee7f8d23549fef0eb64448bd3904838ffc062ea5cda0a2e433d5e_0
2025-06-30 15:26:46,219 - semgrep.rule_match - DEBUG - match_key = ('"..." + "..."\n $X + $Y $X.concat($Y) `...${...}...`\n $X.concat("...")\n ``Error enriching contact item.contactId:` $UTIL = require(\'util\')\n...\n $UTIL.format(``Error enriching contact item.contactId:`,error,...)\n console.error(``Error enriching contact item.contactId:`,error,...)\n', PosixPath('server/lib/search-logic/email-enrichment/service.ts'), 'config..semgrep.vendored-rules.javascript.lang.security.audit.unsafe-formatstring') match_id = 8f9632eb42625dcb7e7c64f727f7ad737e7601bda50096b2087449ddcab3b26b2f388eae049ee7f8d23549fef0eb64448bd3904838ffc062ea5cda0a2e433d5e_0
2025-06-30 15:26:46,220 - semgrep.rule_match - DEBUG - match_key = ('', PosixPath('server/lib/search-logic/post-search-enrichment/queue.ts'), 'config..semgrep.vendored-rules.javascript.lang.security.audit.unsafe-formatstring') match_id = 92169430487c7a9952d0b3337458ea2f4027f902607c23a921d9fdda20ef00ca76145b8e0ba6ab9744f7f870b0fa3a6c738bc12b462092c7e63346422cc07cc2_0
2025-06-30 15:26:46,220 - semgrep.rule_match - DEBUG - match_key = ('"..." + "..."\n $X + $Y $X.concat($Y) `...${...}...`\n $X.concat("...")\n ``Error processing contact item.contactId:` $UTIL = require(\'util\')\n...\n $UTIL.format(``Error processing contact item.contactId:`,error,...)\n console.error(``Error processing contact item.contactId:`,error,...)\n', PosixPath('server/lib/search-logic/post-search-enrichment/queue.ts'), 'config..semgrep.vendored-rules.javascript.lang.security.audit.unsafe-formatstring') match_id = 8a7e8447c13d66ccc8dec167a872a4006bd053b975ef4e502574d6daec809dfa2af6dd100ccc6caa9fc6af5be5f0d068f15b984b7bd50bcd440fe4b61d0b4b92_0
2025-06-30 15:26:46,220 - semgrep.rule_match - DEBUG - match_key = ('"..." + "..."\n $X + $Y $X.concat($Y) `...${...}...`\n $X.concat("...")\n ``Error processing contact item.contactId:` $UTIL = require(\'util\')\n...\n $UTIL.format(``Error processing contact item.contactId:`,error,...)\n console.error(``Error processing contact item.contactId:`,error,...)\n', PosixPath('server/lib/search-logic/post-search-enrichment/queue.ts'), 'config..semgrep.vendored-rules.javascript.lang.security.audit.unsafe-formatstring') match_id = 8a7e8447c13d66ccc8dec167a872a4006bd053b975ef4e502574d6daec809dfa2af6dd100ccc6caa9fc6af5be5f0d068f15b984b7bd50bcd440fe4b61d0b4b92_0
2025-06-30 15:26:46,221 - semgrep.rule_match - DEBUG - match_key = ('"..." + "..."\n $X + $Y $X.concat($Y) `...${...}...`\n $X.concat("...")\n ``Error processing contact item.contactId:` $UTIL = require(\'util\')\n...\n $UTIL.format(``Error processing contact item.contactId:`,error,...)\n console.error(``Error processing contact item.contactId:`,error,...)\n', PosixPath('server/lib/search-logic/post-search-enrichment/queue.ts'), 'config..semgrep.vendored-rules.javascript.lang.security.audit.unsafe-formatstring') match_id = 8a7e8447c13d66ccc8dec167a872a4006bd053b975ef4e502574d6daec809dfa2af6dd100ccc6caa9fc6af5be5f0d068f15b984b7bd50bcd440fe4b61d0b4b92_0
2025-06-30 15:26:46,221 - semgrep.rule_match - DEBUG - match_key = ('', PosixPath('server/lib/search-modules.ts'), 'config..semgrep.vendored-rules.javascript.lang.security.audit.unsafe-formatstring') match_id = ee9ad6e7178eaaf36e32c1392d2d7d68abbe1fc0ec9705566e61efa662ecb666ac52300c8b8a31f89f24d342d2c8189d900261d2d6144f600a9483dc1c02b2b6_0
2025-06-30 15:26:46,222 - semgrep.rule_match - DEBUG - match_key = ('"..." + "..."\n $X + $Y $X.concat($Y) `...${...}...`\n $X.concat("...")\n ``Error analyzing company name:` $UTIL = require(\'util\')\n...\n $UTIL.format(``Error analyzing company name:`,error,...)\n console.error(``Error analyzing company name:`,error,...)\n', PosixPath('server/lib/search-modules.ts'), 'config..semgrep.vendored-rules.javascript.lang.security.audit.unsafe-formatstring') match_id = c633aadbfc3dbb43e936291e3f887dc1a339817bef1b1930ee483a9beca04ee65a223c037212986af6b42a0fc5a631a9a3999cf18f8beac78e8653badaf9b71f_0
2025-06-30 15:26:46,222 - semgrep.rule_match - DEBUG - match_key = ('"..." + "..."\n $X + $Y $X.concat($Y) `...${...}...`\n $X.concat("...")\n ``Error analyzing company name:` $UTIL = require(\'util\')\n...\n $UTIL.format(``Error analyzing company name:`,error,...)\n console.error(``Error analyzing company name:`,error,...)\n', PosixPath('server/lib/search-modules.ts'), 'config..semgrep.vendored-rules.javascript.lang.security.audit.unsafe-formatstring') match_id = c633aadbfc3dbb43e936291e3f887dc1a339817bef1b1930ee483a9beca04ee65a223c037212986af6b42a0fc5a631a9a3999cf18f8beac78e8653badaf9b71f_0
2025-06-30 15:26:46,223 - semgrep.rule_match - DEBUG - match_key = ('"..." + "..."\n $X + $Y $X.concat($Y) `...${...}...`\n $X.concat("...")\n ``Error analyzing company name:` $UTIL = require(\'util\')\n...\n $UTIL.format(``Error analyzing company name:`,error,...)\n console.error(``Error analyzing company name:`,error,...)\n', PosixPath('server/lib/search-modules.ts'), 'config..semgrep.vendored-rules.javascript.lang.security.audit.unsafe-formatstring') match_id = c633aadbfc3dbb43e936291e3f887dc1a339817bef1b1930ee483a9beca04ee65a223c037212986af6b42a0fc5a631a9a3999cf18f8beac78e8653badaf9b71f_0
2025-06-30 15:26:46,223 - semgrep.rule_match - DEBUG - match_key = ('', PosixPath('server/lib/search-modules.ts'), 'config..semgrep.vendored-rules.javascript.lang.security.audit.unsafe-formatstring') match_id = ee9ad6e7178eaaf36e32c1392d2d7d68abbe1fc0ec9705566e61efa662ecb666ac52300c8b8a31f89f24d342d2c8189d900261d2d6144f600a9483dc1c02b2b6_0
2025-06-30 15:26:46,224 - semgrep.rule_match - DEBUG - match_key = ('"..." + "..."\n $X + $Y $X.concat($Y) `...${...}...`\n $X.concat("...")\n ``Failed to execute search searchId:` $UTIL = require(\'util\')\n...\n $UTIL.format(``Failed to execute search searchId:`,error,...)\n console.error(``Failed to execute search searchId:`,error,...)\n', PosixPath('server/lib/search-modules.ts'), 'config..semgrep.vendored-rules.javascript.lang.security.audit.unsafe-formatstring') match_id = 1b2ae4a44fa247a0a281f38f1363704b4a9e63f9e563e31599a3497651852178f90da907b481fd4e8b713bc3fe12b30616c912080bc88dbd017bde5137b62689_0
2025-06-30 15:26:46,224 - semgrep.rule_match - DEBUG - match_key = ('"..." + "..."\n $X + $Y $X.concat($Y) `...${...}...`\n $X.concat("...")\n ``Failed to execute search searchId:` $UTIL = require(\'util\')\n...\n $UTIL.format(``Failed to execute search searchId:`,error,...)\n console.error(``Failed to execute search searchId:`,error,...)\n', PosixPath('server/lib/search-modules.ts'), 'config..semgrep.vendored-rules.javascript.lang.security.audit.unsafe-formatstring') match_id = 1b2ae4a44fa247a0a281f38f1363704b4a9e63f9e563e31599a3497651852178f90da907b481fd4e8b713bc3fe12b30616c912080bc88dbd017bde5137b62689_0
2025-06-30 15:26:46,225 - semgrep.rule_match - DEBUG - match_key = ('"..." + "..."\n $X + $Y $X.concat($Y) `...${...}...`\n $X.concat("...")\n ``Failed to execute search searchId:` $UTIL = require(\'util\')\n...\n $UTIL.format(``Failed to execute search searchId:`,error,...)\n console.error(``Failed to execute search searchId:`,error,...)\n', PosixPath('server/lib/search-modules.ts'), 'config..semgrep.vendored-rules.javascript.lang.security.audit.unsafe-formatstring') match_id = 1b2ae4a44fa247a0a281f38f1363704b4a9e63f9e563e31599a3497651852178f90da907b481fd4e8b713bc3fe12b30616c912080bc88dbd017bde5137b62689_0
2025-06-30 15:26:46,225 - semgrep.rule_match - DEBUG - match_key = ('', PosixPath('server/lib/search-modules.ts'), 'config..semgrep.vendored-rules.javascript.lang.security.audit.unsafe-formatstring') match_id = ee9ad6e7178eaaf36e32c1392d2d7d68abbe1fc0ec9705566e61efa662ecb666ac52300c8b8a31f89f24d342d2c8189d900261d2d6144f600a9483dc1c02b2b6_0
2025-06-30 15:26:46,226 - semgrep.rule_match - DEBUG - match_key = ('"..." + "..."\n $X + $Y $X.concat($Y) `...${...}...`\n $X.concat("...")\n ``Failed to execute search search.id:` $UTIL = require(\'util\')\n...\n $UTIL.format(``Failed to execute search search.id:`,error,...)\n console.error(``Failed to execute search search.id:`,error,...)\n', PosixPath('server/lib/search-modules.ts'), 'config..semgrep.vendored-rules.javascript.lang.security.audit.unsafe-formatstring') match_id = 93c61d21b8b6043165d69e4c2ae6a64fc780dda0c99111c32b9404705070633b10faa2324cc3921ea07e1524868868b50e5a6b94b258fc25291c84a63cfd4447_0
2025-06-30 15:26:46,226 - semgrep.rule_match - DEBUG - match_key = ('"..." + "..."\n $X + $Y $X.concat($Y) `...${...}...`\n $X.concat("...")\n ``Failed to execute search search.id:` $UTIL = require(\'util\')\n...\n $UTIL.format(``Failed to execute search search.id:`,error,...)\n console.error(``Failed to execute search search.id:`,error,...)\n', PosixPath('server/lib/search-modules.ts'), 'config..semgrep.vendored-rules.javascript.lang.security.audit.unsafe-formatstring') match_id = 93c61d21b8b6043165d69e4c2ae6a64fc780dda0c99111c32b9404705070633b10faa2324cc3921ea07e1524868868b50e5a6b94b258fc25291c84a63cfd4447_0
2025-06-30 15:26:46,227 - semgrep.rule_match - DEBUG - match_key = ('"..." + "..."\n $X + $Y $X.concat($Y) `...${...}...`\n $X.concat("...")\n ``Failed to execute search search.id:` $UTIL = require(\'util\')\n...\n $UTIL.format(``Failed to execute search search.id:`,error,...)\n console.error(``Failed to execute search search.id:`,error,...)\n', PosixPath('server/lib/search-modules.ts'), 'config..semgrep.vendored-rules.javascript.lang.security.audit.unsafe-formatstring') match_id = 93c61d21b8b6043165d69e4c2ae6a64fc780dda0c99111c32b9404705070633b10faa2324cc3921ea07e1524868868b50e5a6b94b258fc25291c84a63cfd4447_0
2025-06-30 15:26:46,227 - semgrep.rule_match - DEBUG - match_key = ('', PosixPath('server/lib/search-modules.ts'), 'config..semgrep.vendored-rules.javascript.lang.security.audit.unsafe-formatstring') match_id = ee9ad6e7178eaaf36e32c1392d2d7d68abbe1fc0ec9705566e61efa662ecb666ac52300c8b8a31f89f24d342d2c8189d900261d2d6144f600a9483dc1c02b2b6_0
2025-06-30 15:26:46,228 - semgrep.rule_match - DEBUG - match_key = ('"..." + "..."\n $X + $Y $X.concat($Y) `...${...}...`\n $X.concat("...")\n ``Failed to execute search searchId:` $UTIL = require(\'util\')\n...\n $UTIL.format(``Failed to execute search searchId:`,error,...)\n console.error(``Failed to execute search searchId:`,error,...)\n', PosixPath('server/lib/search-modules.ts'), 'config..semgrep.vendored-rules.javascript.lang.security.audit.unsafe-formatstring') match_id = 1b2ae4a44fa247a0a281f38f1363704b4a9e63f9e563e31599a3497651852178f90da907b481fd4e8b713bc3fe12b30616c912080bc88dbd017bde5137b62689_0
2025-06-30 15:26:46,228 - semgrep.rule_match - DEBUG - match_key = ('"..." + "..."\n $X + $Y $X.concat($Y) `...${...}...`\n $X.concat("...")\n ``Failed to execute search searchId:` $UTIL = require(\'util\')\n...\n $UTIL.format(``Failed to execute search searchId:`,error,...)\n console.error(``Failed to execute search searchId:`,error,...)\n', PosixPath('server/lib/search-modules.ts'), 'config..semgrep.vendored-rules.javascript.lang.security.audit.unsafe-formatstring') match_id = 1b2ae4a44fa247a0a281f38f1363704b4a9e63f9e563e31599a3497651852178f90da907b481fd4e8b713bc3fe12b30616c912080bc88dbd017bde5137b62689_0
2025-06-30 15:26:46,229 - semgrep.rule_match - DEBUG - match_key = ('"..." + "..."\n $X + $Y $X.concat($Y) `...${...}...`\n $X.concat("...")\n ``Failed to execute search searchId:` $UTIL = require(\'util\')\n...\n $UTIL.format(``Failed to execute search searchId:`,error,...)\n console.error(``Failed to execute search searchId:`,error,...)\n', PosixPath('server/lib/search-modules.ts'), 'config..semgrep.vendored-rules.javascript.lang.security.audit.unsafe-formatstring') match_id = 1b2ae4a44fa247a0a281f38f1363704b4a9e63f9e563e31599a3497651852178f90da907b481fd4e8b713bc3fe12b30616c912080bc88dbd017bde5137b62689_1
2025-06-30 15:26:46,230 - semgrep.rule_match - DEBUG - match_key = ('', PosixPath('server/lib/search-modules.ts'), 'config..semgrep.vendored-rules.javascript.lang.security.audit.unsafe-formatstring') match_id = ee9ad6e7178eaaf36e32c1392d2d7d68abbe1fc0ec9705566e61efa662ecb666ac52300c8b8a31f89f24d342d2c8189d900261d2d6144f600a9483dc1c02b2b6_0
2025-06-30 15:26:46,230 - semgrep.rule_match - DEBUG - match_key = ('"..." + "..."\n $X + $Y $X.concat($Y) `...${...}...`\n $X.concat("...")\n ``Error analyzing contact contact.name:` $UTIL = require(\'util\')\n...\n $UTIL.format(``Error analyzing contact contact.name:`,error,...)\n console.error(``Error analyzing contact contact.name:`,error,...)\n', PosixPath('server/lib/search-modules.ts'), 'config..semgrep.vendored-rules.javascript.lang.security.audit.unsafe-formatstring') match_id = a39a553dbce2d9318e255bc3e575e52023f03381d61195c72c42d471064de1a0cdb268776fc6a2324ee940a607484fbdb10d414ec64f7c3e5fbe353d63d9ceb7_0
2025-06-30 15:26:46,231 - semgrep.rule_match - DEBUG - match_key = ('"..." + "..."\n $X + $Y $X.concat($Y) `...${...}...`\n $X.concat("...")\n ``Error analyzing contact contact.name:` $UTIL = require(\'util\')\n...\n $UTIL.format(``Error analyzing contact contact.name:`,error,...)\n console.error(``Error analyzing contact contact.name:`,error,...)\n', PosixPath('server/lib/search-modules.ts'), 'config..semgrep.vendored-rules.javascript.lang.security.audit.unsafe-formatstring') match_id = a39a553dbce2d9318e255bc3e575e52023f03381d61195c72c42d471064de1a0cdb268776fc6a2324ee940a607484fbdb10d414ec64f7c3e5fbe353d63d9ceb7_0
2025-06-30 15:26:46,232 - semgrep.rule_match - DEBUG - match_key = ('"..." + "..."\n $X + $Y $X.concat($Y) `...${...}...`\n $X.concat("...")\n ``Error analyzing contact contact.name:` $UTIL = require(\'util\')\n...\n $UTIL.format(``Error analyzing contact contact.name:`,error,...)\n console.error(``Error analyzing contact contact.name:`,error,...)\n', PosixPath('server/lib/search-modules.ts'), 'config..semgrep.vendored-rules.javascript.lang.security.audit.unsafe-formatstring') match_id = a39a553dbce2d9318e255bc3e575e52023f03381d61195c72c42d471064de1a0cdb268776fc6a2324ee940a607484fbdb10d414ec64f7c3e5fbe353d63d9ceb7_0
2025-06-30 15:26:46,232 - semgrep.rule_match - DEBUG - match_key = ('', PosixPath('server/lib/webhook-logger.ts'), 'config..semgrep.vendored-rules.javascript.lang.security.audit.unsafe-formatstring') match_id = c2158c124c09a6278640bb9ca061d2962a44bb8c3bac2a73acc4be1bb803567ff65582654c09e84625d89c017750f214ab2dff272a0ace9f5a48415663984ea5_0
2025-06-30 15:26:46,233 - semgrep.rule_match - DEBUG - match_key = ('"..." + "..."\n $X + $Y $X.concat($Y) `...${...}...`\n $X.concat("...")\n ``[new Date().toISOString()] Logging outgoing N8N request:` $UTIL = require(\'util\')\n...\n $UTIL.format(``[new Date().toISOString()] Logging outgoing N8N request:`,{requestId requestId searchId searchId url url payload payload},...)\n console.log(``[new Date().toISOString()] Logging outgoing N8N request:`,{requestId requestId searchId searchId url url payload payload},...)\n', PosixPath('server/lib/webhook-logger.ts'), 'config..semgrep.vendored-rules.javascript.lang.security.audit.unsafe-formatstring') match_id = 6da363c5871aa6616c8686b3d7cc6f3c2f87ce959d81da29cf965721cedc8f6bbd3498d08af00937009763e5fe42d3f00d5916efacbd6ec54c1e534c4012b257_0
2025-06-30 15:26:46,233 - semgrep.rule_match - DEBUG - match_key = ('"..." + "..."\n $X + $Y $X.concat($Y) `...${...}...`\n $X.concat("...")\n ``[new Date().toISOString()] Logging outgoing N8N request:` $UTIL = require(\'util\')\n...\n $UTIL.format(``[new Date().toISOString()] Logging outgoing N8N request:`,{requestId requestId searchId searchId url url payload payload},...)\n console.log(``[new Date().toISOString()] Logging outgoing N8N request:`,{requestId requestId searchId searchId url url payload payload},...)\n', PosixPath('server/lib/webhook-logger.ts'), 'config..semgrep.vendored-rules.javascript.lang.security.audit.unsafe-formatstring') match_id = 6da363c5871aa6616c8686b3d7cc6f3c2f87ce959d81da29cf965721cedc8f6bbd3498d08af00937009763e5fe42d3f00d5916efacbd6ec54c1e534c4012b257_0
2025-06-30 15:26:46,233 - semgrep.rule_match - DEBUG - match_key = ('"..." + "..."\n $X + $Y $X.concat($Y) `...${...}...`\n $X.concat("...")\n ``[new Date().toISOString()] Logging outgoing N8N request:` $UTIL = require(\'util\')\n...\n $UTIL.format(``[new Date().toISOString()] Logging outgoing N8N request:`,{requestId requestId searchId searchId url url payload payload},...)\n console.log(``[new Date().toISOString()] Logging outgoing N8N request:`,{requestId requestId searchId searchId url url payload payload},...)\n', PosixPath('server/lib/webhook-logger.ts'), 'config..semgrep.vendored-rules.javascript.lang.security.audit.unsafe-formatstring') match_id = 6da363c5871aa6616c8686b3d7cc6f3c2f87ce959d81da29cf965721cedc8f6bbd3498d08af00937009763e5fe42d3f00d5916efacbd6ec54c1e534c4012b257_0
2025-06-30 15:26:46,234 - semgrep.rule_match - DEBUG - match_key = ('', PosixPath('server/lib/webhook-logger.ts'), 'config..semgrep.vendored-rules.javascript.lang.security.audit.unsafe-formatstring') match_id = c2158c124c09a6278640bb9ca061d2962a44bb8c3bac2a73acc4be1bb803567ff65582654c09e84625d89c017750f214ab2dff272a0ace9f5a48415663984ea5_0
2025-06-30 15:26:46,234 - semgrep.rule_match - DEBUG - match_key = ('"..." + "..."\n $X + $Y $X.concat($Y) `...${...}...`\n $X.concat("...")\n ``[new Date().toISOString()] Logging incoming N8N webhook:` $UTIL = require(\'util\')\n...\n $UTIL.format(``[new Date().toISOString()] Logging incoming N8N webhook:`,{requestId requestId searchId searchId payload payload},...)\n console.log(``[new Date().toISOString()] Logging incoming N8N webhook:`,{requestId requestId searchId searchId payload payload},...)\n', PosixPath('server/lib/webhook-logger.ts'), 'config..semgrep.vendored-rules.javascript.lang.security.audit.unsafe-formatstring') match_id = 8be104a6cb6ce0d3f2ddd199a46f642f5613d79689658f847a2a251418f8f592cb7f6dc0b0029bf3823cea2e617080aceebfd7e8ce3b669c3d7636bde49d9afa_0
2025-06-30 15:26:46,235 - semgrep.rule_match - DEBUG - match_key = ('"..." + "..."\n $X + $Y $X.concat($Y) `...${...}...`\n $X.concat("...")\n ``[new Date().toISOString()] Logging incoming N8N webhook:` $UTIL = require(\'util\')\n...\n $UTIL.format(``[new Date().toISOString()] Logging incoming N8N webhook:`,{requestId requestId searchId searchId payload payload},...)\n console.log(``[new Date().toISOString()] Logging incoming N8N webhook:`,{requestId requestId searchId searchId payload payload},...)\n', PosixPath('server/lib/webhook-logger.ts'), 'config..semgrep.vendored-rules.javascript.lang.security.audit.unsafe-formatstring') match_id = 8be104a6cb6ce0d3f2ddd199a46f642f5613d79689658f847a2a251418f8f592cb7f6dc0b0029bf3823cea2e617080aceebfd7e8ce3b669c3d7636bde49d9afa_0
2025-06-30 15:26:46,235 - semgrep.rule_match - DEBUG - match_key = ('"..." + "..."\n $X + $Y $X.concat($Y) `...${...}...`\n $X.concat("...")\n ``[new Date().toISOString()] Logging incoming N8N webhook:` $UTIL = require(\'util\')\n...\n $UTIL.format(``[new Date().toISOString()] Logging incoming N8N webhook:`,{requestId requestId searchId searchId payload payload},...)\n console.log(``[new Date().toISOString()] Logging incoming N8N webhook:`,{requestId requestId searchId searchId payload payload},...)\n', PosixPath('server/lib/webhook-logger.ts'), 'config..semgrep.vendored-rules.javascript.lang.security.audit.unsafe-formatstring') match_id = 8be104a6cb6ce0d3f2ddd199a46f642f5613d79689658f847a2a251418f8f592cb7f6dc0b0029bf3823cea2e617080aceebfd7e8ce3b669c3d7636bde49d9afa_0
2025-06-30 15:26:46,236 - semgrep.rule_match - DEBUG - match_key = ('', PosixPath('server/lib/webhook-logger.ts'), 'config..semgrep.vendored-rules.javascript.lang.security.audit.unsafe-formatstring') match_id = c2158c124c09a6278640bb9ca061d2962a44bb8c3bac2a73acc4be1bb803567ff65582654c09e84625d89c017750f214ab2dff272a0ace9f5a48415663984ea5_0
2025-06-30 15:26:46,236 - semgrep.rule_match - DEBUG - match_key = ('"..." + "..."\n $X + $Y $X.concat($Y) `...${...}...`\n $X.concat("...")\n ``[new Date().toISOString()] Logging HTTP status for requestId:` $UTIL = require(\'util\')\n...\n $UTIL.format(``[new Date().toISOString()] Logging HTTP status for requestId:`,{statusCode statusCode statusText statusText},...)\n console.log(``[new Date().toISOString()] Logging HTTP status for requestId:`,{statusCode statusCode statusText statusText},...)\n', PosixPath('server/lib/webhook-logger.ts'), 'config..semgrep.vendored-rules.javascript.lang.security.audit.unsafe-formatstring') match_id = d25482e5cb27b73e42476eba118f03a8529dbc616003156c5d4da66944d06b5c32d2564ad9c803b34503ce9155c0835c4659cae8ef3875d127515eeb80846836_0
2025-06-30 15:26:46,237 - semgrep.rule_match - DEBUG - match_key = ('"..." + "..."\n $X + $Y $X.concat($Y) `...${...}...`\n $X.concat("...")\n ``[new Date().toISOString()] Logging HTTP status for requestId:` $UTIL = require(\'util\')\n...\n $UTIL.format(``[new Date().toISOString()] Logging HTTP status for requestId:`,{statusCode statusCode statusText statusText},...)\n console.log(``[new Date().toISOString()] Logging HTTP status for requestId:`,{statusCode statusCode statusText statusText},...)\n', PosixPath('server/lib/webhook-logger.ts'), 'config..semgrep.vendored-rules.javascript.lang.security.audit.unsafe-formatstring') match_id = d25482e5cb27b73e42476eba118f03a8529dbc616003156c5d4da66944d06b5c32d2564ad9c803b34503ce9155c0835c4659cae8ef3875d127515eeb80846836_0
2025-06-30 15:26:46,237 - semgrep.rule_match - DEBUG - match_key = ('"..." + "..."\n $X + $Y $X.concat($Y) `...${...}...`\n $X.concat("...")\n ``[new Date().toISOString()] Logging HTTP status for requestId:` $UTIL = require(\'util\')\n...\n $UTIL.format(``[new Date().toISOString()] Logging HTTP status for requestId:`,{statusCode statusCode statusText statusText},...)\n console.log(``[new Date().toISOString()] Logging HTTP status for requestId:`,{statusCode statusCode statusText statusText},...)\n', PosixPath('server/lib/webhook-logger.ts'), 'config..semgrep.vendored-rules.javascript.lang.security.audit.unsafe-formatstring') match_id = d25482e5cb27b73e42476eba118f03a8529dbc616003156c5d4da66944d06b5c32d2564ad9c803b34503ce9155c0835c4659cae8ef3875d127515eeb80846836_0
2025-06-30 15:26:46,238 - semgrep.rule_match - DEBUG - match_key = ('', PosixPath('server/routes.ts'), 'config..semgrep.vendored-rules.javascript.lang.security.html-in-template-string') match_id = 252d5e9e3e03042b085042d3b73c68eb69c19f4051b0e0598394b2319328aec1c19bc319257e0271964c432f360d6d25c2037663d24d0ece653155f447f28f20_0
2025-06-30 15:26:46,238 - semgrep.rule_match - DEBUG - match_key = ('/contacts</loc>\n    <changefreq>daily</changefreq>\n    <priority>0.7</priority>\n  </url>\n</urlset> .*</?[a-zA-Z] `/contacts</loc>\n    <changefreq>daily</changefreq>\n    <priority>0.7</priority>\n  </url>\n</urlset>${baseUrl}...`\n `...${baseUrl}/contacts</loc>\n    <changefreq>daily</changefreq>\n    <priority>0.7</priority>\n  </url>\n</urlset>`\n', PosixPath('server/routes.ts'), 'config..semgrep.vendored-rules.javascript.lang.security.html-in-template-string') match_id = d9bc13a1f897d01aca52907e85acf15e34666cf93e50e50b466099a6d2c34991d12b8b5c1d0f483e9589662e11a1b4d9fab6fdb411cf854442d69c0e980f7c2c_0
2025-06-30 15:26:46,239 - semgrep.rule_match - DEBUG - match_key = ('/contacts</loc>\n    <changefreq>daily</changefreq>\n    <priority>0.7</priority>\n  </url>\n</urlset> .*</?[a-zA-Z] `/contacts</loc>\n    <changefreq>daily</changefreq>\n    <priority>0.7</priority>\n  </url>\n</urlset>${baseUrl}...`\n `...${baseUrl}/contacts</loc>\n    <changefreq>daily</changefreq>\n    <priority>0.7</priority>\n  </url>\n</urlset>`\n', PosixPath('server/routes.ts'), 'config..semgrep.vendored-rules.javascript.lang.security.html-in-template-string') match_id = d9bc13a1f897d01aca52907e85acf15e34666cf93e50e50b466099a6d2c34991d12b8b5c1d0f483e9589662e11a1b4d9fab6fdb411cf854442d69c0e980f7c2c_0
2025-06-30 15:26:46,240 - semgrep.rule_match - DEBUG - match_key = ('/contacts</loc>\n    <changefreq>daily</changefreq>\n    <priority>0.7</priority>\n  </url>\n</urlset> .*</?[a-zA-Z] `/contacts</loc>\n    <changefreq>daily</changefreq>\n    <priority>0.7</priority>\n  </url>\n</urlset>${baseUrl}...`\n `...${baseUrl}/contacts</loc>\n    <changefreq>daily</changefreq>\n    <priority>0.7</priority>\n  </url>\n</urlset>`\n', PosixPath('server/routes.ts'), 'config..semgrep.vendored-rules.javascript.lang.security.html-in-template-string') match_id = d9bc13a1f897d01aca52907e85acf15e34666cf93e50e50b466099a6d2c34991d12b8b5c1d0f483e9589662e11a1b4d9fab6fdb411cf854442d69c0e980f7c2c_0
2025-06-30 15:26:46,240 - semgrep.rule_match - DEBUG - match_key = ('', PosixPath('server/routes.ts'), 'config..semgrep.vendored-rules.javascript.lang.security.audit.unsafe-formatstring') match_id = e24e3288a32c9ad4921da20b227a0587a0596856ea79e7c29c73137fde834094f382cf9604ac765ec32471f83cf1196712bec140c3a2b18c933a6c2a040a826f_0
2025-06-30 15:26:46,241 - semgrep.rule_match - DEBUG - match_key = ('"..." + "..."\n $X + $Y $X.concat($Y) `...${...}...`\n $X.concat("...")\n ``List update failed: Invalid companies for user userId:` $UTIL = require(\'util\')\n...\n $UTIL.format(``List update failed: Invalid companies for user userId:`,invalidCompanies.map(c=>=>c.id),...)\n console.log(``List update failed: Invalid companies for user userId:`,invalidCompanies.map(c=>=>c.id),...)\n', PosixPath('server/routes.ts'), 'config..semgrep.vendored-rules.javascript.lang.security.audit.unsafe-formatstring') match_id = fe0cb2c9895a7ce8720b65ea49bd27a2f76e6277dc5a3b525e2d879a56cdeeae23614e90c4f23ff3d0b5429a69a0289a8ee018ae001b8d3a0b0715fd59f3d9c7_0
2025-06-30 15:26:46,242 - semgrep.rule_match - DEBUG - match_key = ('"..." + "..."\n $X + $Y $X.concat($Y) `...${...}...`\n $X.concat("...")\n ``List update failed: Invalid companies for user userId:` $UTIL = require(\'util\')\n...\n $UTIL.format(``List update failed: Invalid companies for user userId:`,invalidCompanies.map(c=>=>c.id),...)\n console.log(``List update failed: Invalid companies for user userId:`,invalidCompanies.map(c=>=>c.id),...)\n', PosixPath('server/routes.ts'), 'config..semgrep.vendored-rules.javascript.lang.security.audit.unsafe-formatstring') match_id = fe0cb2c9895a7ce8720b65ea49bd27a2f76e6277dc5a3b525e2d879a56cdeeae23614e90c4f23ff3d0b5429a69a0289a8ee018ae001b8d3a0b0715fd59f3d9c7_0
2025-06-30 15:26:46,242 - semgrep.rule_match - DEBUG - match_key = ('"..." + "..."\n $X + $Y $X.concat($Y) `...${...}...`\n $X.concat("...")\n ``List update failed: Invalid companies for user userId:` $UTIL = require(\'util\')\n...\n $UTIL.format(``List update failed: Invalid companies for user userId:`,invalidCompanies.map(c=>=>c.id),...)\n console.log(``List update failed: Invalid companies for user userId:`,invalidCompanies.map(c=>=>c.id),...)\n', PosixPath('server/routes.ts'), 'config..semgrep.vendored-rules.javascript.lang.security.audit.unsafe-formatstring') match_id = fe0cb2c9895a7ce8720b65ea49bd27a2f76e6277dc5a3b525e2d879a56cdeeae23614e90c4f23ff3d0b5429a69a0289a8ee018ae001b8d3a0b0715fd59f3d9c7_0
2025-06-30 15:26:46,243 - semgrep.rule_match - DEBUG - match_key = ('', PosixPath('server/routes.ts'), 'config..semgrep.vendored-rules.javascript.lang.security.audit.unsafe-formatstring') match_id = e24e3288a32c9ad4921da20b227a0587a0596856ea79e7c29c73137fde834094f382cf9604ac765ec32471f83cf1196712bec140c3a2b18c933a6c2a040a826f_0
2025-06-30 15:26:46,244 - semgrep.rule_match - DEBUG - match_key = ('"..." + "..."\n $X + $Y $X.concat($Y) `...${...}...`\n $X.concat("...")\n ``[COMPANY CONFIG] companyName - Search config:` $UTIL = require(\'util\')\n...\n $UTIL.format(``[COMPANY CONFIG] companyName - Search config:`,{enableCoreLeadership contactSearchConfig?.?.enableCoreLeadership enableDepartmentHeads contactSearchConfig?.?.enableDepartmentHeads enableMiddleManagement contactSearchConfig?.?.enableMiddleManagement enableCustomSearch contactSearchConfig?.?.enableCustomSearch customSearchTarget contactSearchConfig?.?.customSearchTarget},...)\n console.log(``[COMPANY CONFIG] companyName - Search config:`,{enableCoreLeadership contactSearchConfig?.?.enableCoreLeadership enableDepartmentHeads contactSearchConfig?.?.enableDepartmentHeads enableMiddleManagement contactSearchConfig?.?.enableMiddleManagement enableCustomSearch contactSearchConfig?.?.enableCustomSearch customSearchTarget contactSearchConfig?.?.customSearchTarget},...)\n', PosixPath('server/routes.ts'), 'config..semgrep.vendored-rules.javascript.lang.security.audit.unsafe-formatstring') match_id = 82f7c9f0df4870bd0f2a9f16d1941179e194fedfdfe40e98df039fdf7531e4db1b3b4d338ec616ad0540638b872adde5d8790ece62d9b8dcc6675eb9b6352015_0
2025-06-30 15:26:46,244 - semgrep.rule_match - DEBUG - match_key = ('"..." + "..."\n $X + $Y $X.concat($Y) `...${...}...`\n $X.concat("...")\n ``[COMPANY CONFIG] companyName - Search config:` $UTIL = require(\'util\')\n...\n $UTIL.format(``[COMPANY CONFIG] companyName - Search config:`,{enableCoreLeadership contactSearchConfig?.?.enableCoreLeadership enableDepartmentHeads contactSearchConfig?.?.enableDepartmentHeads enableMiddleManagement contactSearchConfig?.?.enableMiddleManagement enableCustomSearch contactSearchConfig?.?.enableCustomSearch customSearchTarget contactSearchConfig?.?.customSearchTarget},...)\n console.log(``[COMPANY CONFIG] companyName - Search config:`,{enableCoreLeadership contactSearchConfig?.?.enableCoreLeadership enableDepartmentHeads contactSearchConfig?.?.enableDepartmentHeads enableMiddleManagement contactSearchConfig?.?.enableMiddleManagement enableCustomSearch contactSearchConfig?.?.enableCustomSearch customSearchTarget contactSearchConfig?.?.customSearchTarget},...)\n', PosixPath('server/routes.ts'), 'config..semgrep.vendored-rules.javascript.lang.security.audit.unsafe-formatstring') match_id = 82f7c9f0df4870bd0f2a9f16d1941179e194fedfdfe40e98df039fdf7531e4db1b3b4d338ec616ad0540638b872adde5d8790ece62d9b8dcc6675eb9b6352015_0
2025-06-30 15:26:46,245 - semgrep.rule_match - DEBUG - match_key = ('"..." + "..."\n $X + $Y $X.concat($Y) `...${...}...`\n $X.concat("...")\n ``[COMPANY CONFIG] companyName - Search config:` $UTIL = require(\'util\')\n...\n $UTIL.format(``[COMPANY CONFIG] companyName - Search config:`,{enableCoreLeadership contactSearchConfig?.?.enableCoreLeadership enableDepartmentHeads contactSearchConfig?.?.enableDepartmentHeads enableMiddleManagement contactSearchConfig?.?.enableMiddleManagement enableCustomSearch contactSearchConfig?.?.enableCustomSearch customSearchTarget contactSearchConfig?.?.customSearchTarget},...)\n console.log(``[COMPANY CONFIG] companyName - Search config:`,{enableCoreLeadership contactSearchConfig?.?.enableCoreLeadership enableDepartmentHeads contactSearchConfig?.?.enableDepartmentHeads enableMiddleManagement contactSearchConfig?.?.enableMiddleManagement enableCustomSearch contactSearchConfig?.?.enableCustomSearch customSearchTarget contactSearchConfig?.?.customSearchTarget},...)\n', PosixPath('server/routes.ts'), 'config..semgrep.vendored-rules.javascript.lang.security.audit.unsafe-formatstring') match_id = 82f7c9f0df4870bd0f2a9f16d1941179e194fedfdfe40e98df039fdf7531e4db1b3b4d338ec616ad0540638b872adde5d8790ece62d9b8dcc6675eb9b6352015_0
2025-06-30 15:26:46,246 - semgrep.rule_match - DEBUG - match_key = ('', PosixPath('server/routes.ts'), 'config..semgrep.vendored-rules.javascript.express.security.express-data-exfiltration') match_id = d29bce75873677b533ac1db94114db66e9ea49d41e4117bacb2240e842dcd7c73d59f3b58f1745bd848cac2d54432cf62e4c68db7688f51ca1f7cd059f17ed07_0
2025-06-30 15:26:46,247 - semgrep.rule_match - DEBUG - match_key = ('app.post(..., function $FUNC(req, res) {...}) app.post(..., function $FUNC(req, res, $NEXT) {...}) post ^(get|post|put|head|delete|options)$ function ... (req, res) {...} function ... (req, res, $NEXT) {...} req.body req.cookies req.headers req.params req.query req ({ req }: Request,res: Response) => {...}\n ({ req }: Request,res: Response, $NEXT: NextFunction) =>\n{...}\n body cookies headers params query Object.assign(...)', PosixPath('server/routes.ts'), 'config..semgrep.vendored-rules.javascript.express.security.express-data-exfiltration') match_id = c62dba2e7a5fc138af7010ffb02cfd368357205baa32a5374abd4efbd356579ecc7f278a099694b90dc4fa4f45ddf81c6d357b5908db21dac65bb069915ea129_0
2025-06-30 15:26:46,248 - semgrep.rule_match - DEBUG - match_key = ('app.post(..., function $FUNC(req, res) {...}) app.post(..., function $FUNC(req, res, $NEXT) {...}) post ^(get|post|put|head|delete|options)$ function ... (req, res) {...} function ... (req, res, $NEXT) {...} req.body req.cookies req.headers req.params req.query req ({ req }: Request,res: Response) => {...}\n ({ req }: Request,res: Response, $NEXT: NextFunction) =>\n{...}\n body cookies headers params query Object.assign(...)', PosixPath('server/routes.ts'), 'config..semgrep.vendored-rules.javascript.express.security.express-data-exfiltration') match_id = c62dba2e7a5fc138af7010ffb02cfd368357205baa32a5374abd4efbd356579ecc7f278a099694b90dc4fa4f45ddf81c6d357b5908db21dac65bb069915ea129_0
2025-06-30 15:26:46,248 - semgrep.rule_match - DEBUG - match_key = ('app.post(..., function $FUNC(req, res) {...}) app.post(..., function $FUNC(req, res, $NEXT) {...}) post ^(get|post|put|head|delete|options)$ function ... (req, res) {...} function ... (req, res, $NEXT) {...} req.body req.cookies req.headers req.params req.query req ({ req }: Request,res: Response) => {...}\n ({ req }: Request,res: Response, $NEXT: NextFunction) =>\n{...}\n body cookies headers params query Object.assign(...)', PosixPath('server/routes.ts'), 'config..semgrep.vendored-rules.javascript.express.security.express-data-exfiltration') match_id = c62dba2e7a5fc138af7010ffb02cfd368357205baa32a5374abd4efbd356579ecc7f278a099694b90dc4fa4f45ddf81c6d357b5908db21dac65bb069915ea129_0
2025-06-30 15:26:46,249 - semgrep.rule_match - DEBUG - match_key = ('', PosixPath('server/routes/credits.ts'), 'config..semgrep.vendored-rules.javascript.lang.security.audit.unsafe-formatstring') match_id = ce61c7f6c925e80d5298c0a27ad69d176145b4d739f70d5bf1ec31b37a59e1ee314f17036feda4439485f2eddf27e2ff75f762770d629bdd98dbe8c6cf332e12_0
2025-06-30 15:26:46,250 - semgrep.rule_match - DEBUG - match_key = ('"..." + "..."\n $X + $Y $X.concat($Y) `...${...}...`\n $X.concat("...")\n ``[Credits Route] Sending response for user userId:` $UTIL = require(\'util\')\n...\n $UTIL.format(``[Credits Route] Sending response for user userId:`,response,...)\n console.log(``[Credits Route] Sending response for user userId:`,response,...)\n', PosixPath('server/routes/credits.ts'), 'config..semgrep.vendored-rules.javascript.lang.security.audit.unsafe-formatstring') match_id = 7d9fbb24d8b50002b1c65761861fde2a9c607a8283bff4568ffd049fb45f1b0b7f817d9bbfd7953fd1b5993ed685c5568b09d0b5bddbda166880ea297254dca5_0
2025-06-30 15:26:46,250 - semgrep.rule_match - DEBUG - match_key = ('"..." + "..."\n $X + $Y $X.concat($Y) `...${...}...`\n $X.concat("...")\n ``[Credits Route] Sending response for user userId:` $UTIL = require(\'util\')\n...\n $UTIL.format(``[Credits Route] Sending response for user userId:`,response,...)\n console.log(``[Credits Route] Sending response for user userId:`,response,...)\n', PosixPath('server/routes/credits.ts'), 'config..semgrep.vendored-rules.javascript.lang.security.audit.unsafe-formatstring') match_id = 7d9fbb24d8b50002b1c65761861fde2a9c607a8283bff4568ffd049fb45f1b0b7f817d9bbfd7953fd1b5993ed685c5568b09d0b5bddbda166880ea297254dca5_0
2025-06-30 15:26:46,250 - semgrep.rule_match - DEBUG - match_key = ('"..." + "..."\n $X + $Y $X.concat($Y) `...${...}...`\n $X.concat("...")\n ``[Credits Route] Sending response for user userId:` $UTIL = require(\'util\')\n...\n $UTIL.format(``[Credits Route] Sending response for user userId:`,response,...)\n console.log(``[Credits Route] Sending response for user userId:`,response,...)\n', PosixPath('server/routes/credits.ts'), 'config..semgrep.vendored-rules.javascript.lang.security.audit.unsafe-formatstring') match_id = 7d9fbb24d8b50002b1c65761861fde2a9c607a8283bff4568ffd049fb45f1b0b7f817d9bbfd7953fd1b5993ed685c5568b09d0b5bddbda166880ea297254dca5_0
2025-06-30 15:26:46,251 - semgrep.rule_match - DEBUG - match_key = ('', PosixPath('static/js/auth-check.js'), 'config..semgrep.vendored-rules.generic.secrets.security.detected-generic-api-key') match_id = 6cbe0ef7091579f14b518df611201f6320869a062d3adecaeb4f9f9b4bc46a4d6e2e73c368e7e581700c62d4a435349904b83a3c9df9901643011dbe7fcaac1c_0
2025-06-30 15:26:46,251 - semgrep.rule_match - DEBUG - match_key = ('AIzaSyATWWlnIrPWNgxKgk5y8k71vGbJi9aDbuzU entropy [aA][pP][iI]_?[kK][eE][yY][=_:\\s-]+[\'|"]?(?<SECRET>[0-9a-zA-Z]{32,45})[\'|"]?', PosixPath('static/js/auth-check.js'), 'config..semgrep.vendored-rules.generic.secrets.security.detected-generic-api-key') match_id = b1c030907e2906091568f63068d896039682e5350d70ed14c84365518c32f8e542e5152aa23fb1cbdddca977ad029d850e4bd9707966f30c8dbf5bb394e6d395_0
2025-06-30 15:26:46,252 - semgrep.rule_match - DEBUG - match_key = ('AIzaSyATWWlnIrPWNgxKgk5y8k71vGbJi9aDbuzU entropy [aA][pP][iI]_?[kK][eE][yY][=_:\\s-]+[\'|"]?(?<SECRET>[0-9a-zA-Z]{32,45})[\'|"]?', PosixPath('static/js/auth-check.js'), 'config..semgrep.vendored-rules.generic.secrets.security.detected-generic-api-key') match_id = b1c030907e2906091568f63068d896039682e5350d70ed14c84365518c32f8e542e5152aa23fb1cbdddca977ad029d850e4bd9707966f30c8dbf5bb394e6d395_0
2025-06-30 15:26:46,252 - semgrep.rule_match - DEBUG - match_key = ('AIzaSyATWWlnIrPWNgxKgk5y8k71vGbJi9aDbuzU entropy [aA][pP][iI]_?[kK][eE][yY][=_:\\s-]+[\'|"]?(?<SECRET>[0-9a-zA-Z]{32,45})[\'|"]?', PosixPath('static/js/auth-check.js'), 'config..semgrep.vendored-rules.generic.secrets.security.detected-generic-api-key') match_id = b1c030907e2906091568f63068d896039682e5350d70ed14c84365518c32f8e542e5152aa23fb1cbdddca977ad029d850e4bd9707966f30c8dbf5bb394e6d395_0
2025-06-30 15:26:46,252 - semgrep.rule_match - DEBUG - match_key = ('', PosixPath('static/js/auth-check.js'), 'config..semgrep.vendored-rules.generic.secrets.security.detected-google-cloud-api-key') match_id = acc65486044a6ee22bbd6da7fd0dfbedaa3bd664af5a1baf1fcd6c919a451469c5d0c1679fab4ff6e391202b11dfc00cf1625964290941e661715669d084c716_0
2025-06-30 15:26:46,253 - semgrep.rule_match - DEBUG - match_key = ('AIza[0-9A-Za-z\\\\-_]{35}', PosixPath('static/js/auth-check.js'), 'config..semgrep.vendored-rules.generic.secrets.security.detected-google-cloud-api-key') match_id = 4fa8cbd37940930845d5c1735fb451955b0a660437f60517c20186601c0f8a205f1a50bb8663a03d94c9f9046e8d17c819e088e0d82c384d4870a52d22fff08b_0
2025-06-30 15:26:46,253 - semgrep.rule_match - DEBUG - match_key = ('AIza[0-9A-Za-z\\\\-_]{35}', PosixPath('static/js/auth-check.js'), 'config..semgrep.vendored-rules.generic.secrets.security.detected-google-cloud-api-key') match_id = 4fa8cbd37940930845d5c1735fb451955b0a660437f60517c20186601c0f8a205f1a50bb8663a03d94c9f9046e8d17c819e088e0d82c384d4870a52d22fff08b_0
2025-06-30 15:26:46,253 - semgrep.rule_match - DEBUG - match_key = ('AIza[0-9A-Za-z\\\\-_]{35}', PosixPath('static/js/auth-check.js'), 'config..semgrep.vendored-rules.generic.secrets.security.detected-google-cloud-api-key') match_id = 4fa8cbd37940930845d5c1735fb451955b0a660437f60517c20186601c0f8a205f1a50bb8663a03d94c9f9046e8d17c819e088e0d82c384d4870a52d22fff08b_0
2025-06-30 15:26:46,254 - semgrep.rule_match - DEBUG - match_key = ('', PosixPath('static/js/auth-check.js'), 'config..semgrep.vendored-rules.generic.secrets.gitleaks.generic-api-key') match_id = 6310fa750298ee5b68d824581ee31383d70534f24e520f728646c7434440b60d4437d49037041a68fd22125822da8282903e4c1bf13645e32e2228d2520be311_0
2025-06-30 15:26:46,254 - semgrep.rule_match - DEBUG - match_key = ('AIzaSyATWWlnIrPWNgxKgk5y8k71vGbJi9aDbuzU AIzaSyATWWlnIrPWNgxKgk5y8k71vGbJi9aDbuzU (?!(?i).*(client|endpoint|vpn|_ec2_|aws_|authorize|author|define|config|credential|setting|sample|xxxxxx|000000|buffer|delete|aaaaaa|fewfwef|getenv|env_|system|example|ecdsa|sha256|sha1|sha2|md5|alert|wizard|target|onboard|welcome|page|exploit|experiment|expire|rabbitmq|scraper|widget|music|dns_|dns-|yahoo|want|json|action|script|fix_|fix-|develop|compas|stripe|service|master|metric|tech|gitignore|rich|open|stack|irc_|irc-|sublime|kohana|has_|has-|fabric|wordpres|role|osx_|osx-|boost|addres|queue|working|sandbox|internet|print|vision|tracking|being|generator|traffic|world|pull|rust|watcher|small|auth|full|hash|more|install|auto|complete|learn|paper|installer|research|acces|last|binding|spine|into|chat|algorithm|resource|uploader|video|maker|next|proc|lock|robot|snake|patch|matrix|drill|terminal|term|stuff|genetic|generic|identity|audit|pattern|audio|web_|web-|crud|problem|statu|cms-|cms_|arch|coffee|workflow|changelog|another|uiview|content|kitchen|gnu_|gnu-|gnu\\.|conf|couchdb|client|opencv|rendering|update|concept|varnish|gui_|gui-|gui\\.|version|shared|extra|product|still|not_|not-|not\\.|drop|ring|png_|png-|png\\.|actively|import|output|backup|start|embedded|registry|pool|semantic|instagram|bash|system|ninja|drupal|jquery|polyfill|physic|league|guide|pack|synopsi|sketch|injection|svg_|svg-|svg\\.|friendly|wave|convert|manage|camera|link|slide|timer|wrapper|gallery|url_|url-|url\\.|todomvc|requirej|party|http|payment|async|library|home|coco|gaia|display|universal|func|metadata|hipchat|under|room|config|personal|realtime|resume|database|testing|tiny|basic|forum|meetup|yet_|yet-|yet\\.|cento|dead|fluentd|editor|utilitie|run_|run-|run\\.|box_|box-|box\\.|bot_|bot-|bot\\.|making|sample|group|monitor|ajax|parallel|cassandra|ultimate|site|get_|get-|get\\.|gen_|gen-|gen\\.|gem_|gem-|gem\\.|extended|image|knife|asset|nested|zero|plugin|bracket|mule|mozilla|number|act_|act-|act\\.|map_|map-|map\\.|micro|debug|openshift|chart|expres|backend|task|source|translate|jbos|composer|sqlite|profile|mustache|mqtt|yeoman|have|builder|smart|like|oauth|school|guideline|captcha|filter|bitcoin|bridge|color|toolbox|discovery|new_|new-|new\\.|dashboard|when|setting|level|post|standard|port|platform|yui_|yui-|yui\\.|grunt|animation|haskell|icon|latex|cheat|lua_|lua-|lua\\.|gulp|case|author|without|simulator|wifi|directory|lisp|list|flat|adventure|story|storm|gpu_|gpu-|gpu\\.|store|caching|attention|solr|logger|demo|shortener|hadoop|finder|phone|pipeline|range|textmate|showcase|app_|app-|app\\.|idiomatic|edit|our_|our-|our\\.|out_|out-|out\\.|sentiment|linked|why_|why-|why\\.|local|cube|gmail|job_|job-|job\\.|rpc_|rpc-|rpc\\.|contest|tcp_|tcp-|tcp\\.|usage|buildout|weather|transfer|automated|sphinx|issue|sas_|sas-|sas\\.|parallax|jasmine|addon|machine|solution|dsl_|dsl-|dsl\\.|episode|menu|theme|best|adapter|debugger|chrome|tutorial|life|step|people|joomla|paypal|developer|solver|team|current|love|visual|date|data|canva|container|future|xml_|xml-|xml\\.|twig|nagio|spatial|original|sync|archived|refinery|science|mapping|gitlab|play|ext_|ext-|ext\\.|session|impact|set_|set-|set\\.|see_|see-|see\\.|migration|commit|community|shopify|what\'|cucumber|statamic|mysql|location|tower|line|code|amqp|hello|send|index|high|notebook|alloy|python|field|document|soap|edition|email|php_|php-|php\\.|command|transport|official|upload|study|secure|angularj|akka|scalable|package|request|con_|con-|con\\.|flexible|security|comment|module|flask|graph|flash|apache|change|window|space|lambda|sheet|bookmark|carousel|friend|objective|jekyll|bootstrap|first|article|gwt_|gwt-|gwt\\.|classic|media|websocket|touch|desktop|real|read|recorder|moved|storage|validator|add-on|pusher|scs_|scs-|scs\\.|inline|asp_|asp-|asp\\.|timeline|base|encoding|ffmpeg|kindle|tinymce|pretty|jpa_|jpa-|jpa\\.|used|user|required|webhook|download|resque|espresso|cloud|mongo|benchmark|pure|cakephp|modx|mode|reactive|fuel|written|flickr|mail|brunch|meteor|dynamic|neo_|neo-|neo\\.|new_|new-|new\\.|net_|net-|net\\.|typo|type|keyboard|erlang|adobe|logging|ckeditor|message|iso_|iso-|iso\\.|hook|ldap|folder|reference|railscast|www_|www-|www\\.|tracker|azure|fork|form|digital|exporter|skin|string|template|designer|gollum|fluent|entity|language|alfred|summary|wiki|kernel|calendar|plupload|symfony|foundry|remote|talk|search|dev_|dev-|dev\\.|del_|del-|del\\.|token|idea|sencha|selector|interface|create|fun_|fun-|fun\\.|groovy|query|grail|red_|red-|red\\.|laravel|monkey|slack|supported|instant|value|center|latest|work|but_|but-|but\\.|bug_|bug-|bug\\.|virtual|tweet|statsd|studio|path|real-time|frontend|notifier|coding|tool|firmware|flow|random|mediawiki|bosh|been|beer|lightbox|theory|origin|redmine|hub_|hub-|hub\\.|require|pro_|pro-|pro\\.|ant_|ant-|ant\\.|any_|any-|any\\.|recipe|closure|mapper|event|todo|model|redi|provider|rvm_|rvm-|rvm\\.|program|memcached|rail|silex|foreman|activity|license|strategy|batch|streaming|fast|use_|use-|use\\.|usb_|usb-|usb\\.|impres|academy|slider|please|layer|cros|now_|now-|now\\.|miner|extension|own_|own-|own\\.|app_|app-|app\\.|debian|symphony|example|feature|serie|tree|project|runner|entry|leetcode|layout|webrtc|logic|login|worker|toolkit|mocha|support|back|inside|device|jenkin|contact|fake|awesome|ocaml|bit_|bit-|bit\\.|drive|screen|prototype|gist|binary|nosql|rest|overview|dart|dark|emac|mongoid|solarized|homepage|emulator|commander|django|yandex|gradle|xcode|writer|crm_|crm-|crm\\.|jade|startup|error|using|format|name|spring|parser|scratch|magic|try_|try-|try\\.|rack|directive|challenge|slim|counter|element|chosen|doc_|doc-|doc\\.|meta|should|button|packet|stream|hardware|android|infinite|password|software|ghost|xamarin|spec|chef|interview|hubot|mvc_|mvc-|mvc\\.|exercise|leaflet|launcher|air_|air-|air\\.|photo|board|boxen|way_|way-|way\\.|computing|welcome|notepad|portfolio|cat_|cat-|cat\\.|can_|can-|can\\.|magento|yaml|domain|card|yii_|yii-|yii\\.|checker|browser|upgrade|only|progres|aura|ruby_|ruby-|ruby\\.|polymer|util|lite|hackathon|rule|log_|log-|log\\.|opengl|stanford|skeleton|history|inspector|help|soon|selenium|lab_|lab-|lab\\.|scheme|schema|look|ready|leveldb|docker|game|minimal|logstash|messaging|within|heroku|mongodb|kata|suite|picker|win_|win-|win\\.|wip_|wip-|wip\\.|panel|started|starter|front-end|detector|deploy|editing|based|admin|capture|spree|page|bundle|goal|rpg_|rpg-|rpg\\.|setup|side|mean|reader|cookbook|mini|modern|seed|dom_|dom-|dom\\.|doc_|doc-|doc\\.|dot_|dot-|dot\\.|syntax|sugar|loader|website|make|kit_|kit-|kit\\.|protocol|human|daemon|golang|manager|countdown|connector|swagger|map_|map-|map\\.|mac_|mac-|mac\\.|man_|man-|man\\.|orm_|orm-|orm\\.|org_|org-|org\\.|little|zsh_|zsh-|zsh\\.|shop|show|workshop|money|grid|server|octopres|svn_|svn-|svn\\.|ember|embed|general|file|important|dropbox|portable|public|docpad|fish|sbt_|sbt-|sbt\\.|done|para|network|common|readme|popup|simple|purpose|mirror|single|cordova|exchange|object|design|gateway|account|lamp|intellij|math|mit_|mit-|mit\\.|control|enhanced|emitter|multi|add_|add-|add\\.|about|socket|preview|vagrant|cli_|cli-|cli\\.|powerful|top_|top-|top\\.|radio|watch|fluid|amazon|report|couchbase|automatic|detection|sprite|pyramid|portal|advanced|plu_|plu-|plu\\.|runtime|git_|git-|git\\.|uri_|uri-|uri\\.|haml|node|sql_|sql-|sql\\.|cool|core|obsolete|handler|iphone|extractor|array|copy|nlp_|nlp-|nlp\\.|reveal|pop_|pop-|pop\\.|engine|parse|check|html|nest|all_|all-|all\\.|chinese|buildpack|what|tag_|tag-|tag\\.|proxy|style|cookie|feed|restful|compiler|creating|prelude|context|java|rspec|mock|backbone|light|spotify|flex|related|shell|which|clas|webapp|swift|ansible|unity|console|tumblr|export|campfire|conway\'|made|riak|hero|here|unix|unit|glas|smtp|how_|how-|how\\.|hot_|hot-|hot\\.|debug|release|diff|player|easy|right|old_|old-|old\\.|animate|time|push|explorer|course|training|nette|router|draft|structure|note|salt|where|spark|trello|power|method|social|via_|via-|via\\.|vim_|vim-|vim\\.|select|webkit|github|ftp_|ftp-|ftp\\.|creator|mongoose|led_|led-|led\\.|movie|currently|pdf_|pdf-|pdf\\.|load|markdown|phalcon|input|custom|atom|oracle|phonegap|ubuntu|great|rdf_|rdf-|rdf\\.|popcorn|firefox|zip_|zip-|zip\\.|cuda|dotfile|static|openwrt|viewer|powered|graphic|les_|les-|les\\.|doe_|doe-|doe\\.|maven|word|eclipse|lab_|lab-|lab\\.|hacking|steam|analytic|option|abstract|archive|reality|switcher|club|write|kafka|arduino|angular|online|title|don\'t|contao|notice|analyzer|learning|zend|external|staging|busines|tdd_|tdd-|tdd\\.|scanner|building|snippet|modular|bower|stm_|stm-|stm\\.|lib_|lib-|lib\\.|alpha|mobile|clean|linux|nginx|manifest|some|raspberry|gnome|ide_|ide-|ide\\.|block|statistic|info|drag|youtube|koan|facebook|paperclip|art_|art-|art\\.|quality|tab_|tab-|tab\\.|need|dojo|shield|computer|stat|state|twitter|utility|converter|hosting|devise|liferay|updated|force|tip_|tip-|tip\\.|behavior|active|call|answer|deck|better|principle|ches|bar_|bar-|bar\\.|reddit|three|haxe|just|plug-in|agile|manual|tetri|super|beta|parsing|doctrine|minecraft|useful|perl|sharing|agent|switch|view|dash|channel|repo|pebble|profiler|warning|cluster|running|markup|evented|mod_|mod-|mod\\.|share|csv_|csv-|csv\\.|response|good|house|connect|built|build|find|ipython|webgl|big_|big-|big\\.|google|scala|sdl_|sdl-|sdl\\.|sdk_|sdk-|sdk\\.|native|day_|day-|day\\.|puppet|text|routing|helper|linkedin|crawler|host|guard|merchant|poker|over|writing|free|classe|component|craft|nodej|phoenix|longer|quick|lazy|memory|clone|hacker|middleman|factory|motion|multiple|tornado|hack|ssh_|ssh-|ssh\\.|review|vimrc|driver|driven|blog|particle|table|intro|importer|thrift|xmpp|framework|refresh|react|font|librarie|variou|formatter|analysi|karma|scroll|tut_|tut-|tut\\.|apple|tag_|tag-|tag\\.|tab_|tab-|tab\\.|category|ionic|cache|homebrew|reverse|english|getting|shipping|clojure|boot|book|branch|combination|combo)) AIzaSyATWWlnIrPWNgxKgk5y8k71vGbJi9aDbuzU (?!(^0x0*|^pub)|.*\\.(bin|json|exe)$|.*(?i)(Client|Factory)$|(^__[A-Za-z]+__$)|^(12345|abcd)|^\\d+(\\.\\d+)?$) AIzaSyATWWlnIrPWNgxKgk5y8k71vGbJi9aDbuzU entropy (?i)(?:key|api|token|secret|client|passwd|password|auth|access)(?:[0-9a-z\\-_\\t.]{0,20})(?:[\\s|\']|[\\s|"]){0,3}(?:=|>|:=|\\|\\|:|<=|=>|:)(?:\'|@\\"|\\"|\\s|=|\\x60){0,5}(?!([a-z]+\\.[a-zA-Z]+)|.*(\\d{4}-\\d{2}-\\d{2})|:*(?!("|\'))[0-9A-Za-z]+\\.[0-9A-Za-z]+,|[A-Z]+_[A-Z]+_)(?P<CONTENT>[0-9a-z\\-_.=\\~@]{10,150})(?:[\'|\\"|\\n|\\r|\\s|\\x60|;]|$) (\\d\\.\\d\\.\\d-}|([\\d]{1,3}\\.[\\d]{1,3}\\.[\\d]{1,3}\\.[\\d]{1,3})|(\\w)\\1{5}|(?i)keywords|xxxx|eeeeeeee|0000|\\*\\*\\*|example|test|author=|author("|\')|preview|[A-Z]+_KEY|[.]value|[.]key|-\\d\\.\\d\\.) (\\w|\\.)\\1{5} .*((?i)omitted|arn:aws|(?i)(pub.*key|public.*key)|(?i)clientToken|symbol|cache|author\\.).*', PosixPath('static/js/auth-check.js'), 'config..semgrep.vendored-rules.generic.secrets.gitleaks.generic-api-key') match_id = 5daab754154d67bc14b1d5110ffe6e796b236a1741fa0d765d91fce5266b5660759a65cd381f4eb466fcb4678bce78d51d8c8e96eb0a4db47c03e68cd984d35a_0
2025-06-30 15:26:46,255 - semgrep.rule_match - DEBUG - match_key = ('AIzaSyATWWlnIrPWNgxKgk5y8k71vGbJi9aDbuzU AIzaSyATWWlnIrPWNgxKgk5y8k71vGbJi9aDbuzU (?!(?i).*(client|endpoint|vpn|_ec2_|aws_|authorize|author|define|config|credential|setting|sample|xxxxxx|000000|buffer|delete|aaaaaa|fewfwef|getenv|env_|system|example|ecdsa|sha256|sha1|sha2|md5|alert|wizard|target|onboard|welcome|page|exploit|experiment|expire|rabbitmq|scraper|widget|music|dns_|dns-|yahoo|want|json|action|script|fix_|fix-|develop|compas|stripe|service|master|metric|tech|gitignore|rich|open|stack|irc_|irc-|sublime|kohana|has_|has-|fabric|wordpres|role|osx_|osx-|boost|addres|queue|working|sandbox|internet|print|vision|tracking|being|generator|traffic|world|pull|rust|watcher|small|auth|full|hash|more|install|auto|complete|learn|paper|installer|research|acces|last|binding|spine|into|chat|algorithm|resource|uploader|video|maker|next|proc|lock|robot|snake|patch|matrix|drill|terminal|term|stuff|genetic|generic|identity|audit|pattern|audio|web_|web-|crud|problem|statu|cms-|cms_|arch|coffee|workflow|changelog|another|uiview|content|kitchen|gnu_|gnu-|gnu\\.|conf|couchdb|client|opencv|rendering|update|concept|varnish|gui_|gui-|gui\\.|version|shared|extra|product|still|not_|not-|not\\.|drop|ring|png_|png-|png\\.|actively|import|output|backup|start|embedded|registry|pool|semantic|instagram|bash|system|ninja|drupal|jquery|polyfill|physic|league|guide|pack|synopsi|sketch|injection|svg_|svg-|svg\\.|friendly|wave|convert|manage|camera|link|slide|timer|wrapper|gallery|url_|url-|url\\.|todomvc|requirej|party|http|payment|async|library|home|coco|gaia|display|universal|func|metadata|hipchat|under|room|config|personal|realtime|resume|database|testing|tiny|basic|forum|meetup|yet_|yet-|yet\\.|cento|dead|fluentd|editor|utilitie|run_|run-|run\\.|box_|box-|box\\.|bot_|bot-|bot\\.|making|sample|group|monitor|ajax|parallel|cassandra|ultimate|site|get_|get-|get\\.|gen_|gen-|gen\\.|gem_|gem-|gem\\.|extended|image|knife|asset|nested|zero|plugin|bracket|mule|mozilla|number|act_|act-|act\\.|map_|map-|map\\.|micro|debug|openshift|chart|expres|backend|task|source|translate|jbos|composer|sqlite|profile|mustache|mqtt|yeoman|have|builder|smart|like|oauth|school|guideline|captcha|filter|bitcoin|bridge|color|toolbox|discovery|new_|new-|new\\.|dashboard|when|setting|level|post|standard|port|platform|yui_|yui-|yui\\.|grunt|animation|haskell|icon|latex|cheat|lua_|lua-|lua\\.|gulp|case|author|without|simulator|wifi|directory|lisp|list|flat|adventure|story|storm|gpu_|gpu-|gpu\\.|store|caching|attention|solr|logger|demo|shortener|hadoop|finder|phone|pipeline|range|textmate|showcase|app_|app-|app\\.|idiomatic|edit|our_|our-|our\\.|out_|out-|out\\.|sentiment|linked|why_|why-|why\\.|local|cube|gmail|job_|job-|job\\.|rpc_|rpc-|rpc\\.|contest|tcp_|tcp-|tcp\\.|usage|buildout|weather|transfer|automated|sphinx|issue|sas_|sas-|sas\\.|parallax|jasmine|addon|machine|solution|dsl_|dsl-|dsl\\.|episode|menu|theme|best|adapter|debugger|chrome|tutorial|life|step|people|joomla|paypal|developer|solver|team|current|love|visual|date|data|canva|container|future|xml_|xml-|xml\\.|twig|nagio|spatial|original|sync|archived|refinery|science|mapping|gitlab|play|ext_|ext-|ext\\.|session|impact|set_|set-|set\\.|see_|see-|see\\.|migration|commit|community|shopify|what\'|cucumber|statamic|mysql|location|tower|line|code|amqp|hello|send|index|high|notebook|alloy|python|field|document|soap|edition|email|php_|php-|php\\.|command|transport|official|upload|study|secure|angularj|akka|scalable|package|request|con_|con-|con\\.|flexible|security|comment|module|flask|graph|flash|apache|change|window|space|lambda|sheet|bookmark|carousel|friend|objective|jekyll|bootstrap|first|article|gwt_|gwt-|gwt\\.|classic|media|websocket|touch|desktop|real|read|recorder|moved|storage|validator|add-on|pusher|scs_|scs-|scs\\.|inline|asp_|asp-|asp\\.|timeline|base|encoding|ffmpeg|kindle|tinymce|pretty|jpa_|jpa-|jpa\\.|used|user|required|webhook|download|resque|espresso|cloud|mongo|benchmark|pure|cakephp|modx|mode|reactive|fuel|written|flickr|mail|brunch|meteor|dynamic|neo_|neo-|neo\\.|new_|new-|new\\.|net_|net-|net\\.|typo|type|keyboard|erlang|adobe|logging|ckeditor|message|iso_|iso-|iso\\.|hook|ldap|folder|reference|railscast|www_|www-|www\\.|tracker|azure|fork|form|digital|exporter|skin|string|template|designer|gollum|fluent|entity|language|alfred|summary|wiki|kernel|calendar|plupload|symfony|foundry|remote|talk|search|dev_|dev-|dev\\.|del_|del-|del\\.|token|idea|sencha|selector|interface|create|fun_|fun-|fun\\.|groovy|query|grail|red_|red-|red\\.|laravel|monkey|slack|supported|instant|value|center|latest|work|but_|but-|but\\.|bug_|bug-|bug\\.|virtual|tweet|statsd|studio|path|real-time|frontend|notifier|coding|tool|firmware|flow|random|mediawiki|bosh|been|beer|lightbox|theory|origin|redmine|hub_|hub-|hub\\.|require|pro_|pro-|pro\\.|ant_|ant-|ant\\.|any_|any-|any\\.|recipe|closure|mapper|event|todo|model|redi|provider|rvm_|rvm-|rvm\\.|program|memcached|rail|silex|foreman|activity|license|strategy|batch|streaming|fast|use_|use-|use\\.|usb_|usb-|usb\\.|impres|academy|slider|please|layer|cros|now_|now-|now\\.|miner|extension|own_|own-|own\\.|app_|app-|app\\.|debian|symphony|example|feature|serie|tree|project|runner|entry|leetcode|layout|webrtc|logic|login|worker|toolkit|mocha|support|back|inside|device|jenkin|contact|fake|awesome|ocaml|bit_|bit-|bit\\.|drive|screen|prototype|gist|binary|nosql|rest|overview|dart|dark|emac|mongoid|solarized|homepage|emulator|commander|django|yandex|gradle|xcode|writer|crm_|crm-|crm\\.|jade|startup|error|using|format|name|spring|parser|scratch|magic|try_|try-|try\\.|rack|directive|challenge|slim|counter|element|chosen|doc_|doc-|doc\\.|meta|should|button|packet|stream|hardware|android|infinite|password|software|ghost|xamarin|spec|chef|interview|hubot|mvc_|mvc-|mvc\\.|exercise|leaflet|launcher|air_|air-|air\\.|photo|board|boxen|way_|way-|way\\.|computing|welcome|notepad|portfolio|cat_|cat-|cat\\.|can_|can-|can\\.|magento|yaml|domain|card|yii_|yii-|yii\\.|checker|browser|upgrade|only|progres|aura|ruby_|ruby-|ruby\\.|polymer|util|lite|hackathon|rule|log_|log-|log\\.|opengl|stanford|skeleton|history|inspector|help|soon|selenium|lab_|lab-|lab\\.|scheme|schema|look|ready|leveldb|docker|game|minimal|logstash|messaging|within|heroku|mongodb|kata|suite|picker|win_|win-|win\\.|wip_|wip-|wip\\.|panel|started|starter|front-end|detector|deploy|editing|based|admin|capture|spree|page|bundle|goal|rpg_|rpg-|rpg\\.|setup|side|mean|reader|cookbook|mini|modern|seed|dom_|dom-|dom\\.|doc_|doc-|doc\\.|dot_|dot-|dot\\.|syntax|sugar|loader|website|make|kit_|kit-|kit\\.|protocol|human|daemon|golang|manager|countdown|connector|swagger|map_|map-|map\\.|mac_|mac-|mac\\.|man_|man-|man\\.|orm_|orm-|orm\\.|org_|org-|org\\.|little|zsh_|zsh-|zsh\\.|shop|show|workshop|money|grid|server|octopres|svn_|svn-|svn\\.|ember|embed|general|file|important|dropbox|portable|public|docpad|fish|sbt_|sbt-|sbt\\.|done|para|network|common|readme|popup|simple|purpose|mirror|single|cordova|exchange|object|design|gateway|account|lamp|intellij|math|mit_|mit-|mit\\.|control|enhanced|emitter|multi|add_|add-|add\\.|about|socket|preview|vagrant|cli_|cli-|cli\\.|powerful|top_|top-|top\\.|radio|watch|fluid|amazon|report|couchbase|automatic|detection|sprite|pyramid|portal|advanced|plu_|plu-|plu\\.|runtime|git_|git-|git\\.|uri_|uri-|uri\\.|haml|node|sql_|sql-|sql\\.|cool|core|obsolete|handler|iphone|extractor|array|copy|nlp_|nlp-|nlp\\.|reveal|pop_|pop-|pop\\.|engine|parse|check|html|nest|all_|all-|all\\.|chinese|buildpack|what|tag_|tag-|tag\\.|proxy|style|cookie|feed|restful|compiler|creating|prelude|context|java|rspec|mock|backbone|light|spotify|flex|related|shell|which|clas|webapp|swift|ansible|unity|console|tumblr|export|campfire|conway\'|made|riak|hero|here|unix|unit|glas|smtp|how_|how-|how\\.|hot_|hot-|hot\\.|debug|release|diff|player|easy|right|old_|old-|old\\.|animate|time|push|explorer|course|training|nette|router|draft|structure|note|salt|where|spark|trello|power|method|social|via_|via-|via\\.|vim_|vim-|vim\\.|select|webkit|github|ftp_|ftp-|ftp\\.|creator|mongoose|led_|led-|led\\.|movie|currently|pdf_|pdf-|pdf\\.|load|markdown|phalcon|input|custom|atom|oracle|phonegap|ubuntu|great|rdf_|rdf-|rdf\\.|popcorn|firefox|zip_|zip-|zip\\.|cuda|dotfile|static|openwrt|viewer|powered|graphic|les_|les-|les\\.|doe_|doe-|doe\\.|maven|word|eclipse|lab_|lab-|lab\\.|hacking|steam|analytic|option|abstract|archive|reality|switcher|club|write|kafka|arduino|angular|online|title|don\'t|contao|notice|analyzer|learning|zend|external|staging|busines|tdd_|tdd-|tdd\\.|scanner|building|snippet|modular|bower|stm_|stm-|stm\\.|lib_|lib-|lib\\.|alpha|mobile|clean|linux|nginx|manifest|some|raspberry|gnome|ide_|ide-|ide\\.|block|statistic|info|drag|youtube|koan|facebook|paperclip|art_|art-|art\\.|quality|tab_|tab-|tab\\.|need|dojo|shield|computer|stat|state|twitter|utility|converter|hosting|devise|liferay|updated|force|tip_|tip-|tip\\.|behavior|active|call|answer|deck|better|principle|ches|bar_|bar-|bar\\.|reddit|three|haxe|just|plug-in|agile|manual|tetri|super|beta|parsing|doctrine|minecraft|useful|perl|sharing|agent|switch|view|dash|channel|repo|pebble|profiler|warning|cluster|running|markup|evented|mod_|mod-|mod\\.|share|csv_|csv-|csv\\.|response|good|house|connect|built|build|find|ipython|webgl|big_|big-|big\\.|google|scala|sdl_|sdl-|sdl\\.|sdk_|sdk-|sdk\\.|native|day_|day-|day\\.|puppet|text|routing|helper|linkedin|crawler|host|guard|merchant|poker|over|writing|free|classe|component|craft|nodej|phoenix|longer|quick|lazy|memory|clone|hacker|middleman|factory|motion|multiple|tornado|hack|ssh_|ssh-|ssh\\.|review|vimrc|driver|driven|blog|particle|table|intro|importer|thrift|xmpp|framework|refresh|react|font|librarie|variou|formatter|analysi|karma|scroll|tut_|tut-|tut\\.|apple|tag_|tag-|tag\\.|tab_|tab-|tab\\.|category|ionic|cache|homebrew|reverse|english|getting|shipping|clojure|boot|book|branch|combination|combo)) AIzaSyATWWlnIrPWNgxKgk5y8k71vGbJi9aDbuzU (?!(^0x0*|^pub)|.*\\.(bin|json|exe)$|.*(?i)(Client|Factory)$|(^__[A-Za-z]+__$)|^(12345|abcd)|^\\d+(\\.\\d+)?$) AIzaSyATWWlnIrPWNgxKgk5y8k71vGbJi9aDbuzU entropy (?i)(?:key|api|token|secret|client|passwd|password|auth|access)(?:[0-9a-z\\-_\\t.]{0,20})(?:[\\s|\']|[\\s|"]){0,3}(?:=|>|:=|\\|\\|:|<=|=>|:)(?:\'|@\\"|\\"|\\s|=|\\x60){0,5}(?!([a-z]+\\.[a-zA-Z]+)|.*(\\d{4}-\\d{2}-\\d{2})|:*(?!("|\'))[0-9A-Za-z]+\\.[0-9A-Za-z]+,|[A-Z]+_[A-Z]+_)(?P<CONTENT>[0-9a-z\\-_.=\\~@]{10,150})(?:[\'|\\"|\\n|\\r|\\s|\\x60|;]|$) (\\d\\.\\d\\.\\d-}|([\\d]{1,3}\\.[\\d]{1,3}\\.[\\d]{1,3}\\.[\\d]{1,3})|(\\w)\\1{5}|(?i)keywords|xxxx|eeeeeeee|0000|\\*\\*\\*|example|test|author=|author("|\')|preview|[A-Z]+_KEY|[.]value|[.]key|-\\d\\.\\d\\.) (\\w|\\.)\\1{5} .*((?i)omitted|arn:aws|(?i)(pub.*key|public.*key)|(?i)clientToken|symbol|cache|author\\.).*', PosixPath('static/js/auth-check.js'), 'config..semgrep.vendored-rules.generic.secrets.gitleaks.generic-api-key') match_id = 5daab754154d67bc14b1d5110ffe6e796b236a1741fa0d765d91fce5266b5660759a65cd381f4eb466fcb4678bce78d51d8c8e96eb0a4db47c03e68cd984d35a_0
2025-06-30 15:26:46,256 - semgrep.rule_match - DEBUG - match_key = ('AIzaSyATWWlnIrPWNgxKgk5y8k71vGbJi9aDbuzU AIzaSyATWWlnIrPWNgxKgk5y8k71vGbJi9aDbuzU (?!(?i).*(client|endpoint|vpn|_ec2_|aws_|authorize|author|define|config|credential|setting|sample|xxxxxx|000000|buffer|delete|aaaaaa|fewfwef|getenv|env_|system|example|ecdsa|sha256|sha1|sha2|md5|alert|wizard|target|onboard|welcome|page|exploit|experiment|expire|rabbitmq|scraper|widget|music|dns_|dns-|yahoo|want|json|action|script|fix_|fix-|develop|compas|stripe|service|master|metric|tech|gitignore|rich|open|stack|irc_|irc-|sublime|kohana|has_|has-|fabric|wordpres|role|osx_|osx-|boost|addres|queue|working|sandbox|internet|print|vision|tracking|being|generator|traffic|world|pull|rust|watcher|small|auth|full|hash|more|install|auto|complete|learn|paper|installer|research|acces|last|binding|spine|into|chat|algorithm|resource|uploader|video|maker|next|proc|lock|robot|snake|patch|matrix|drill|terminal|term|stuff|genetic|generic|identity|audit|pattern|audio|web_|web-|crud|problem|statu|cms-|cms_|arch|coffee|workflow|changelog|another|uiview|content|kitchen|gnu_|gnu-|gnu\\.|conf|couchdb|client|opencv|rendering|update|concept|varnish|gui_|gui-|gui\\.|version|shared|extra|product|still|not_|not-|not\\.|drop|ring|png_|png-|png\\.|actively|import|output|backup|start|embedded|registry|pool|semantic|instagram|bash|system|ninja|drupal|jquery|polyfill|physic|league|guide|pack|synopsi|sketch|injection|svg_|svg-|svg\\.|friendly|wave|convert|manage|camera|link|slide|timer|wrapper|gallery|url_|url-|url\\.|todomvc|requirej|party|http|payment|async|library|home|coco|gaia|display|universal|func|metadata|hipchat|under|room|config|personal|realtime|resume|database|testing|tiny|basic|forum|meetup|yet_|yet-|yet\\.|cento|dead|fluentd|editor|utilitie|run_|run-|run\\.|box_|box-|box\\.|bot_|bot-|bot\\.|making|sample|group|monitor|ajax|parallel|cassandra|ultimate|site|get_|get-|get\\.|gen_|gen-|gen\\.|gem_|gem-|gem\\.|extended|image|knife|asset|nested|zero|plugin|bracket|mule|mozilla|number|act_|act-|act\\.|map_|map-|map\\.|micro|debug|openshift|chart|expres|backend|task|source|translate|jbos|composer|sqlite|profile|mustache|mqtt|yeoman|have|builder|smart|like|oauth|school|guideline|captcha|filter|bitcoin|bridge|color|toolbox|discovery|new_|new-|new\\.|dashboard|when|setting|level|post|standard|port|platform|yui_|yui-|yui\\.|grunt|animation|haskell|icon|latex|cheat|lua_|lua-|lua\\.|gulp|case|author|without|simulator|wifi|directory|lisp|list|flat|adventure|story|storm|gpu_|gpu-|gpu\\.|store|caching|attention|solr|logger|demo|shortener|hadoop|finder|phone|pipeline|range|textmate|showcase|app_|app-|app\\.|idiomatic|edit|our_|our-|our\\.|out_|out-|out\\.|sentiment|linked|why_|why-|why\\.|local|cube|gmail|job_|job-|job\\.|rpc_|rpc-|rpc\\.|contest|tcp_|tcp-|tcp\\.|usage|buildout|weather|transfer|automated|sphinx|issue|sas_|sas-|sas\\.|parallax|jasmine|addon|machine|solution|dsl_|dsl-|dsl\\.|episode|menu|theme|best|adapter|debugger|chrome|tutorial|life|step|people|joomla|paypal|developer|solver|team|current|love|visual|date|data|canva|container|future|xml_|xml-|xml\\.|twig|nagio|spatial|original|sync|archived|refinery|science|mapping|gitlab|play|ext_|ext-|ext\\.|session|impact|set_|set-|set\\.|see_|see-|see\\.|migration|commit|community|shopify|what\'|cucumber|statamic|mysql|location|tower|line|code|amqp|hello|send|index|high|notebook|alloy|python|field|document|soap|edition|email|php_|php-|php\\.|command|transport|official|upload|study|secure|angularj|akka|scalable|package|request|con_|con-|con\\.|flexible|security|comment|module|flask|graph|flash|apache|change|window|space|lambda|sheet|bookmark|carousel|friend|objective|jekyll|bootstrap|first|article|gwt_|gwt-|gwt\\.|classic|media|websocket|touch|desktop|real|read|recorder|moved|storage|validator|add-on|pusher|scs_|scs-|scs\\.|inline|asp_|asp-|asp\\.|timeline|base|encoding|ffmpeg|kindle|tinymce|pretty|jpa_|jpa-|jpa\\.|used|user|required|webhook|download|resque|espresso|cloud|mongo|benchmark|pure|cakephp|modx|mode|reactive|fuel|written|flickr|mail|brunch|meteor|dynamic|neo_|neo-|neo\\.|new_|new-|new\\.|net_|net-|net\\.|typo|type|keyboard|erlang|adobe|logging|ckeditor|message|iso_|iso-|iso\\.|hook|ldap|folder|reference|railscast|www_|www-|www\\.|tracker|azure|fork|form|digital|exporter|skin|string|template|designer|gollum|fluent|entity|language|alfred|summary|wiki|kernel|calendar|plupload|symfony|foundry|remote|talk|search|dev_|dev-|dev\\.|del_|del-|del\\.|token|idea|sencha|selector|interface|create|fun_|fun-|fun\\.|groovy|query|grail|red_|red-|red\\.|laravel|monkey|slack|supported|instant|value|center|latest|work|but_|but-|but\\.|bug_|bug-|bug\\.|virtual|tweet|statsd|studio|path|real-time|frontend|notifier|coding|tool|firmware|flow|random|mediawiki|bosh|been|beer|lightbox|theory|origin|redmine|hub_|hub-|hub\\.|require|pro_|pro-|pro\\.|ant_|ant-|ant\\.|any_|any-|any\\.|recipe|closure|mapper|event|todo|model|redi|provider|rvm_|rvm-|rvm\\.|program|memcached|rail|silex|foreman|activity|license|strategy|batch|streaming|fast|use_|use-|use\\.|usb_|usb-|usb\\.|impres|academy|slider|please|layer|cros|now_|now-|now\\.|miner|extension|own_|own-|own\\.|app_|app-|app\\.|debian|symphony|example|feature|serie|tree|project|runner|entry|leetcode|layout|webrtc|logic|login|worker|toolkit|mocha|support|back|inside|device|jenkin|contact|fake|awesome|ocaml|bit_|bit-|bit\\.|drive|screen|prototype|gist|binary|nosql|rest|overview|dart|dark|emac|mongoid|solarized|homepage|emulator|commander|django|yandex|gradle|xcode|writer|crm_|crm-|crm\\.|jade|startup|error|using|format|name|spring|parser|scratch|magic|try_|try-|try\\.|rack|directive|challenge|slim|counter|element|chosen|doc_|doc-|doc\\.|meta|should|button|packet|stream|hardware|android|infinite|password|software|ghost|xamarin|spec|chef|interview|hubot|mvc_|mvc-|mvc\\.|exercise|leaflet|launcher|air_|air-|air\\.|photo|board|boxen|way_|way-|way\\.|computing|welcome|notepad|portfolio|cat_|cat-|cat\\.|can_|can-|can\\.|magento|yaml|domain|card|yii_|yii-|yii\\.|checker|browser|upgrade|only|progres|aura|ruby_|ruby-|ruby\\.|polymer|util|lite|hackathon|rule|log_|log-|log\\.|opengl|stanford|skeleton|history|inspector|help|soon|selenium|lab_|lab-|lab\\.|scheme|schema|look|ready|leveldb|docker|game|minimal|logstash|messaging|within|heroku|mongodb|kata|suite|picker|win_|win-|win\\.|wip_|wip-|wip\\.|panel|started|starter|front-end|detector|deploy|editing|based|admin|capture|spree|page|bundle|goal|rpg_|rpg-|rpg\\.|setup|side|mean|reader|cookbook|mini|modern|seed|dom_|dom-|dom\\.|doc_|doc-|doc\\.|dot_|dot-|dot\\.|syntax|sugar|loader|website|make|kit_|kit-|kit\\.|protocol|human|daemon|golang|manager|countdown|connector|swagger|map_|map-|map\\.|mac_|mac-|mac\\.|man_|man-|man\\.|orm_|orm-|orm\\.|org_|org-|org\\.|little|zsh_|zsh-|zsh\\.|shop|show|workshop|money|grid|server|octopres|svn_|svn-|svn\\.|ember|embed|general|file|important|dropbox|portable|public|docpad|fish|sbt_|sbt-|sbt\\.|done|para|network|common|readme|popup|simple|purpose|mirror|single|cordova|exchange|object|design|gateway|account|lamp|intellij|math|mit_|mit-|mit\\.|control|enhanced|emitter|multi|add_|add-|add\\.|about|socket|preview|vagrant|cli_|cli-|cli\\.|powerful|top_|top-|top\\.|radio|watch|fluid|amazon|report|couchbase|automatic|detection|sprite|pyramid|portal|advanced|plu_|plu-|plu\\.|runtime|git_|git-|git\\.|uri_|uri-|uri\\.|haml|node|sql_|sql-|sql\\.|cool|core|obsolete|handler|iphone|extractor|array|copy|nlp_|nlp-|nlp\\.|reveal|pop_|pop-|pop\\.|engine|parse|check|html|nest|all_|all-|all\\.|chinese|buildpack|what|tag_|tag-|tag\\.|proxy|style|cookie|feed|restful|compiler|creating|prelude|context|java|rspec|mock|backbone|light|spotify|flex|related|shell|which|clas|webapp|swift|ansible|unity|console|tumblr|export|campfire|conway\'|made|riak|hero|here|unix|unit|glas|smtp|how_|how-|how\\.|hot_|hot-|hot\\.|debug|release|diff|player|easy|right|old_|old-|old\\.|animate|time|push|explorer|course|training|nette|router|draft|structure|note|salt|where|spark|trello|power|method|social|via_|via-|via\\.|vim_|vim-|vim\\.|select|webkit|github|ftp_|ftp-|ftp\\.|creator|mongoose|led_|led-|led\\.|movie|currently|pdf_|pdf-|pdf\\.|load|markdown|phalcon|input|custom|atom|oracle|phonegap|ubuntu|great|rdf_|rdf-|rdf\\.|popcorn|firefox|zip_|zip-|zip\\.|cuda|dotfile|static|openwrt|viewer|powered|graphic|les_|les-|les\\.|doe_|doe-|doe\\.|maven|word|eclipse|lab_|lab-|lab\\.|hacking|steam|analytic|option|abstract|archive|reality|switcher|club|write|kafka|arduino|angular|online|title|don\'t|contao|notice|analyzer|learning|zend|external|staging|busines|tdd_|tdd-|tdd\\.|scanner|building|snippet|modular|bower|stm_|stm-|stm\\.|lib_|lib-|lib\\.|alpha|mobile|clean|linux|nginx|manifest|some|raspberry|gnome|ide_|ide-|ide\\.|block|statistic|info|drag|youtube|koan|facebook|paperclip|art_|art-|art\\.|quality|tab_|tab-|tab\\.|need|dojo|shield|computer|stat|state|twitter|utility|converter|hosting|devise|liferay|updated|force|tip_|tip-|tip\\.|behavior|active|call|answer|deck|better|principle|ches|bar_|bar-|bar\\.|reddit|three|haxe|just|plug-in|agile|manual|tetri|super|beta|parsing|doctrine|minecraft|useful|perl|sharing|agent|switch|view|dash|channel|repo|pebble|profiler|warning|cluster|running|markup|evented|mod_|mod-|mod\\.|share|csv_|csv-|csv\\.|response|good|house|connect|built|build|find|ipython|webgl|big_|big-|big\\.|google|scala|sdl_|sdl-|sdl\\.|sdk_|sdk-|sdk\\.|native|day_|day-|day\\.|puppet|text|routing|helper|linkedin|crawler|host|guard|merchant|poker|over|writing|free|classe|component|craft|nodej|phoenix|longer|quick|lazy|memory|clone|hacker|middleman|factory|motion|multiple|tornado|hack|ssh_|ssh-|ssh\\.|review|vimrc|driver|driven|blog|particle|table|intro|importer|thrift|xmpp|framework|refresh|react|font|librarie|variou|formatter|analysi|karma|scroll|tut_|tut-|tut\\.|apple|tag_|tag-|tag\\.|tab_|tab-|tab\\.|category|ionic|cache|homebrew|reverse|english|getting|shipping|clojure|boot|book|branch|combination|combo)) AIzaSyATWWlnIrPWNgxKgk5y8k71vGbJi9aDbuzU (?!(^0x0*|^pub)|.*\\.(bin|json|exe)$|.*(?i)(Client|Factory)$|(^__[A-Za-z]+__$)|^(12345|abcd)|^\\d+(\\.\\d+)?$) AIzaSyATWWlnIrPWNgxKgk5y8k71vGbJi9aDbuzU entropy (?i)(?:key|api|token|secret|client|passwd|password|auth|access)(?:[0-9a-z\\-_\\t.]{0,20})(?:[\\s|\']|[\\s|"]){0,3}(?:=|>|:=|\\|\\|:|<=|=>|:)(?:\'|@\\"|\\"|\\s|=|\\x60){0,5}(?!([a-z]+\\.[a-zA-Z]+)|.*(\\d{4}-\\d{2}-\\d{2})|:*(?!("|\'))[0-9A-Za-z]+\\.[0-9A-Za-z]+,|[A-Z]+_[A-Z]+_)(?P<CONTENT>[0-9a-z\\-_.=\\~@]{10,150})(?:[\'|\\"|\\n|\\r|\\s|\\x60|;]|$) (\\d\\.\\d\\.\\d-}|([\\d]{1,3}\\.[\\d]{1,3}\\.[\\d]{1,3}\\.[\\d]{1,3})|(\\w)\\1{5}|(?i)keywords|xxxx|eeeeeeee|0000|\\*\\*\\*|example|test|author=|author("|\')|preview|[A-Z]+_KEY|[.]value|[.]key|-\\d\\.\\d\\.) (\\w|\\.)\\1{5} .*((?i)omitted|arn:aws|(?i)(pub.*key|public.*key)|(?i)clientToken|symbol|cache|author\\.).*', PosixPath('static/js/auth-check.js'), 'config..semgrep.vendored-rules.generic.secrets.gitleaks.generic-api-key') match_id = 5daab754154d67bc14b1d5110ffe6e796b236a1741fa0d765d91fce5266b5660759a65cd381f4eb466fcb4678bce78d51d8c8e96eb0a4db47c03e68cd984d35a_0
2025-06-30 15:26:46,257 - semgrep.rule_match - DEBUG - match_key = ('', PosixPath('static/js/chat-overlay.js'), 'config..semgrep.vendored-rules.javascript.browser.security.insecure-innerhtml') match_id = 36cecaa200d727a70d62d03432e98db518d288cc9ef6cd2a0698576ca4722504e55427c75caa3ab5423f5387a13ce056c418bec8bba1f89606c5cb24cdc4e658_0
2025-06-30 15:26:46,258 - semgrep.rule_match - DEBUG - match_key = ('this.container.innerHTML = "...";\n this.container.innerHTML = ``\n      <div class="chat-header">\n        <div class="chat-header-info">\n          <div class="chat-avatar">🦆</div>\n          <div>\n            <p class="chat-title">Mama Duck - Strategic Planning</p>\n            <p class="chat-subtitle">Creating your email product strategy</p>\n          </div>\n        </div>\n        <div class="chat-controls">\n          this.state===\'fullscreen\'&&!this.isMobile``\n            <button class="chat-btn" onclick="chatOverlay.setState(\'sidebar\')" title="Minimize">\n              📐\n            </button>\n          `\'\'\n          this.state===\'sidebar\'``\n            <button class="chat-btn" onclick="chatOverlay.setState(\'fullscreen\')" title="Maximize">\n              📏\n            </button>\n          `\'\'\n          <button class="chat-btn" onclick="chatOverlay.handleClose()" title="Close">\n            ✕\n          </button>\n        </div>\n      </div>\n      \n      <div class="chat-messages" id="chat-messages">\n        this.renderMessages()\n      </div>\n      \n      <div class="chat-input-area">\n        <div class="chat-input-container">\n          <input \n            type="text" \n            class="chat-input" \n            id="chat-input" \n            placeholder="Type your message..."\n            onkeydown="if(event.key===\'Enter\') chatOverlay.sendMessage()"\n            this.isLoading\'disabled\'\'\'\n          >\n          <button \n            class="chat-send-btn" \n            onclick="chatOverlay.sendMessage()"\n            this.isLoading\'disabled\'\'\'\n          >\n            Send\n          </button>\n        </div>\n      </div>\n    `;\n', PosixPath('static/js/chat-overlay.js'), 'config..semgrep.vendored-rules.javascript.browser.security.insecure-innerhtml') match_id = 83d1304d6c0dfdd4793c9ddf2e0e80d86f0af098d5e76edd34f9618a1f9dbc883a3c27a38463dbbc0a318ab73be4b21c080cc929968b64622693f5a0f22f4d38_0
2025-06-30 15:26:46,259 - semgrep.rule_match - DEBUG - match_key = ('this.container.innerHTML = "...";\n this.container.innerHTML = ``\n      <div class="chat-header">\n        <div class="chat-header-info">\n          <div class="chat-avatar">🦆</div>\n          <div>\n            <p class="chat-title">Mama Duck - Strategic Planning</p>\n            <p class="chat-subtitle">Creating your email product strategy</p>\n          </div>\n        </div>\n        <div class="chat-controls">\n          this.state===\'fullscreen\'&&!this.isMobile``\n            <button class="chat-btn" onclick="chatOverlay.setState(\'sidebar\')" title="Minimize">\n              📐\n            </button>\n          `\'\'\n          this.state===\'sidebar\'``\n            <button class="chat-btn" onclick="chatOverlay.setState(\'fullscreen\')" title="Maximize">\n              📏\n            </button>\n          `\'\'\n          <button class="chat-btn" onclick="chatOverlay.handleClose()" title="Close">\n            ✕\n          </button>\n        </div>\n      </div>\n      \n      <div class="chat-messages" id="chat-messages">\n        this.renderMessages()\n      </div>\n      \n      <div class="chat-input-area">\n        <div class="chat-input-container">\n          <input \n            type="text" \n            class="chat-input" \n            id="chat-input" \n            placeholder="Type your message..."\n            onkeydown="if(event.key===\'Enter\') chatOverlay.sendMessage()"\n            this.isLoading\'disabled\'\'\'\n          >\n          <button \n            class="chat-send-btn" \n            onclick="chatOverlay.sendMessage()"\n            this.isLoading\'disabled\'\'\'\n          >\n            Send\n          </button>\n        </div>\n      </div>\n    `;\n', PosixPath('static/js/chat-overlay.js'), 'config..semgrep.vendored-rules.javascript.browser.security.insecure-innerhtml') match_id = 83d1304d6c0dfdd4793c9ddf2e0e80d86f0af098d5e76edd34f9618a1f9dbc883a3c27a38463dbbc0a318ab73be4b21c080cc929968b64622693f5a0f22f4d38_0
2025-06-30 15:26:46,260 - semgrep.rule_match - DEBUG - match_key = ('this.container.innerHTML = "...";\n this.container.innerHTML = ``\n      <div class="chat-header">\n        <div class="chat-header-info">\n          <div class="chat-avatar">🦆</div>\n          <div>\n            <p class="chat-title">Mama Duck - Strategic Planning</p>\n            <p class="chat-subtitle">Creating your email product strategy</p>\n          </div>\n        </div>\n        <div class="chat-controls">\n          this.state===\'fullscreen\'&&!this.isMobile``\n            <button class="chat-btn" onclick="chatOverlay.setState(\'sidebar\')" title="Minimize">\n              📐\n            </button>\n          `\'\'\n          this.state===\'sidebar\'``\n            <button class="chat-btn" onclick="chatOverlay.setState(\'fullscreen\')" title="Maximize">\n              📏\n            </button>\n          `\'\'\n          <button class="chat-btn" onclick="chatOverlay.handleClose()" title="Close">\n            ✕\n          </button>\n        </div>\n      </div>\n      \n      <div class="chat-messages" id="chat-messages">\n        this.renderMessages()\n      </div>\n      \n      <div class="chat-input-area">\n        <div class="chat-input-container">\n          <input \n            type="text" \n            class="chat-input" \n            id="chat-input" \n            placeholder="Type your message..."\n            onkeydown="if(event.key===\'Enter\') chatOverlay.sendMessage()"\n            this.isLoading\'disabled\'\'\'\n          >\n          <button \n            class="chat-send-btn" \n            onclick="chatOverlay.sendMessage()"\n            this.isLoading\'disabled\'\'\'\n          >\n            Send\n          </button>\n        </div>\n      </div>\n    `;\n', PosixPath('static/js/chat-overlay.js'), 'config..semgrep.vendored-rules.javascript.browser.security.insecure-innerhtml') match_id = 83d1304d6c0dfdd4793c9ddf2e0e80d86f0af098d5e76edd34f9618a1f9dbc883a3c27a38463dbbc0a318ab73be4b21c080cc929968b64622693f5a0f22f4d38_0
2025-06-30 15:26:46,262 - semgrep.rule_match - DEBUG - match_key = ('', PosixPath('static/js/chat-overlay.js'), 'config..semgrep.vendored-rules.javascript.browser.security.insecure-document-method') match_id = 86ccba53d06d3cc3028c5a55eec539f66b969256bc81085b300f87c460d262cb091e605c3da62b76813c4b9323d5953eee588a55c1712f9489226ca184f2d18b_0
2025-06-30 15:26:46,263 - semgrep.rule_match - DEBUG - match_key = ('this.container.innerHTML = "...";\n this.container.innerHTML = ``\n      <div class="chat-header">\n        <div class="chat-header-info">\n          <div class="chat-avatar">🦆</div>\n          <div>\n            <p class="chat-title">Mama Duck - Strategic Planning</p>\n            <p class="chat-subtitle">Creating your email product strategy</p>\n          </div>\n        </div>\n        <div class="chat-controls">\n          this.state===\'fullscreen\'&&!this.isMobile``\n            <button class="chat-btn" onclick="chatOverlay.setState(\'sidebar\')" title="Minimize">\n              📐\n            </button>\n          `\'\'\n          this.state===\'sidebar\'``\n            <button class="chat-btn" onclick="chatOverlay.setState(\'fullscreen\')" title="Maximize">\n              📏\n            </button>\n          `\'\'\n          <button class="chat-btn" onclick="chatOverlay.handleClose()" title="Close">\n            ✕\n          </button>\n        </div>\n      </div>\n      \n      <div class="chat-messages" id="chat-messages">\n        this.renderMessages()\n      </div>\n      \n      <div class="chat-input-area">\n        <div class="chat-input-container">\n          <input \n            type="text" \n            class="chat-input" \n            id="chat-input" \n            placeholder="Type your message..."\n            onkeydown="if(event.key===\'Enter\') chatOverlay.sendMessage()"\n            this.isLoading\'disabled\'\'\'\n          >\n          <button \n            class="chat-send-btn" \n            onclick="chatOverlay.sendMessage()"\n            this.isLoading\'disabled\'\'\'\n          >\n            Send\n          </button>\n        </div>\n      </div>\n    `;\n this.container.outerHTML = ``\n      <div class="chat-header">\n        <div class="chat-header-info">\n          <div class="chat-avatar">🦆</div>\n          <div>\n            <p class="chat-title">Mama Duck - Strategic Planning</p>\n            <p class="chat-subtitle">Creating your email product strategy</p>\n          </div>\n        </div>\n        <div class="chat-controls">\n          this.state===\'fullscreen\'&&!this.isMobile``\n            <button class="chat-btn" onclick="chatOverlay.setState(\'sidebar\')" title="Minimize">\n              📐\n            </button>\n          `\'\'\n          this.state===\'sidebar\'``\n            <button class="chat-btn" onclick="chatOverlay.setState(\'fullscreen\')" title="Maximize">\n              📏\n            </button>\n          `\'\'\n          <button class="chat-btn" onclick="chatOverlay.handleClose()" title="Close">\n            ✕\n          </button>\n        </div>\n      </div>\n      \n      <div class="chat-messages" id="chat-messages">\n        this.renderMessages()\n      </div>\n      \n      <div class="chat-input-area">\n        <div class="chat-input-container">\n          <input \n            type="text" \n            class="chat-input" \n            id="chat-input" \n            placeholder="Type your message..."\n            onkeydown="if(event.key===\'Enter\') chatOverlay.sendMessage()"\n            this.isLoading\'disabled\'\'\'\n          >\n          <button \n            class="chat-send-btn" \n            onclick="chatOverlay.sendMessage()"\n            this.isLoading\'disabled\'\'\'\n          >\n            Send\n          </button>\n        </div>\n      </div>\n    `;\n document.write(...) this.container.outerHTML = "...";\n document.write("...")', PosixPath('static/js/chat-overlay.js'), 'config..semgrep.vendored-rules.javascript.browser.security.insecure-document-method') match_id = 9ecfb46f16f38e39e8d8bad3611c2a33a64040b741604e3d74959b1f8f1c4d422b6b12c43e6045cbb2219ed1399f08c65159147fb172af91e6ef864bd1840018_0
2025-06-30 15:26:46,264 - semgrep.rule_match - DEBUG - match_key = ('this.container.innerHTML = "...";\n this.container.innerHTML = ``\n      <div class="chat-header">\n        <div class="chat-header-info">\n          <div class="chat-avatar">🦆</div>\n          <div>\n            <p class="chat-title">Mama Duck - Strategic Planning</p>\n            <p class="chat-subtitle">Creating your email product strategy</p>\n          </div>\n        </div>\n        <div class="chat-controls">\n          this.state===\'fullscreen\'&&!this.isMobile``\n            <button class="chat-btn" onclick="chatOverlay.setState(\'sidebar\')" title="Minimize">\n              📐\n            </button>\n          `\'\'\n          this.state===\'sidebar\'``\n            <button class="chat-btn" onclick="chatOverlay.setState(\'fullscreen\')" title="Maximize">\n              📏\n            </button>\n          `\'\'\n          <button class="chat-btn" onclick="chatOverlay.handleClose()" title="Close">\n            ✕\n          </button>\n        </div>\n      </div>\n      \n      <div class="chat-messages" id="chat-messages">\n        this.renderMessages()\n      </div>\n      \n      <div class="chat-input-area">\n        <div class="chat-input-container">\n          <input \n            type="text" \n            class="chat-input" \n            id="chat-input" \n            placeholder="Type your message..."\n            onkeydown="if(event.key===\'Enter\') chatOverlay.sendMessage()"\n            this.isLoading\'disabled\'\'\'\n          >\n          <button \n            class="chat-send-btn" \n            onclick="chatOverlay.sendMessage()"\n            this.isLoading\'disabled\'\'\'\n          >\n            Send\n          </button>\n        </div>\n      </div>\n    `;\n this.container.outerHTML = ``\n      <div class="chat-header">\n        <div class="chat-header-info">\n          <div class="chat-avatar">🦆</div>\n          <div>\n            <p class="chat-title">Mama Duck - Strategic Planning</p>\n            <p class="chat-subtitle">Creating your email product strategy</p>\n          </div>\n        </div>\n        <div class="chat-controls">\n          this.state===\'fullscreen\'&&!this.isMobile``\n            <button class="chat-btn" onclick="chatOverlay.setState(\'sidebar\')" title="Minimize">\n              📐\n            </button>\n          `\'\'\n          this.state===\'sidebar\'``\n            <button class="chat-btn" onclick="chatOverlay.setState(\'fullscreen\')" title="Maximize">\n              📏\n            </button>\n          `\'\'\n          <button class="chat-btn" onclick="chatOverlay.handleClose()" title="Close">\n            ✕\n          </button>\n        </div>\n      </div>\n      \n      <div class="chat-messages" id="chat-messages">\n        this.renderMessages()\n      </div>\n      \n      <div class="chat-input-area">\n        <div class="chat-input-container">\n          <input \n            type="text" \n            class="chat-input" \n            id="chat-input" \n            placeholder="Type your message..."\n            onkeydown="if(event.key===\'Enter\') chatOverlay.sendMessage()"\n            this.isLoading\'disabled\'\'\'\n          >\n          <button \n            class="chat-send-btn" \n            onclick="chatOverlay.sendMessage()"\n            this.isLoading\'disabled\'\'\'\n          >\n            Send\n          </button>\n        </div>\n      </div>\n    `;\n document.write(...) this.container.outerHTML = "...";\n document.write("...")', PosixPath('static/js/chat-overlay.js'), 'config..semgrep.vendored-rules.javascript.browser.security.insecure-document-method') match_id = 9ecfb46f16f38e39e8d8bad3611c2a33a64040b741604e3d74959b1f8f1c4d422b6b12c43e6045cbb2219ed1399f08c65159147fb172af91e6ef864bd1840018_0
2025-06-30 15:26:46,265 - semgrep.rule_match - DEBUG - match_key = ('this.container.innerHTML = "...";\n this.container.innerHTML = ``\n      <div class="chat-header">\n        <div class="chat-header-info">\n          <div class="chat-avatar">🦆</div>\n          <div>\n            <p class="chat-title">Mama Duck - Strategic Planning</p>\n            <p class="chat-subtitle">Creating your email product strategy</p>\n          </div>\n        </div>\n        <div class="chat-controls">\n          this.state===\'fullscreen\'&&!this.isMobile``\n            <button class="chat-btn" onclick="chatOverlay.setState(\'sidebar\')" title="Minimize">\n              📐\n            </button>\n          `\'\'\n          this.state===\'sidebar\'``\n            <button class="chat-btn" onclick="chatOverlay.setState(\'fullscreen\')" title="Maximize">\n              📏\n            </button>\n          `\'\'\n          <button class="chat-btn" onclick="chatOverlay.handleClose()" title="Close">\n            ✕\n          </button>\n        </div>\n      </div>\n      \n      <div class="chat-messages" id="chat-messages">\n        this.renderMessages()\n      </div>\n      \n      <div class="chat-input-area">\n        <div class="chat-input-container">\n          <input \n            type="text" \n            class="chat-input" \n            id="chat-input" \n            placeholder="Type your message..."\n            onkeydown="if(event.key===\'Enter\') chatOverlay.sendMessage()"\n            this.isLoading\'disabled\'\'\'\n          >\n          <button \n            class="chat-send-btn" \n            onclick="chatOverlay.sendMessage()"\n            this.isLoading\'disabled\'\'\'\n          >\n            Send\n          </button>\n        </div>\n      </div>\n    `;\n this.container.outerHTML = ``\n      <div class="chat-header">\n        <div class="chat-header-info">\n          <div class="chat-avatar">🦆</div>\n          <div>\n            <p class="chat-title">Mama Duck - Strategic Planning</p>\n            <p class="chat-subtitle">Creating your email product strategy</p>\n          </div>\n        </div>\n        <div class="chat-controls">\n          this.state===\'fullscreen\'&&!this.isMobile``\n            <button class="chat-btn" onclick="chatOverlay.setState(\'sidebar\')" title="Minimize">\n              📐\n            </button>\n          `\'\'\n          this.state===\'sidebar\'``\n            <button class="chat-btn" onclick="chatOverlay.setState(\'fullscreen\')" title="Maximize">\n              📏\n            </button>\n          `\'\'\n          <button class="chat-btn" onclick="chatOverlay.handleClose()" title="Close">\n            ✕\n          </button>\n        </div>\n      </div>\n      \n      <div class="chat-messages" id="chat-messages">\n        this.renderMessages()\n      </div>\n      \n      <div class="chat-input-area">\n        <div class="chat-input-container">\n          <input \n            type="text" \n            class="chat-input" \n            id="chat-input" \n            placeholder="Type your message..."\n            onkeydown="if(event.key===\'Enter\') chatOverlay.sendMessage()"\n            this.isLoading\'disabled\'\'\'\n          >\n          <button \n            class="chat-send-btn" \n            onclick="chatOverlay.sendMessage()"\n            this.isLoading\'disabled\'\'\'\n          >\n            Send\n          </button>\n        </div>\n      </div>\n    `;\n document.write(...) this.container.outerHTML = "...";\n document.write("...")', PosixPath('static/js/chat-overlay.js'), 'config..semgrep.vendored-rules.javascript.browser.security.insecure-document-method') match_id = 9ecfb46f16f38e39e8d8bad3611c2a33a64040b741604e3d74959b1f8f1c4d422b6b12c43e6045cbb2219ed1399f08c65159147fb172af91e6ef864bd1840018_0
2025-06-30 15:26:46,266 - semgrep.rule_match - DEBUG - match_key = ('', PosixPath('static/js/chat-overlay.js'), 'config..semgrep.vendored-rules.javascript.lang.security.html-in-template-string') match_id = 8107fcc1a11b30b415cfb38c95ed92538b9e2a99e173622f573a15740a311e21a8b89da3cf474e184adc8827209559cbeec2fec9e6037f60acc2405f8ff6c664_0
2025-06-30 15:26:46,266 - semgrep.rule_match - DEBUG - match_key = ('</span>\n          </div>\n        </div>\n       .*</?[a-zA-Z] `</span>\n          </div>\n        </div>\n      ${time}...`\n `...${time}</span>\n          </div>\n        </div>\n      `\n', PosixPath('static/js/chat-overlay.js'), 'config..semgrep.vendored-rules.javascript.lang.security.html-in-template-string') match_id = 22f31fbc66e91abbee56d73253bbeca2517dd3eee9861176a20ee4ded4296bfbf74caae6ee3ea11c7b937261969c6437d72915210afbd794e9f6807fd8ba603e_0
2025-06-30 15:26:46,267 - semgrep.rule_match - DEBUG - match_key = ('</span>\n          </div>\n        </div>\n       .*</?[a-zA-Z] `</span>\n          </div>\n        </div>\n      ${time}...`\n `...${time}</span>\n          </div>\n        </div>\n      `\n', PosixPath('static/js/chat-overlay.js'), 'config..semgrep.vendored-rules.javascript.lang.security.html-in-template-string') match_id = 22f31fbc66e91abbee56d73253bbeca2517dd3eee9861176a20ee4ded4296bfbf74caae6ee3ea11c7b937261969c6437d72915210afbd794e9f6807fd8ba603e_0
2025-06-30 15:26:46,268 - semgrep.rule_match - DEBUG - match_key = ('</span>\n          </div>\n        </div>\n       .*</?[a-zA-Z] `</span>\n          </div>\n        </div>\n      ${time}...`\n `...${time}</span>\n          </div>\n        </div>\n      `\n', PosixPath('static/js/chat-overlay.js'), 'config..semgrep.vendored-rules.javascript.lang.security.html-in-template-string') match_id = 22f31fbc66e91abbee56d73253bbeca2517dd3eee9861176a20ee4ded4296bfbf74caae6ee3ea11c7b937261969c6437d72915210afbd794e9f6807fd8ba603e_0
2025-06-30 15:26:46,269 - semgrep.rule_match - DEBUG - match_key = ('', PosixPath('static/js/chat-overlay.js'), 'config..semgrep.vendored-rules.javascript.browser.security.insecure-innerhtml') match_id = 36cecaa200d727a70d62d03432e98db518d288cc9ef6cd2a0698576ca4722504e55427c75caa3ab5423f5387a13ce056c418bec8bba1f89606c5cb24cdc4e658_0
2025-06-30 15:26:46,271 - semgrep.rule_match - DEBUG - match_key = ('this.container.innerHTML = "...";\n this.container.innerHTML = ``\n      <div class="form-modal">\n        <div class="form-header">\n          <h2 class="form-title">Let\'s get to know your business</h2>\n          <p class="form-subtitle">Just 3 quick questions to create your strategy</p>\n          <div class="form-progress">\n            [1 2 3].map(step=>=>``\n              <div class="progress-dot step<=this.currentStep\'active\'\'\'"></div>\n            `).join(\'\')\n          </div>\n        </div>\n        \n        <div class="form-content">\n          <div class="form-question">currentQuestion.title</div>\n          <p style="color: #64748b; margin-bottom: 20px; font-size: 14px;">currentQuestion.subtitle</p>\n          \n          currentQuestion.type===\'textarea\'``\n            <textarea \n              class="form-textarea" \n              placeholder="currentQuestion.placeholder"\n              id="form-input"\n            >currentValue||\'\'</textarea>\n          ```\n            <input \n              type="text" \n              class="form-input" \n              placeholder="currentQuestion.placeholder"\n              id="form-input"\n              value="currentValue||\'\'"\n            />\n          `\n          \n          <div class="form-actions">\n            this.currentStep>1``\n              <button class="form-btn form-btn-secondary" onclick="chatOverlay.previousStep()">\n                Back\n              </button>\n            ```\n              <button class="form-btn form-btn-secondary" onclick="chatOverlay.setState(\'hidden\')">\n                Cancel\n              </button>\n            `\n            \n            <button \n              class="form-btn form-btn-primary" \n              onclick="chatOverlay.nextStep()"\n              !isValid\'disabled\'\'\'\n            >\n              this.currentStep===3\'Start Chat\'\'Next\'\n            </button>\n          </div>\n        </div>\n      </div>\n    `;\n', PosixPath('static/js/chat-overlay.js'), 'config..semgrep.vendored-rules.javascript.browser.security.insecure-innerhtml') match_id = f91de776e6cf7b3f02d5617e81c5eda5e0aaaa58637a27f3d8b0fcc7fa3603f818476415c274489cecd830d40a63a378b45e7d7f8aeb26895371c60dc6eef8be_0
2025-06-30 15:26:46,272 - semgrep.rule_match - DEBUG - match_key = ('this.container.innerHTML = "...";\n this.container.innerHTML = ``\n      <div class="form-modal">\n        <div class="form-header">\n          <h2 class="form-title">Let\'s get to know your business</h2>\n          <p class="form-subtitle">Just 3 quick questions to create your strategy</p>\n          <div class="form-progress">\n            [1 2 3].map(step=>=>``\n              <div class="progress-dot step<=this.currentStep\'active\'\'\'"></div>\n            `).join(\'\')\n          </div>\n        </div>\n        \n        <div class="form-content">\n          <div class="form-question">currentQuestion.title</div>\n          <p style="color: #64748b; margin-bottom: 20px; font-size: 14px;">currentQuestion.subtitle</p>\n          \n          currentQuestion.type===\'textarea\'``\n            <textarea \n              class="form-textarea" \n              placeholder="currentQuestion.placeholder"\n              id="form-input"\n            >currentValue||\'\'</textarea>\n          ```\n            <input \n              type="text" \n              class="form-input" \n              placeholder="currentQuestion.placeholder"\n              id="form-input"\n              value="currentValue||\'\'"\n            />\n          `\n          \n          <div class="form-actions">\n            this.currentStep>1``\n              <button class="form-btn form-btn-secondary" onclick="chatOverlay.previousStep()">\n                Back\n              </button>\n            ```\n              <button class="form-btn form-btn-secondary" onclick="chatOverlay.setState(\'hidden\')">\n                Cancel\n              </button>\n            `\n            \n            <button \n              class="form-btn form-btn-primary" \n              onclick="chatOverlay.nextStep()"\n              !isValid\'disabled\'\'\'\n            >\n              this.currentStep===3\'Start Chat\'\'Next\'\n            </button>\n          </div>\n        </div>\n      </div>\n    `;\n', PosixPath('static/js/chat-overlay.js'), 'config..semgrep.vendored-rules.javascript.browser.security.insecure-innerhtml') match_id = f91de776e6cf7b3f02d5617e81c5eda5e0aaaa58637a27f3d8b0fcc7fa3603f818476415c274489cecd830d40a63a378b45e7d7f8aeb26895371c60dc6eef8be_0
2025-06-30 15:26:46,274 - semgrep.rule_match - DEBUG - match_key = ('this.container.innerHTML = "...";\n this.container.innerHTML = ``\n      <div class="form-modal">\n        <div class="form-header">\n          <h2 class="form-title">Let\'s get to know your business</h2>\n          <p class="form-subtitle">Just 3 quick questions to create your strategy</p>\n          <div class="form-progress">\n            [1 2 3].map(step=>=>``\n              <div class="progress-dot step<=this.currentStep\'active\'\'\'"></div>\n            `).join(\'\')\n          </div>\n        </div>\n        \n        <div class="form-content">\n          <div class="form-question">currentQuestion.title</div>\n          <p style="color: #64748b; margin-bottom: 20px; font-size: 14px;">currentQuestion.subtitle</p>\n          \n          currentQuestion.type===\'textarea\'``\n            <textarea \n              class="form-textarea" \n              placeholder="currentQuestion.placeholder"\n              id="form-input"\n            >currentValue||\'\'</textarea>\n          ```\n            <input \n              type="text" \n              class="form-input" \n              placeholder="currentQuestion.placeholder"\n              id="form-input"\n              value="currentValue||\'\'"\n            />\n          `\n          \n          <div class="form-actions">\n            this.currentStep>1``\n              <button class="form-btn form-btn-secondary" onclick="chatOverlay.previousStep()">\n                Back\n              </button>\n            ```\n              <button class="form-btn form-btn-secondary" onclick="chatOverlay.setState(\'hidden\')">\n                Cancel\n              </button>\n            `\n            \n            <button \n              class="form-btn form-btn-primary" \n              onclick="chatOverlay.nextStep()"\n              !isValid\'disabled\'\'\'\n            >\n              this.currentStep===3\'Start Chat\'\'Next\'\n            </button>\n          </div>\n        </div>\n      </div>\n    `;\n', PosixPath('static/js/chat-overlay.js'), 'config..semgrep.vendored-rules.javascript.browser.security.insecure-innerhtml') match_id = f91de776e6cf7b3f02d5617e81c5eda5e0aaaa58637a27f3d8b0fcc7fa3603f818476415c274489cecd830d40a63a378b45e7d7f8aeb26895371c60dc6eef8be_0
2025-06-30 15:26:46,275 - semgrep.rule_match - DEBUG - match_key = ('', PosixPath('static/js/chat-overlay.js'), 'config..semgrep.vendored-rules.javascript.browser.security.insecure-document-method') match_id = 86ccba53d06d3cc3028c5a55eec539f66b969256bc81085b300f87c460d262cb091e605c3da62b76813c4b9323d5953eee588a55c1712f9489226ca184f2d18b_0
2025-06-30 15:26:46,277 - semgrep.rule_match - DEBUG - match_key = ('this.container.innerHTML = "...";\n this.container.innerHTML = ``\n      <div class="form-modal">\n        <div class="form-header">\n          <h2 class="form-title">Let\'s get to know your business</h2>\n          <p class="form-subtitle">Just 3 quick questions to create your strategy</p>\n          <div class="form-progress">\n            [1 2 3].map(step=>=>``\n              <div class="progress-dot step<=this.currentStep\'active\'\'\'"></div>\n            `).join(\'\')\n          </div>\n        </div>\n        \n        <div class="form-content">\n          <div class="form-question">currentQuestion.title</div>\n          <p style="color: #64748b; margin-bottom: 20px; font-size: 14px;">currentQuestion.subtitle</p>\n          \n          currentQuestion.type===\'textarea\'``\n            <textarea \n              class="form-textarea" \n              placeholder="currentQuestion.placeholder"\n              id="form-input"\n            >currentValue||\'\'</textarea>\n          ```\n            <input \n              type="text" \n              class="form-input" \n              placeholder="currentQuestion.placeholder"\n              id="form-input"\n              value="currentValue||\'\'"\n            />\n          `\n          \n          <div class="form-actions">\n            this.currentStep>1``\n              <button class="form-btn form-btn-secondary" onclick="chatOverlay.previousStep()">\n                Back\n              </button>\n            ```\n              <button class="form-btn form-btn-secondary" onclick="chatOverlay.setState(\'hidden\')">\n                Cancel\n              </button>\n            `\n            \n            <button \n              class="form-btn form-btn-primary" \n              onclick="chatOverlay.nextStep()"\n              !isValid\'disabled\'\'\'\n            >\n              this.currentStep===3\'Start Chat\'\'Next\'\n            </button>\n          </div>\n        </div>\n      </div>\n    `;\n this.container.outerHTML = ``\n      <div class="form-modal">\n        <div class="form-header">\n          <h2 class="form-title">Let\'s get to know your business</h2>\n          <p class="form-subtitle">Just 3 quick questions to create your strategy</p>\n          <div class="form-progress">\n            [1 2 3].map(step=>=>``\n              <div class="progress-dot step<=this.currentStep\'active\'\'\'"></div>\n            `).join(\'\')\n          </div>\n        </div>\n        \n        <div class="form-content">\n          <div class="form-question">currentQuestion.title</div>\n          <p style="color: #64748b; margin-bottom: 20px; font-size: 14px;">currentQuestion.subtitle</p>\n          \n          currentQuestion.type===\'textarea\'``\n            <textarea \n              class="form-textarea" \n              placeholder="currentQuestion.placeholder"\n              id="form-input"\n            >currentValue||\'\'</textarea>\n          ```\n            <input \n              type="text" \n              class="form-input" \n              placeholder="currentQuestion.placeholder"\n              id="form-input"\n              value="currentValue||\'\'"\n            />\n          `\n          \n          <div class="form-actions">\n            this.currentStep>1``\n              <button class="form-btn form-btn-secondary" onclick="chatOverlay.previousStep()">\n                Back\n              </button>\n            ```\n              <button class="form-btn form-btn-secondary" onclick="chatOverlay.setState(\'hidden\')">\n                Cancel\n              </button>\n            `\n            \n            <button \n              class="form-btn form-btn-primary" \n              onclick="chatOverlay.nextStep()"\n              !isValid\'disabled\'\'\'\n            >\n              this.currentStep===3\'Start Chat\'\'Next\'\n            </button>\n          </div>\n        </div>\n      </div>\n    `;\n document.write(...) this.container.outerHTML = "...";\n document.write("...")', PosixPath('static/js/chat-overlay.js'), 'config..semgrep.vendored-rules.javascript.browser.security.insecure-document-method') match_id = 9a31caae63f919b1b44ccacd74eabccd8538bd6ed2296e439bb64de432f14728c8ed199347967d3bc7df2395766ee0bcfac49b15bf52f4a8a1a2080d887146ec_0
2025-06-30 15:26:46,279 - semgrep.rule_match - DEBUG - match_key = ('this.container.innerHTML = "...";\n this.container.innerHTML = ``\n      <div class="form-modal">\n        <div class="form-header">\n          <h2 class="form-title">Let\'s get to know your business</h2>\n          <p class="form-subtitle">Just 3 quick questions to create your strategy</p>\n          <div class="form-progress">\n            [1 2 3].map(step=>=>``\n              <div class="progress-dot step<=this.currentStep\'active\'\'\'"></div>\n            `).join(\'\')\n          </div>\n        </div>\n        \n        <div class="form-content">\n          <div class="form-question">currentQuestion.title</div>\n          <p style="color: #64748b; margin-bottom: 20px; font-size: 14px;">currentQuestion.subtitle</p>\n          \n          currentQuestion.type===\'textarea\'``\n            <textarea \n              class="form-textarea" \n              placeholder="currentQuestion.placeholder"\n              id="form-input"\n            >currentValue||\'\'</textarea>\n          ```\n            <input \n              type="text" \n              class="form-input" \n              placeholder="currentQuestion.placeholder"\n              id="form-input"\n              value="currentValue||\'\'"\n            />\n          `\n          \n          <div class="form-actions">\n            this.currentStep>1``\n              <button class="form-btn form-btn-secondary" onclick="chatOverlay.previousStep()">\n                Back\n              </button>\n            ```\n              <button class="form-btn form-btn-secondary" onclick="chatOverlay.setState(\'hidden\')">\n                Cancel\n              </button>\n            `\n            \n            <button \n              class="form-btn form-btn-primary" \n              onclick="chatOverlay.nextStep()"\n              !isValid\'disabled\'\'\'\n            >\n              this.currentStep===3\'Start Chat\'\'Next\'\n            </button>\n          </div>\n        </div>\n      </div>\n    `;\n this.container.outerHTML = ``\n      <div class="form-modal">\n        <div class="form-header">\n          <h2 class="form-title">Let\'s get to know your business</h2>\n          <p class="form-subtitle">Just 3 quick questions to create your strategy</p>\n          <div class="form-progress">\n            [1 2 3].map(step=>=>``\n              <div class="progress-dot step<=this.currentStep\'active\'\'\'"></div>\n            `).join(\'\')\n          </div>\n        </div>\n        \n        <div class="form-content">\n          <div class="form-question">currentQuestion.title</div>\n          <p style="color: #64748b; margin-bottom: 20px; font-size: 14px;">currentQuestion.subtitle</p>\n          \n          currentQuestion.type===\'textarea\'``\n            <textarea \n              class="form-textarea" \n              placeholder="currentQuestion.placeholder"\n              id="form-input"\n            >currentValue||\'\'</textarea>\n          ```\n            <input \n              type="text" \n              class="form-input" \n              placeholder="currentQuestion.placeholder"\n              id="form-input"\n              value="currentValue||\'\'"\n            />\n          `\n          \n          <div class="form-actions">\n            this.currentStep>1``\n              <button class="form-btn form-btn-secondary" onclick="chatOverlay.previousStep()">\n                Back\n              </button>\n            ```\n              <button class="form-btn form-btn-secondary" onclick="chatOverlay.setState(\'hidden\')">\n                Cancel\n              </button>\n            `\n            \n            <button \n              class="form-btn form-btn-primary" \n              onclick="chatOverlay.nextStep()"\n              !isValid\'disabled\'\'\'\n            >\n              this.currentStep===3\'Start Chat\'\'Next\'\n            </button>\n          </div>\n        </div>\n      </div>\n    `;\n document.write(...) this.container.outerHTML = "...";\n document.write("...")', PosixPath('static/js/chat-overlay.js'), 'config..semgrep.vendored-rules.javascript.browser.security.insecure-document-method') match_id = 9a31caae63f919b1b44ccacd74eabccd8538bd6ed2296e439bb64de432f14728c8ed199347967d3bc7df2395766ee0bcfac49b15bf52f4a8a1a2080d887146ec_0
2025-06-30 15:26:46,280 - semgrep.rule_match - DEBUG - match_key = ('this.container.innerHTML = "...";\n this.container.innerHTML = ``\n      <div class="form-modal">\n        <div class="form-header">\n          <h2 class="form-title">Let\'s get to know your business</h2>\n          <p class="form-subtitle">Just 3 quick questions to create your strategy</p>\n          <div class="form-progress">\n            [1 2 3].map(step=>=>``\n              <div class="progress-dot step<=this.currentStep\'active\'\'\'"></div>\n            `).join(\'\')\n          </div>\n        </div>\n        \n        <div class="form-content">\n          <div class="form-question">currentQuestion.title</div>\n          <p style="color: #64748b; margin-bottom: 20px; font-size: 14px;">currentQuestion.subtitle</p>\n          \n          currentQuestion.type===\'textarea\'``\n            <textarea \n              class="form-textarea" \n              placeholder="currentQuestion.placeholder"\n              id="form-input"\n            >currentValue||\'\'</textarea>\n          ```\n            <input \n              type="text" \n              class="form-input" \n              placeholder="currentQuestion.placeholder"\n              id="form-input"\n              value="currentValue||\'\'"\n            />\n          `\n          \n          <div class="form-actions">\n            this.currentStep>1``\n              <button class="form-btn form-btn-secondary" onclick="chatOverlay.previousStep()">\n                Back\n              </button>\n            ```\n              <button class="form-btn form-btn-secondary" onclick="chatOverlay.setState(\'hidden\')">\n                Cancel\n              </button>\n            `\n            \n            <button \n              class="form-btn form-btn-primary" \n              onclick="chatOverlay.nextStep()"\n              !isValid\'disabled\'\'\'\n            >\n              this.currentStep===3\'Start Chat\'\'Next\'\n            </button>\n          </div>\n        </div>\n      </div>\n    `;\n this.container.outerHTML = ``\n      <div class="form-modal">\n        <div class="form-header">\n          <h2 class="form-title">Let\'s get to know your business</h2>\n          <p class="form-subtitle">Just 3 quick questions to create your strategy</p>\n          <div class="form-progress">\n            [1 2 3].map(step=>=>``\n              <div class="progress-dot step<=this.currentStep\'active\'\'\'"></div>\n            `).join(\'\')\n          </div>\n        </div>\n        \n        <div class="form-content">\n          <div class="form-question">currentQuestion.title</div>\n          <p style="color: #64748b; margin-bottom: 20px; font-size: 14px;">currentQuestion.subtitle</p>\n          \n          currentQuestion.type===\'textarea\'``\n            <textarea \n              class="form-textarea" \n              placeholder="currentQuestion.placeholder"\n              id="form-input"\n            >currentValue||\'\'</textarea>\n          ```\n            <input \n              type="text" \n              class="form-input" \n              placeholder="currentQuestion.placeholder"\n              id="form-input"\n              value="currentValue||\'\'"\n            />\n          `\n          \n          <div class="form-actions">\n            this.currentStep>1``\n              <button class="form-btn form-btn-secondary" onclick="chatOverlay.previousStep()">\n                Back\n              </button>\n            ```\n              <button class="form-btn form-btn-secondary" onclick="chatOverlay.setState(\'hidden\')">\n                Cancel\n              </button>\n            `\n            \n            <button \n              class="form-btn form-btn-primary" \n              onclick="chatOverlay.nextStep()"\n              !isValid\'disabled\'\'\'\n            >\n              this.currentStep===3\'Start Chat\'\'Next\'\n            </button>\n          </div>\n        </div>\n      </div>\n    `;\n document.write(...) this.container.outerHTML = "...";\n document.write("...")', PosixPath('static/js/chat-overlay.js'), 'config..semgrep.vendored-rules.javascript.browser.security.insecure-document-method') match_id = 9a31caae63f919b1b44ccacd74eabccd8538bd6ed2296e439bb64de432f14728c8ed199347967d3bc7df2395766ee0bcfac49b15bf52f4a8a1a2080d887146ec_0
2025-06-30 15:26:46,281 - semgrep.rule_match - DEBUG - match_key = ('', PosixPath('static/js/chat-overlay.js'), 'config..semgrep.vendored-rules.javascript.lang.security.html-in-template-string') match_id = 8107fcc1a11b30b415cfb38c95ed92538b9e2a99e173622f573a15740a311e21a8b89da3cf474e184adc8827209559cbeec2fec9e6037f60acc2405f8ff6c664_0
2025-06-30 15:26:46,282 - semgrep.rule_match - DEBUG - match_key = ('"></div>\n             .*</?[a-zA-Z] `"></div>\n            ${step<=this.currentStep\'active\'\'\'}...`\n `...${step<=this.currentStep\'active\'\'\'}"></div>\n            `\n', PosixPath('static/js/chat-overlay.js'), 'config..semgrep.vendored-rules.javascript.lang.security.html-in-template-string') match_id = b002215b54e1a4ec00971442b73956c3eec0d04e8fe34592ae55fa785cda9f6dee48c442759f9b0ff4d26f3acfe7063f6c628d985a98bdcdb96756ca3e134cb3_0
2025-06-30 15:26:46,283 - semgrep.rule_match - DEBUG - match_key = ('"></div>\n             .*</?[a-zA-Z] `"></div>\n            ${step<=this.currentStep\'active\'\'\'}...`\n `...${step<=this.currentStep\'active\'\'\'}"></div>\n            `\n', PosixPath('static/js/chat-overlay.js'), 'config..semgrep.vendored-rules.javascript.lang.security.html-in-template-string') match_id = b002215b54e1a4ec00971442b73956c3eec0d04e8fe34592ae55fa785cda9f6dee48c442759f9b0ff4d26f3acfe7063f6c628d985a98bdcdb96756ca3e134cb3_0
2025-06-30 15:26:46,283 - semgrep.rule_match - DEBUG - match_key = ('"></div>\n             .*</?[a-zA-Z] `"></div>\n            ${step<=this.currentStep\'active\'\'\'}...`\n `...${step<=this.currentStep\'active\'\'\'}"></div>\n            `\n', PosixPath('static/js/chat-overlay.js'), 'config..semgrep.vendored-rules.javascript.lang.security.html-in-template-string') match_id = b002215b54e1a4ec00971442b73956c3eec0d04e8fe34592ae55fa785cda9f6dee48c442759f9b0ff4d26f3acfe7063f6c628d985a98bdcdb96756ca3e134cb3_0
2025-06-30 15:26:46,284 - semgrep.rule_match - DEBUG - match_key = ('', PosixPath('static/js/chat-overlay.js'), 'config..semgrep.vendored-rules.javascript.lang.security.html-in-template-string') match_id = 8107fcc1a11b30b415cfb38c95ed92538b9e2a99e173622f573a15740a311e21a8b89da3cf474e184adc8827209559cbeec2fec9e6037f60acc2405f8ff6c664_0
2025-06-30 15:26:46,285 - semgrep.rule_match - DEBUG - match_key = ("</textarea>\n           .*</?[a-zA-Z] `</textarea>\n          ${currentValue||''}...`\n `...${currentValue||''}</textarea>\n          `\n", PosixPath('static/js/chat-overlay.js'), 'config..semgrep.vendored-rules.javascript.lang.security.html-in-template-string') match_id = d322f03d853a8e68a40a52f5c79c68ad2f009e08b8faffad52d204e837c8cab7da4ff2c5238716ca736608c6c975878425e4e185c3d50feeebc6f89b25150a75_0
2025-06-30 15:26:46,285 - semgrep.rule_match - DEBUG - match_key = ("</textarea>\n           .*</?[a-zA-Z] `</textarea>\n          ${currentValue||''}...`\n `...${currentValue||''}</textarea>\n          `\n", PosixPath('static/js/chat-overlay.js'), 'config..semgrep.vendored-rules.javascript.lang.security.html-in-template-string') match_id = d322f03d853a8e68a40a52f5c79c68ad2f009e08b8faffad52d204e837c8cab7da4ff2c5238716ca736608c6c975878425e4e185c3d50feeebc6f89b25150a75_0
2025-06-30 15:26:46,286 - semgrep.rule_match - DEBUG - match_key = ("</textarea>\n           .*</?[a-zA-Z] `</textarea>\n          ${currentValue||''}...`\n `...${currentValue||''}</textarea>\n          `\n", PosixPath('static/js/chat-overlay.js'), 'config..semgrep.vendored-rules.javascript.lang.security.html-in-template-string') match_id = d322f03d853a8e68a40a52f5c79c68ad2f009e08b8faffad52d204e837c8cab7da4ff2c5238716ca736608c6c975878425e4e185c3d50feeebc6f89b25150a75_0
2025-06-30 15:26:46,287 - semgrep.rule_match - DEBUG - match_key = ('', PosixPath('static/js/chat-overlay.js'), 'config..semgrep.vendored-rules.javascript.lang.security.html-in-template-string') match_id = 8107fcc1a11b30b415cfb38c95ed92538b9e2a99e173622f573a15740a311e21a8b89da3cf474e184adc8827209559cbeec2fec9e6037f60acc2405f8ff6c664_0
2025-06-30 15:26:46,287 - semgrep.rule_match - DEBUG - match_key = ('<div class="flex items-center space-x-2"><div class="loading-spinner"></div><span> .*</?[a-zA-Z] `<div class="flex items-center space-x-2"><div class="loading-spinner"></div><span>${message}...`\n `...${message}<div class="flex items-center space-x-2"><div class="loading-spinner"></div><span>`\n', PosixPath('static/js/chat-overlay.js'), 'config..semgrep.vendored-rules.javascript.lang.security.html-in-template-string') match_id = 1d836bd2c7ae93ffdbe658c9de6e35e6c8d7c261510ce3b74fabb4d6b5d80f573dc01c6c2d80ecb4d99851a2e636be7b42766fa81348687ebd77588df22de0d4_0
2025-06-30 15:26:46,288 - semgrep.rule_match - DEBUG - match_key = ('<div class="flex items-center space-x-2"><div class="loading-spinner"></div><span> .*</?[a-zA-Z] `<div class="flex items-center space-x-2"><div class="loading-spinner"></div><span>${message}...`\n `...${message}<div class="flex items-center space-x-2"><div class="loading-spinner"></div><span>`\n', PosixPath('static/js/chat-overlay.js'), 'config..semgrep.vendored-rules.javascript.lang.security.html-in-template-string') match_id = 1d836bd2c7ae93ffdbe658c9de6e35e6c8d7c261510ce3b74fabb4d6b5d80f573dc01c6c2d80ecb4d99851a2e636be7b42766fa81348687ebd77588df22de0d4_0
2025-06-30 15:26:46,289 - semgrep.rule_match - DEBUG - match_key = ('<div class="flex items-center space-x-2"><div class="loading-spinner"></div><span> .*</?[a-zA-Z] `<div class="flex items-center space-x-2"><div class="loading-spinner"></div><span>${message}...`\n `...${message}<div class="flex items-center space-x-2"><div class="loading-spinner"></div><span>`\n', PosixPath('static/js/chat-overlay.js'), 'config..semgrep.vendored-rules.javascript.lang.security.html-in-template-string') match_id = 1d836bd2c7ae93ffdbe658c9de6e35e6c8d7c261510ce3b74fabb4d6b5d80f573dc01c6c2d80ecb4d99851a2e636be7b42766fa81348687ebd77588df22de0d4_0
2025-06-30 15:26:46,290 - semgrep.rule_match - DEBUG - match_key = ('', PosixPath('static/js/chat-overlay.js'), 'config..semgrep.vendored-rules.javascript.lang.security.html-in-template-string') match_id = 8107fcc1a11b30b415cfb38c95ed92538b9e2a99e173622f573a15740a311e21a8b89da3cf474e184adc8827209559cbeec2fec9e6037f60acc2405f8ff6c664_0
2025-06-30 15:26:46,290 - semgrep.rule_match - DEBUG - match_key = ('</div>\n      </div> .*</?[a-zA-Z] `</div>\n      </div>${stepContent}...`\n `...${stepContent}</div>\n      </div>`\n', PosixPath('static/js/chat-overlay.js'), 'config..semgrep.vendored-rules.javascript.lang.security.html-in-template-string') match_id = 2d4943ec1916451ff132e5ea12135c35946765c973acd1fed5213fbd13154c4dcd70baee39e88a29587c1aa8cc1e95b2cb92fd17f9d74af8bfb1908afbef94af_0
2025-06-30 15:26:46,291 - semgrep.rule_match - DEBUG - match_key = ('</div>\n      </div> .*</?[a-zA-Z] `</div>\n      </div>${stepContent}...`\n `...${stepContent}</div>\n      </div>`\n', PosixPath('static/js/chat-overlay.js'), 'config..semgrep.vendored-rules.javascript.lang.security.html-in-template-string') match_id = 2d4943ec1916451ff132e5ea12135c35946765c973acd1fed5213fbd13154c4dcd70baee39e88a29587c1aa8cc1e95b2cb92fd17f9d74af8bfb1908afbef94af_0
2025-06-30 15:26:46,292 - semgrep.rule_match - DEBUG - match_key = ('</div>\n      </div> .*</?[a-zA-Z] `</div>\n      </div>${stepContent}...`\n `...${stepContent}</div>\n      </div>`\n', PosixPath('static/js/chat-overlay.js'), 'config..semgrep.vendored-rules.javascript.lang.security.html-in-template-string') match_id = 2d4943ec1916451ff132e5ea12135c35946765c973acd1fed5213fbd13154c4dcd70baee39e88a29587c1aa8cc1e95b2cb92fd17f9d74af8bfb1908afbef94af_0
2025-06-30 15:26:46,293 - semgrep.rule_match - DEBUG - match_key = ('', PosixPath('static/js/chat-overlay.js'), 'config..semgrep.vendored-rules.javascript.lang.security.html-in-template-string') match_id = 8107fcc1a11b30b415cfb38c95ed92538b9e2a99e173622f573a15740a311e21a8b89da3cf474e184adc8827209559cbeec2fec9e6037f60acc2405f8ff6c664_0
2025-06-30 15:26:46,294 - semgrep.rule_match - DEBUG - match_key = ('<li> .*</?[a-zA-Z] `<li>${query}...`\n `...${query}<li>`\n', PosixPath('static/js/chat-overlay.js'), 'config..semgrep.vendored-rules.javascript.lang.security.html-in-template-string') match_id = 6bd249b5e7a45cb5116b7a9f8c55f1558a00c4adf7e9cb67799838837ba3c86ffdb87ef181486af49199f7e99f52dace0e8424b44043f0622424a256b7c98b0c_0
2025-06-30 15:26:46,294 - semgrep.rule_match - DEBUG - match_key = ('<li> .*</?[a-zA-Z] `<li>${query}...`\n `...${query}<li>`\n', PosixPath('static/js/chat-overlay.js'), 'config..semgrep.vendored-rules.javascript.lang.security.html-in-template-string') match_id = 6bd249b5e7a45cb5116b7a9f8c55f1558a00c4adf7e9cb67799838837ba3c86ffdb87ef181486af49199f7e99f52dace0e8424b44043f0622424a256b7c98b0c_0
2025-06-30 15:26:46,295 - semgrep.rule_match - DEBUG - match_key = ('<li> .*</?[a-zA-Z] `<li>${query}...`\n `...${query}<li>`\n', PosixPath('static/js/chat-overlay.js'), 'config..semgrep.vendored-rules.javascript.lang.security.html-in-template-string') match_id = 6bd249b5e7a45cb5116b7a9f8c55f1558a00c4adf7e9cb67799838837ba3c86ffdb87ef181486af49199f7e99f52dace0e8424b44043f0622424a256b7c98b0c_0
2025-06-30 15:26:46,296 - semgrep.rule_match - DEBUG - match_key = ('', PosixPath('static/js/chat-overlay.js'), 'config..semgrep.vendored-rules.javascript.lang.security.html-in-template-string') match_id = 8107fcc1a11b30b415cfb38c95ed92538b9e2a99e173622f573a15740a311e21a8b89da3cf474e184adc8827209559cbeec2fec9e6037f60acc2405f8ff6c664_0
2025-06-30 15:26:46,297 - semgrep.rule_match - DEBUG - match_key = ('Excellent! Your complete sales strategy is ready.<br><br>Go to <a href=" .*</?[a-zA-Z] `Excellent! Your complete sales strategy is ready.<br><br>Go to <a href="${currentDomain}...`\n `...${currentDomain}Excellent! Your complete sales strategy is ready.<br><br>Go to <a href="`\n', PosixPath('static/js/chat-overlay.js'), 'config..semgrep.vendored-rules.javascript.lang.security.html-in-template-string') match_id = c95075ad266ed1038b656674ad125fee3e18bd3c45679a9b7182dd0bded601c4b3de772da053f635fc8f3477ab511bdc9730cd945d2d8050ba3c49669b6be46c_0
2025-06-30 15:26:46,298 - semgrep.rule_match - DEBUG - match_key = ('Excellent! Your complete sales strategy is ready.<br><br>Go to <a href=" .*</?[a-zA-Z] `Excellent! Your complete sales strategy is ready.<br><br>Go to <a href="${currentDomain}...`\n `...${currentDomain}Excellent! Your complete sales strategy is ready.<br><br>Go to <a href="`\n', PosixPath('static/js/chat-overlay.js'), 'config..semgrep.vendored-rules.javascript.lang.security.html-in-template-string') match_id = c95075ad266ed1038b656674ad125fee3e18bd3c45679a9b7182dd0bded601c4b3de772da053f635fc8f3477ab511bdc9730cd945d2d8050ba3c49669b6be46c_0
2025-06-30 15:26:46,299 - semgrep.rule_match - DEBUG - match_key = ('Excellent! Your complete sales strategy is ready.<br><br>Go to <a href=" .*</?[a-zA-Z] `Excellent! Your complete sales strategy is ready.<br><br>Go to <a href="${currentDomain}...`\n `...${currentDomain}Excellent! Your complete sales strategy is ready.<br><br>Go to <a href="`\n', PosixPath('static/js/chat-overlay.js'), 'config..semgrep.vendored-rules.javascript.lang.security.html-in-template-string') match_id = c95075ad266ed1038b656674ad125fee3e18bd3c45679a9b7182dd0bded601c4b3de772da053f635fc8f3477ab511bdc9730cd945d2d8050ba3c49669b6be46c_0
2025-06-30 15:26:46,301 - semgrep.rule_match - DEBUG - match_key = ('', PosixPath('static/js/chat-overlay.js'), 'config..semgrep.vendored-rules.javascript.lang.security.html-in-template-string') match_id = 8107fcc1a11b30b415cfb38c95ed92538b9e2a99e173622f573a15740a311e21a8b89da3cf474e184adc8827209559cbeec2fec9e6037f60acc2405f8ff6c664_0
2025-06-30 15:26:46,302 - semgrep.rule_match - DEBUG - match_key = ('</div>\n          </div> .*</?[a-zA-Z] `</div>\n          </div>${confirmData.content}...`\n `...${confirmData.content}</div>\n          </div>`\n', PosixPath('static/js/chat-overlay.js'), 'config..semgrep.vendored-rules.javascript.lang.security.html-in-template-string') match_id = 5be69082308e354f6833cc2014fe678bcfc3bed2d8cee5380d1d6d6cc07d7a1527bc41660d4c3dec9c8cc29f18a1c62914f6c87f1b93a213da50baf2c484d5ae_0
2025-06-30 15:26:46,303 - semgrep.rule_match - DEBUG - match_key = ('</div>\n          </div> .*</?[a-zA-Z] `</div>\n          </div>${confirmData.content}...`\n `...${confirmData.content}</div>\n          </div>`\n', PosixPath('static/js/chat-overlay.js'), 'config..semgrep.vendored-rules.javascript.lang.security.html-in-template-string') match_id = 5be69082308e354f6833cc2014fe678bcfc3bed2d8cee5380d1d6d6cc07d7a1527bc41660d4c3dec9c8cc29f18a1c62914f6c87f1b93a213da50baf2c484d5ae_0
2025-06-30 15:26:46,304 - semgrep.rule_match - DEBUG - match_key = ('</div>\n          </div> .*</?[a-zA-Z] `</div>\n          </div>${confirmData.content}...`\n `...${confirmData.content}</div>\n          </div>`\n', PosixPath('static/js/chat-overlay.js'), 'config..semgrep.vendored-rules.javascript.lang.security.html-in-template-string') match_id = 5be69082308e354f6833cc2014fe678bcfc3bed2d8cee5380d1d6d6cc07d7a1527bc41660d4c3dec9c8cc29f18a1c62914f6c87f1b93a213da50baf2c484d5ae_0
2025-06-30 15:26:46,305 - semgrep.rule_match - DEBUG - match_key = ('', PosixPath('static/js/chat-overlay.js'), 'config..semgrep.vendored-rules.javascript.lang.security.html-in-template-string') match_id = 8107fcc1a11b30b415cfb38c95ed92538b9e2a99e173622f573a15740a311e21a8b89da3cf474e184adc8827209559cbeec2fec9e6037f60acc2405f8ff6c664_0
2025-06-30 15:26:46,307 - semgrep.rule_match - DEBUG - match_key = ('</td>\n                  </tr>\n                 .*</?[a-zA-Z] `</td>\n                  </tr>\n                ${query}...`\n `...${query}</td>\n                  </tr>\n                `\n', PosixPath('static/js/chat-overlay.js'), 'config..semgrep.vendored-rules.javascript.lang.security.html-in-template-string') match_id = d0bb23b4f1a93f00ac811e835b4dbea71b74495c8cb06676faca1842b56e925d599df6da4894d2b0bce696e151431320ca9a89cf633f2bfecd68d06c674e672c_0
2025-06-30 15:26:46,308 - semgrep.rule_match - DEBUG - match_key = ('</td>\n                  </tr>\n                 .*</?[a-zA-Z] `</td>\n                  </tr>\n                ${query}...`\n `...${query}</td>\n                  </tr>\n                `\n', PosixPath('static/js/chat-overlay.js'), 'config..semgrep.vendored-rules.javascript.lang.security.html-in-template-string') match_id = d0bb23b4f1a93f00ac811e835b4dbea71b74495c8cb06676faca1842b56e925d599df6da4894d2b0bce696e151431320ca9a89cf633f2bfecd68d06c674e672c_0
2025-06-30 15:26:46,309 - semgrep.rule_match - DEBUG - match_key = ('</td>\n                  </tr>\n                 .*</?[a-zA-Z] `</td>\n                  </tr>\n                ${query}...`\n `...${query}</td>\n                  </tr>\n                `\n', PosixPath('static/js/chat-overlay.js'), 'config..semgrep.vendored-rules.javascript.lang.security.html-in-template-string') match_id = d0bb23b4f1a93f00ac811e835b4dbea71b74495c8cb06676faca1842b56e925d599df6da4894d2b0bce696e151431320ca9a89cf633f2bfecd68d06c674e672c_0
2025-06-30 15:26:46,309 - semgrep.rule_match - DEBUG - match_key = ('', PosixPath('static/landing.html'), 'config..semgrep.vendored-rules.html.security.audit.missing-integrity') match_id = b32d85220625cbee9e0dc0cae4ad9ad91c3419796f12c71b1eb294b29010570199f71b3d876f0ecddd8ded85fe3d8c696cb03c3cb8a19dee80358220918fb5ad_0
2025-06-30 15:26:46,310 - semgrep.rule_match - DEBUG - match_key = (' src="https://cdn.tailwindcss.com" (?is).*integrity= (google-analytics\\.com|fonts\\.googleapis\\.com|fonts\\.gstatic\\.com|googletagmanager\\.com) .*rel\\s*=\\s*[\'"]?preconnect.* href="... :// ..." href="//..." href=\'... :// ...\' href=\'//...\' src="... :// ..." src="//..." src=\'... :// ...\' src=\'//...\' <link  src="https://cdn.tailwindcss.com" > <script  src="https://cdn.tailwindcss.com" >...</script>', PosixPath('static/landing.html'), 'config..semgrep.vendored-rules.html.security.audit.missing-integrity') match_id = c879dea79a23bdc285b250a9431852508e7b407cb22eb60eb1f4baff837ef316e186ce285ec7a497edccd5155b8831e24714fa0d9c1fbff3784c6e7fc9960de5_0
2025-06-30 15:26:46,310 - semgrep.rule_match - DEBUG - match_key = (' src="https://cdn.tailwindcss.com" (?is).*integrity= (google-analytics\\.com|fonts\\.googleapis\\.com|fonts\\.gstatic\\.com|googletagmanager\\.com) .*rel\\s*=\\s*[\'"]?preconnect.* href="... :// ..." href="//..." href=\'... :// ...\' href=\'//...\' src="... :// ..." src="//..." src=\'... :// ...\' src=\'//...\' <link  src="https://cdn.tailwindcss.com" > <script  src="https://cdn.tailwindcss.com" >...</script>', PosixPath('static/landing.html'), 'config..semgrep.vendored-rules.html.security.audit.missing-integrity') match_id = c879dea79a23bdc285b250a9431852508e7b407cb22eb60eb1f4baff837ef316e186ce285ec7a497edccd5155b8831e24714fa0d9c1fbff3784c6e7fc9960de5_0
2025-06-30 15:26:46,311 - semgrep.rule_match - DEBUG - match_key = (' src="https://cdn.tailwindcss.com" (?is).*integrity= (google-analytics\\.com|fonts\\.googleapis\\.com|fonts\\.gstatic\\.com|googletagmanager\\.com) .*rel\\s*=\\s*[\'"]?preconnect.* href="... :// ..." href="//..." href=\'... :// ...\' href=\'//...\' src="... :// ..." src="//..." src=\'... :// ...\' src=\'//...\' <link  src="https://cdn.tailwindcss.com" > <script  src="https://cdn.tailwindcss.com" >...</script>', PosixPath('static/landing.html'), 'config..semgrep.vendored-rules.html.security.audit.missing-integrity') match_id = c879dea79a23bdc285b250a9431852508e7b407cb22eb60eb1f4baff837ef316e186ce285ec7a497edccd5155b8831e24714fa0d9c1fbff3784c6e7fc9960de5_0
2025-06-30 15:26:46,311 - semgrep.rule_match - DEBUG - match_key = ('', PosixPath('static/landing.html'), 'config..semgrep.vendored-rules.html.security.audit.missing-integrity') match_id = b32d85220625cbee9e0dc0cae4ad9ad91c3419796f12c71b1eb294b29010570199f71b3d876f0ecddd8ded85fe3d8c696cb03c3cb8a19dee80358220918fb5ad_0
2025-06-30 15:26:46,312 - semgrep.rule_match - DEBUG - match_key = (' src="https://www.gstatic.com/firebasejs/9.23.0/firebase-app-compat.js" (?is).*integrity= (google-analytics\\.com|fonts\\.googleapis\\.com|fonts\\.gstatic\\.com|googletagmanager\\.com) .*rel\\s*=\\s*[\'"]?preconnect.* href="... :// ..." href="//..." href=\'... :// ...\' href=\'//...\' src="... :// ..." src="//..." src=\'... :// ...\' src=\'//...\' <link  src="https://www.gstatic.com/firebasejs/9.23.0/firebase-app-compat.js" > <script  src="https://www.gstatic.com/firebasejs/9.23.0/firebase-app-compat.js" >...</script>', PosixPath('static/landing.html'), 'config..semgrep.vendored-rules.html.security.audit.missing-integrity') match_id = c54ded6b8ff59c25fb6dd119b69304d25e684fac5e292d20fe878eb6c2f5934d653652ecc721a2352777797d00d9dc3c11c7774d6a88c53b6b925654b2c48154_0
2025-06-30 15:26:46,312 - semgrep.rule_match - DEBUG - match_key = (' src="https://www.gstatic.com/firebasejs/9.23.0/firebase-app-compat.js" (?is).*integrity= (google-analytics\\.com|fonts\\.googleapis\\.com|fonts\\.gstatic\\.com|googletagmanager\\.com) .*rel\\s*=\\s*[\'"]?preconnect.* href="... :// ..." href="//..." href=\'... :// ...\' href=\'//...\' src="... :// ..." src="//..." src=\'... :// ...\' src=\'//...\' <link  src="https://www.gstatic.com/firebasejs/9.23.0/firebase-app-compat.js" > <script  src="https://www.gstatic.com/firebasejs/9.23.0/firebase-app-compat.js" >...</script>', PosixPath('static/landing.html'), 'config..semgrep.vendored-rules.html.security.audit.missing-integrity') match_id = c54ded6b8ff59c25fb6dd119b69304d25e684fac5e292d20fe878eb6c2f5934d653652ecc721a2352777797d00d9dc3c11c7774d6a88c53b6b925654b2c48154_0
2025-06-30 15:26:46,313 - semgrep.rule_match - DEBUG - match_key = (' src="https://www.gstatic.com/firebasejs/9.23.0/firebase-app-compat.js" (?is).*integrity= (google-analytics\\.com|fonts\\.googleapis\\.com|fonts\\.gstatic\\.com|googletagmanager\\.com) .*rel\\s*=\\s*[\'"]?preconnect.* href="... :// ..." href="//..." href=\'... :// ...\' href=\'//...\' src="... :// ..." src="//..." src=\'... :// ...\' src=\'//...\' <link  src="https://www.gstatic.com/firebasejs/9.23.0/firebase-app-compat.js" > <script  src="https://www.gstatic.com/firebasejs/9.23.0/firebase-app-compat.js" >...</script>', PosixPath('static/landing.html'), 'config..semgrep.vendored-rules.html.security.audit.missing-integrity') match_id = c54ded6b8ff59c25fb6dd119b69304d25e684fac5e292d20fe878eb6c2f5934d653652ecc721a2352777797d00d9dc3c11c7774d6a88c53b6b925654b2c48154_0
2025-06-30 15:26:46,314 - semgrep.rule_match - DEBUG - match_key = ('', PosixPath('static/landing.html'), 'config..semgrep.vendored-rules.html.security.audit.missing-integrity') match_id = b32d85220625cbee9e0dc0cae4ad9ad91c3419796f12c71b1eb294b29010570199f71b3d876f0ecddd8ded85fe3d8c696cb03c3cb8a19dee80358220918fb5ad_0
2025-06-30 15:26:46,314 - semgrep.rule_match - DEBUG - match_key = (' src="https://www.gstatic.com/firebasejs/9.23.0/firebase-auth-compat.js" (?is).*integrity= (google-analytics\\.com|fonts\\.googleapis\\.com|fonts\\.gstatic\\.com|googletagmanager\\.com) .*rel\\s*=\\s*[\'"]?preconnect.* href="... :// ..." href="//..." href=\'... :// ...\' href=\'//...\' src="... :// ..." src="//..." src=\'... :// ...\' src=\'//...\' <link  src="https://www.gstatic.com/firebasejs/9.23.0/firebase-auth-compat.js" > <script  src="https://www.gstatic.com/firebasejs/9.23.0/firebase-auth-compat.js" >...</script>', PosixPath('static/landing.html'), 'config..semgrep.vendored-rules.html.security.audit.missing-integrity') match_id = 405af9b3d45e48fa9f306417175bae0b52a9f64040fd5db3ed8b92ccc323eb429a37ff6e0fdd70119c56604d67171466ba9534cbb36a5020341dd44a41c807ca_0
2025-06-30 15:26:46,315 - semgrep.rule_match - DEBUG - match_key = (' src="https://www.gstatic.com/firebasejs/9.23.0/firebase-auth-compat.js" (?is).*integrity= (google-analytics\\.com|fonts\\.googleapis\\.com|fonts\\.gstatic\\.com|googletagmanager\\.com) .*rel\\s*=\\s*[\'"]?preconnect.* href="... :// ..." href="//..." href=\'... :// ...\' href=\'//...\' src="... :// ..." src="//..." src=\'... :// ...\' src=\'//...\' <link  src="https://www.gstatic.com/firebasejs/9.23.0/firebase-auth-compat.js" > <script  src="https://www.gstatic.com/firebasejs/9.23.0/firebase-auth-compat.js" >...</script>', PosixPath('static/landing.html'), 'config..semgrep.vendored-rules.html.security.audit.missing-integrity') match_id = 405af9b3d45e48fa9f306417175bae0b52a9f64040fd5db3ed8b92ccc323eb429a37ff6e0fdd70119c56604d67171466ba9534cbb36a5020341dd44a41c807ca_0
2025-06-30 15:26:46,316 - semgrep.rule_match - DEBUG - match_key = (' src="https://www.gstatic.com/firebasejs/9.23.0/firebase-auth-compat.js" (?is).*integrity= (google-analytics\\.com|fonts\\.googleapis\\.com|fonts\\.gstatic\\.com|googletagmanager\\.com) .*rel\\s*=\\s*[\'"]?preconnect.* href="... :// ..." href="//..." href=\'... :// ...\' href=\'//...\' src="... :// ..." src="//..." src=\'... :// ...\' src=\'//...\' <link  src="https://www.gstatic.com/firebasejs/9.23.0/firebase-auth-compat.js" > <script  src="https://www.gstatic.com/firebasejs/9.23.0/firebase-auth-compat.js" >...</script>', PosixPath('static/landing.html'), 'config..semgrep.vendored-rules.html.security.audit.missing-integrity') match_id = 405af9b3d45e48fa9f306417175bae0b52a9f64040fd5db3ed8b92ccc323eb429a37ff6e0fdd70119c56604d67171466ba9534cbb36a5020341dd44a41c807ca_0
2025-06-30 15:26:46,316 - semgrep.rule_match - DEBUG - match_key = ('', PosixPath('static/landing_BU-w-onboarding-250623.html'), 'config..semgrep.vendored-rules.html.security.audit.missing-integrity') match_id = fb34a4008698cf8f28407dbc093b19eef99a0e7a08f208f115a55ec1c2c0aa1921c09279bb6d242e5b7094884c1f6b25ce4b9b0155c53bf8b9a93a6c35a04a17_0
2025-06-30 15:26:46,317 - semgrep.rule_match - DEBUG - match_key = (' src="https://cdn.tailwindcss.com" (?is).*integrity= (google-analytics\\.com|fonts\\.googleapis\\.com|fonts\\.gstatic\\.com|googletagmanager\\.com) .*rel\\s*=\\s*[\'"]?preconnect.* href="... :// ..." href="//..." href=\'... :// ...\' href=\'//...\' src="... :// ..." src="//..." src=\'... :// ...\' src=\'//...\' <link  src="https://cdn.tailwindcss.com" > <script  src="https://cdn.tailwindcss.com" >...</script>', PosixPath('static/landing_BU-w-onboarding-250623.html'), 'config..semgrep.vendored-rules.html.security.audit.missing-integrity') match_id = 473eb26bd685e5233637c7390e6bfe46d042c9fb8c282d3b4883e8f29ce8201bea4f2a3f2b4811c06cd50c0d195fe6538ae50a7b6a6ee509607ef076301b1921_0
2025-06-30 15:26:46,317 - semgrep.rule_match - DEBUG - match_key = (' src="https://cdn.tailwindcss.com" (?is).*integrity= (google-analytics\\.com|fonts\\.googleapis\\.com|fonts\\.gstatic\\.com|googletagmanager\\.com) .*rel\\s*=\\s*[\'"]?preconnect.* href="... :// ..." href="//..." href=\'... :// ...\' href=\'//...\' src="... :// ..." src="//..." src=\'... :// ...\' src=\'//...\' <link  src="https://cdn.tailwindcss.com" > <script  src="https://cdn.tailwindcss.com" >...</script>', PosixPath('static/landing_BU-w-onboarding-250623.html'), 'config..semgrep.vendored-rules.html.security.audit.missing-integrity') match_id = 473eb26bd685e5233637c7390e6bfe46d042c9fb8c282d3b4883e8f29ce8201bea4f2a3f2b4811c06cd50c0d195fe6538ae50a7b6a6ee509607ef076301b1921_0
2025-06-30 15:26:46,318 - semgrep.rule_match - DEBUG - match_key = (' src="https://cdn.tailwindcss.com" (?is).*integrity= (google-analytics\\.com|fonts\\.googleapis\\.com|fonts\\.gstatic\\.com|googletagmanager\\.com) .*rel\\s*=\\s*[\'"]?preconnect.* href="... :// ..." href="//..." href=\'... :// ...\' href=\'//...\' src="... :// ..." src="//..." src=\'... :// ...\' src=\'//...\' <link  src="https://cdn.tailwindcss.com" > <script  src="https://cdn.tailwindcss.com" >...</script>', PosixPath('static/landing_BU-w-onboarding-250623.html'), 'config..semgrep.vendored-rules.html.security.audit.missing-integrity') match_id = 473eb26bd685e5233637c7390e6bfe46d042c9fb8c282d3b4883e8f29ce8201bea4f2a3f2b4811c06cd50c0d195fe6538ae50a7b6a6ee509607ef076301b1921_0
2025-06-30 15:26:46,318 - semgrep.rule_match - DEBUG - match_key = ('', PosixPath('static/landing_BU-w-onboarding-250623.html'), 'config..semgrep.vendored-rules.html.security.audit.missing-integrity') match_id = fb34a4008698cf8f28407dbc093b19eef99a0e7a08f208f115a55ec1c2c0aa1921c09279bb6d242e5b7094884c1f6b25ce4b9b0155c53bf8b9a93a6c35a04a17_0
2025-06-30 15:26:46,319 - semgrep.rule_match - DEBUG - match_key = (' src="https://www.gstatic.com/firebasejs/9.23.0/firebase-app-compat.js" (?is).*integrity= (google-analytics\\.com|fonts\\.googleapis\\.com|fonts\\.gstatic\\.com|googletagmanager\\.com) .*rel\\s*=\\s*[\'"]?preconnect.* href="... :// ..." href="//..." href=\'... :// ...\' href=\'//...\' src="... :// ..." src="//..." src=\'... :// ...\' src=\'//...\' <link  src="https://www.gstatic.com/firebasejs/9.23.0/firebase-app-compat.js" > <script  src="https://www.gstatic.com/firebasejs/9.23.0/firebase-app-compat.js" >...</script>', PosixPath('static/landing_BU-w-onboarding-250623.html'), 'config..semgrep.vendored-rules.html.security.audit.missing-integrity') match_id = 3033a6c59932feaa9b53cc2fd1f530cfd2ce468e190b8834ad300347be8a92403bb74f9643eacd9e2f9ac09b0b52ab05b877f83d45b50620cfb5c1699d591c27_0
2025-06-30 15:26:46,320 - semgrep.rule_match - DEBUG - match_key = (' src="https://www.gstatic.com/firebasejs/9.23.0/firebase-app-compat.js" (?is).*integrity= (google-analytics\\.com|fonts\\.googleapis\\.com|fonts\\.gstatic\\.com|googletagmanager\\.com) .*rel\\s*=\\s*[\'"]?preconnect.* href="... :// ..." href="//..." href=\'... :// ...\' href=\'//...\' src="... :// ..." src="//..." src=\'... :// ...\' src=\'//...\' <link  src="https://www.gstatic.com/firebasejs/9.23.0/firebase-app-compat.js" > <script  src="https://www.gstatic.com/firebasejs/9.23.0/firebase-app-compat.js" >...</script>', PosixPath('static/landing_BU-w-onboarding-250623.html'), 'config..semgrep.vendored-rules.html.security.audit.missing-integrity') match_id = 3033a6c59932feaa9b53cc2fd1f530cfd2ce468e190b8834ad300347be8a92403bb74f9643eacd9e2f9ac09b0b52ab05b877f83d45b50620cfb5c1699d591c27_0
2025-06-30 15:26:46,320 - semgrep.rule_match - DEBUG - match_key = (' src="https://www.gstatic.com/firebasejs/9.23.0/firebase-app-compat.js" (?is).*integrity= (google-analytics\\.com|fonts\\.googleapis\\.com|fonts\\.gstatic\\.com|googletagmanager\\.com) .*rel\\s*=\\s*[\'"]?preconnect.* href="... :// ..." href="//..." href=\'... :// ...\' href=\'//...\' src="... :// ..." src="//..." src=\'... :// ...\' src=\'//...\' <link  src="https://www.gstatic.com/firebasejs/9.23.0/firebase-app-compat.js" > <script  src="https://www.gstatic.com/firebasejs/9.23.0/firebase-app-compat.js" >...</script>', PosixPath('static/landing_BU-w-onboarding-250623.html'), 'config..semgrep.vendored-rules.html.security.audit.missing-integrity') match_id = 3033a6c59932feaa9b53cc2fd1f530cfd2ce468e190b8834ad300347be8a92403bb74f9643eacd9e2f9ac09b0b52ab05b877f83d45b50620cfb5c1699d591c27_0
2025-06-30 15:26:46,321 - semgrep.rule_match - DEBUG - match_key = ('', PosixPath('static/landing_BU-w-onboarding-250623.html'), 'config..semgrep.vendored-rules.html.security.audit.missing-integrity') match_id = fb34a4008698cf8f28407dbc093b19eef99a0e7a08f208f115a55ec1c2c0aa1921c09279bb6d242e5b7094884c1f6b25ce4b9b0155c53bf8b9a93a6c35a04a17_0
2025-06-30 15:26:46,321 - semgrep.rule_match - DEBUG - match_key = (' src="https://www.gstatic.com/firebasejs/9.23.0/firebase-auth-compat.js" (?is).*integrity= (google-analytics\\.com|fonts\\.googleapis\\.com|fonts\\.gstatic\\.com|googletagmanager\\.com) .*rel\\s*=\\s*[\'"]?preconnect.* href="... :// ..." href="//..." href=\'... :// ...\' href=\'//...\' src="... :// ..." src="//..." src=\'... :// ...\' src=\'//...\' <link  src="https://www.gstatic.com/firebasejs/9.23.0/firebase-auth-compat.js" > <script  src="https://www.gstatic.com/firebasejs/9.23.0/firebase-auth-compat.js" >...</script>', PosixPath('static/landing_BU-w-onboarding-250623.html'), 'config..semgrep.vendored-rules.html.security.audit.missing-integrity') match_id = 4c37f40cd1c809ea88afb1a16ae4b8de13d4795c482069526defdc40eedcfb8bbe8942574a932026de23097a551dc7f6390026b9c265430ed3b0a1131bd78c5f_0
2025-06-30 15:26:46,322 - semgrep.rule_match - DEBUG - match_key = (' src="https://www.gstatic.com/firebasejs/9.23.0/firebase-auth-compat.js" (?is).*integrity= (google-analytics\\.com|fonts\\.googleapis\\.com|fonts\\.gstatic\\.com|googletagmanager\\.com) .*rel\\s*=\\s*[\'"]?preconnect.* href="... :// ..." href="//..." href=\'... :// ...\' href=\'//...\' src="... :// ..." src="//..." src=\'... :// ...\' src=\'//...\' <link  src="https://www.gstatic.com/firebasejs/9.23.0/firebase-auth-compat.js" > <script  src="https://www.gstatic.com/firebasejs/9.23.0/firebase-auth-compat.js" >...</script>', PosixPath('static/landing_BU-w-onboarding-250623.html'), 'config..semgrep.vendored-rules.html.security.audit.missing-integrity') match_id = 4c37f40cd1c809ea88afb1a16ae4b8de13d4795c482069526defdc40eedcfb8bbe8942574a932026de23097a551dc7f6390026b9c265430ed3b0a1131bd78c5f_0
2025-06-30 15:26:46,323 - semgrep.rule_match - DEBUG - match_key = (' src="https://www.gstatic.com/firebasejs/9.23.0/firebase-auth-compat.js" (?is).*integrity= (google-analytics\\.com|fonts\\.googleapis\\.com|fonts\\.gstatic\\.com|googletagmanager\\.com) .*rel\\s*=\\s*[\'"]?preconnect.* href="... :// ..." href="//..." href=\'... :// ...\' href=\'//...\' src="... :// ..." src="//..." src=\'... :// ...\' src=\'//...\' <link  src="https://www.gstatic.com/firebasejs/9.23.0/firebase-auth-compat.js" > <script  src="https://www.gstatic.com/firebasejs/9.23.0/firebase-auth-compat.js" >...</script>', PosixPath('static/landing_BU-w-onboarding-250623.html'), 'config..semgrep.vendored-rules.html.security.audit.missing-integrity') match_id = 4c37f40cd1c809ea88afb1a16ae4b8de13d4795c482069526defdc40eedcfb8bbe8942574a932026de23097a551dc7f6390026b9c265430ed3b0a1131bd78c5f_0
2025-06-30 15:26:46,323 - semgrep.rule_match - DEBUG - match_key = ('', PosixPath('storage-switching/simplified-storage-replit.ts'), 'config..semgrep.vendored-rules.javascript.lang.security.audit.unsafe-formatstring') match_id = ad77b6b74e2f6693d4a075e039e089e21ebdacfe68856d4e8eb273dc00e12a909ce0b6413560f801e7d356af7d9e05d05243f49ffd04f4d8913f0c2a67f57daa_0
2025-06-30 15:26:46,324 - semgrep.rule_match - DEBUG - match_key = ('"..." + "..."\n $X + $Y $X.concat($Y) `...${...}...`\n $X.concat("...")\n ``Error listing keys with prefix prefix:` $UTIL = require(\'util\')\n...\n $UTIL.format(``Error listing keys with prefix prefix:`,e,...)\n console.error(``Error listing keys with prefix prefix:`,e,...)\n', PosixPath('storage-switching/simplified-storage-replit.ts'), 'config..semgrep.vendored-rules.javascript.lang.security.audit.unsafe-formatstring') match_id = 252d5d831b7f0030141197ca4e351ab8c483aa3a64994545d0e1d9cc78c8abf90126805dcc60c36d42623e5e3befc5b5acc0a7268b35d02a2ccca8929e93b2b6_0
2025-06-30 15:26:46,324 - semgrep.rule_match - DEBUG - match_key = ('"..." + "..."\n $X + $Y $X.concat($Y) `...${...}...`\n $X.concat("...")\n ``Error listing keys with prefix prefix:` $UTIL = require(\'util\')\n...\n $UTIL.format(``Error listing keys with prefix prefix:`,e,...)\n console.error(``Error listing keys with prefix prefix:`,e,...)\n', PosixPath('storage-switching/simplified-storage-replit.ts'), 'config..semgrep.vendored-rules.javascript.lang.security.audit.unsafe-formatstring') match_id = 252d5d831b7f0030141197ca4e351ab8c483aa3a64994545d0e1d9cc78c8abf90126805dcc60c36d42623e5e3befc5b5acc0a7268b35d02a2ccca8929e93b2b6_0
2025-06-30 15:26:46,325 - semgrep.rule_match - DEBUG - match_key = ('"..." + "..."\n $X + $Y $X.concat($Y) `...${...}...`\n $X.concat("...")\n ``Error listing keys with prefix prefix:` $UTIL = require(\'util\')\n...\n $UTIL.format(``Error listing keys with prefix prefix:`,e,...)\n console.error(``Error listing keys with prefix prefix:`,e,...)\n', PosixPath('storage-switching/simplified-storage-replit.ts'), 'config..semgrep.vendored-rules.javascript.lang.security.audit.unsafe-formatstring') match_id = 252d5d831b7f0030141197ca4e351ab8c483aa3a64994545d0e1d9cc78c8abf90126805dcc60c36d42623e5e3befc5b5acc0a7268b35d02a2ccca8929e93b2b6_0
2025-06-30 15:26:46,325 - semgrep.rule_match - DEBUG - match_key = ('', PosixPath('storage-switching/verify.ts'), 'config..semgrep.vendored-rules.javascript.lang.security.audit.unsafe-formatstring') match_id = 98768cd0428329ec410bc85a12205f756a6ec2a26a050a9f95342c06bb7ccbe140ba85f89e6b99a78556beb74fdf02426130f3004e7d11f7f6c09660fc9593e8_0
2025-06-30 15:26:46,326 - semgrep.rule_match - DEBUG - match_key = ('"..." + "..."\n $X + $Y $X.concat($Y) `...${...}...`\n $X.concat("...")\n ``Error listing keys with prefix prefix:` $UTIL = require(\'util\')\n...\n $UTIL.format(``Error listing keys with prefix prefix:`,e,...)\n console.error(``Error listing keys with prefix prefix:`,e,...)\n', PosixPath('storage-switching/verify.ts'), 'config..semgrep.vendored-rules.javascript.lang.security.audit.unsafe-formatstring') match_id = 45c192c068ab858c49bbbdd0b1828e902520df73d5d4ae4fcc2b0204e82303038fe3e09c08903fc72daeffa1153102c0dbc9861cb7a1277d9b1fdd4ef6361d68_0
2025-06-30 15:26:46,326 - semgrep.rule_match - DEBUG - match_key = ('"..." + "..."\n $X + $Y $X.concat($Y) `...${...}...`\n $X.concat("...")\n ``Error listing keys with prefix prefix:` $UTIL = require(\'util\')\n...\n $UTIL.format(``Error listing keys with prefix prefix:`,e,...)\n console.error(``Error listing keys with prefix prefix:`,e,...)\n', PosixPath('storage-switching/verify.ts'), 'config..semgrep.vendored-rules.javascript.lang.security.audit.unsafe-formatstring') match_id = 45c192c068ab858c49bbbdd0b1828e902520df73d5d4ae4fcc2b0204e82303038fe3e09c08903fc72daeffa1153102c0dbc9861cb7a1277d9b1fdd4ef6361d68_0
2025-06-30 15:26:46,326 - semgrep.rule_match - DEBUG - match_key = ('"..." + "..."\n $X + $Y $X.concat($Y) `...${...}...`\n $X.concat("...")\n ``Error listing keys with prefix prefix:` $UTIL = require(\'util\')\n...\n $UTIL.format(``Error listing keys with prefix prefix:`,e,...)\n console.error(``Error listing keys with prefix prefix:`,e,...)\n', PosixPath('storage-switching/verify.ts'), 'config..semgrep.vendored-rules.javascript.lang.security.audit.unsafe-formatstring') match_id = 45c192c068ab858c49bbbdd0b1828e902520df73d5d4ae4fcc2b0204e82303038fe3e09c08903fc72daeffa1153102c0dbc9861cb7a1277d9b1fdd4ef6361d68_0
2025-06-30 15:26:46,329 - semgrep.core_runner - DEBUG - semgrep ran in 0:00:27.361302 on 378 files
2025-06-30 15:26:46,330 - semgrep.core_runner - DEBUG - findings summary: 25 warning, 9 error, 48 info
2025-06-30 15:26:46,334 - semgrep.app.auth - DEBUG - Getting API token from settings file
2025-06-30 15:26:46,334 - semgrep.app.auth - DEBUG - No API token found in settings file
2025-06-30 15:26:46,467 - semgrep.output - VERBOSE - 
========================================
Files skipped:
========================================

  Always skipped by Opengrep:

   • <none>

  Skipped by .gitignore:
  (Disable by passing --no-git-ignore)

   • <all files not listed by `git ls-files` were skipped>

  Skipped by .semgrepignore:
  - https://semgrep.dev/docs/ignoring-files-folders-code/#understand-semgrep-defaults

   • <none>

  Skipped by --include patterns:

   • <none>

  Skipped by --exclude patterns:

   • <none>

  Files skipped due to insufficient read permissions:

   • <none>

  Skipped by limiting to files smaller than 1000000 bytes:
  (Adjust with the --max-target-bytes flag)

   • <none>

  Partially analyzed due to parsing or internal Opengrep errors

   • client/public/landing3.html (2 lines skipped)
   • static/landing.html (3 lines skipped)
   • static/landing_BU-w-onboarding-250623.html (2 lines skipped)
   • tailwind.config.ts (1 lines skipped)

2025-06-30 15:26:46,468 - semgrep.output - INFO - Some files were skipped or only partially analyzed.
  Scan was limited to files tracked by git.
  Partially scanned: 4 files only partially analyzed due to parsing or internal Opengrep errors

Ran 438 rules on 378 files: 82 findings.
2025-06-30 15:26:46,468 - semgrep.app.version - DEBUG - Version cache does not exist
2025-06-30 15:26:46,469 - semgrep.app.version - DEBUG - Version cache does not exist
2025-06-30 15:26:46,483 - semgrep.metrics - VERBOSE - Not sending pseudonymous metrics since metrics are configured to OFF and registry usage is False
