id,list_id,contact_id,added_at,added_by,source,source_metadata
1,3,5942,2025-10-27 20:35:57.184819,1,manual,
2,3,13491,2025-10-27 20:46:05.971746,1,company,"{""companyIds"": [943], ""maxContactsPerCompany"": 3}"
3,3,13493,2025-10-27 20:46:05.971746,1,company,"{""companyIds"": [943], ""maxContactsPerCompany"": 3}"
4,3,13494,2025-10-27 20:46:05.971746,1,company,"{""companyIds"": [943], ""maxContactsPerCompany"": 3}"
5,3,11396,2025-10-27 20:48:50.648253,1,company,"{""companyIds"": [530], ""maxContactsPerCompany"": 3}"
6,3,16370,2025-10-27 20:49:25.796864,1,manual,
7,3,8700,2025-10-27 20:49:25.796864,1,manual,
8,3,8734,2025-10-27 20:49:25.796864,1,manual,
9,3,18295,2025-10-27 21:30:54.660541,1,search_list,"{""searchListId"": 1259}"
10,3,18297,2025-10-27 21:30:54.660541,1,search_list,"{""searchListId"": 1259}"
11,3,18298,2025-10-27 21:30:54.660541,1,search_list,"{""searchListId"": 1259}"
12,3,18299,2025-10-27 21:30:54.660541,1,search_list,"{""searchListId"": 1259}"
13,3,18300,2025-10-27 21:30:54.660541,1,search_list,"{""searchListId"": 1259}"
14,3,18301,2025-10-27 21:30:54.660541,1,search_list,"{""searchListId"": 1259}"
15,3,18302,2025-10-27 21:30:54.660541,1,search_list,"{""searchListId"": 1259}"
16,3,18303,2025-10-27 21:30:54.660541,1,search_list,"{""searchListId"": 1259}"
17,3,18296,2025-10-27 21:30:54.660541,1,search_list,"{""searchListId"": 1259}"
18,3,18294,2025-10-27 21:30:54.660541,1,search_list,"{""searchListId"": 1259}"
19,3,18288,2025-10-27 21:30:54.660541,1,search_list,"{""searchListId"": 1259}"
20,3,18289,2025-10-27 21:30:54.660541,1,search_list,"{""searchListId"": 1259}"
21,3,18290,2025-10-27 21:30:54.660541,1,search_list,"{""searchListId"": 1259}"
22,3,18291,2025-10-27 21:30:54.660541,1,search_list,"{""searchListId"": 1259}"
23,3,18292,2025-10-27 21:30:54.660541,1,search_list,"{""searchListId"": 1259}"
24,3,18293,2025-10-27 21:30:54.660541,1,search_list,"{""searchListId"": 1259}"
25,3,18284,2025-10-27 21:30:54.660541,1,search_list,"{""searchListId"": 1259}"
26,3,18286,2025-10-27 21:30:54.660541,1,search_list,"{""searchListId"": 1259}"
27,3,18287,2025-10-27 21:30:54.660541,1,search_list,"{""searchListId"": 1259}"
28,3,18285,2025-10-27 21:30:54.660541,1,search_list,"{""searchListId"": 1259}"
29,3,18259,2025-10-27 21:30:54.660541,1,search_list,"{""searchListId"": 1259}"
30,3,18263,2025-10-27 21:30:54.660541,1,search_list,"{""searchListId"": 1259}"
31,3,18265,2025-10-27 21:30:54.660541,1,search_list,"{""searchListId"": 1259}"
32,3,18261,2025-10-27 21:30:54.660541,1,search_list,"{""searchListId"": 1259}"
33,3,18267,2025-10-27 21:30:54.660541,1,search_list,"{""searchListId"": 1259}"
34,3,18269,2025-10-27 21:30:54.660541,1,search_list,"{""searchListId"": 1259}"
35,3,18270,2025-10-27 21:30:54.660541,1,search_list,"{""searchListId"": 1259}"
36,3,18271,2025-10-27 21:30:54.660541,1,search_list,"{""searchListId"": 1259}"
37,3,18272,2025-10-27 21:30:54.660541,1,search_list,"{""searchListId"": 1259}"
38,3,18273,2025-10-27 21:30:54.660541,1,search_list,"{""searchListId"": 1259}"
39,3,18253,2025-10-27 21:30:54.660541,1,search_list,"{""searchListId"": 1259}"
40,3,18254,2025-10-27 21:30:54.660541,1,search_list,"{""searchListId"": 1259}"
41,3,18255,2025-10-27 21:30:54.660541,1,search_list,"{""searchListId"": 1259}"
42,3,18274,2025-10-27 21:30:54.660541,1,search_list,"{""searchListId"": 1259}"
43,3,18275,2025-10-27 21:30:54.660541,1,search_list,"{""searchListId"": 1259}"
44,3,18276,2025-10-27 21:30:54.660541,1,search_list,"{""searchListId"": 1259}"
45,3,18277,2025-10-27 21:30:54.660541,1,search_list,"{""searchListId"": 1259}"
46,3,18278,2025-10-27 21:30:54.660541,1,search_list,"{""searchListId"": 1259}"
47,3,18279,2025-10-27 21:30:54.660541,1,search_list,"{""searchListId"": 1259}"
48,3,18280,2025-10-27 21:30:54.660541,1,search_list,"{""searchListId"": 1259}"
49,3,18281,2025-10-27 21:30:54.660541,1,search_list,"{""searchListId"": 1259}"
50,3,18282,2025-10-27 21:30:54.660541,1,search_list,"{""searchListId"": 1259}"
51,3,18283,2025-10-27 21:30:54.660541,1,search_list,"{""searchListId"": 1259}"
52,3,18258,2025-10-27 21:30:54.660541,1,search_list,"{""searchListId"": 1259}"
53,3,18256,2025-10-27 21:30:54.660541,1,search_list,"{""searchListId"": 1259}"
54,3,18264,2025-10-27 21:30:54.660541,1,search_list,"{""searchListId"": 1259}"
55,3,18260,2025-10-27 21:30:54.660541,1,search_list,"{""searchListId"": 1259}"
56,3,18262,2025-10-27 21:30:54.660541,1,search_list,"{""searchListId"": 1259}"
57,3,18266,2025-10-27 21:30:54.660541,1,search_list,"{""searchListId"": 1259}"
58,3,18268,2025-10-27 21:30:54.660541,1,search_list,"{""searchListId"": 1259}"
59,3,18257,2025-10-27 21:30:54.660541,1,search_list,"{""searchListId"": 1259}"
60,3,18250,2025-10-27 22:20:10.313095,1,search_list,"{""searchListId"": 1258}"
61,3,18251,2025-10-27 22:20:10.313095,1,search_list,"{""searchListId"": 1258}"
62,3,18252,2025-10-27 22:20:10.313095,1,search_list,"{""searchListId"": 1258}"
63,3,18230,2025-10-27 22:20:10.313095,1,search_list,"{""searchListId"": 1258}"
64,3,18232,2025-10-27 22:20:10.313095,1,search_list,"{""searchListId"": 1258}"
65,3,18233,2025-10-27 22:20:10.313095,1,search_list,"{""searchListId"": 1258}"
66,3,18234,2025-10-27 22:20:10.313095,1,search_list,"{""searchListId"": 1258}"
67,3,18235,2025-10-27 22:20:10.313095,1,search_list,"{""searchListId"": 1258}"
68,3,18236,2025-10-27 22:20:10.313095,1,search_list,"{""searchListId"": 1258}"
69,3,18237,2025-10-27 22:20:10.313095,1,search_list,"{""searchListId"": 1258}"
70,3,18231,2025-10-27 22:20:10.313095,1,search_list,"{""searchListId"": 1258}"
71,3,18229,2025-10-27 22:20:10.313095,1,search_list,"{""searchListId"": 1258}"
72,3,18239,2025-10-27 22:20:10.313095,1,search_list,"{""searchListId"": 1258}"
73,3,18241,2025-10-27 22:20:10.313095,1,search_list,"{""searchListId"": 1258}"
74,3,18242,2025-10-27 22:20:10.313095,1,search_list,"{""searchListId"": 1258}"
75,3,18238,2025-10-27 22:20:10.313095,1,search_list,"{""searchListId"": 1258}"
76,3,18240,2025-10-27 22:20:10.313095,1,search_list,"{""searchListId"": 1258}"
77,3,18243,2025-10-27 22:20:10.313095,1,search_list,"{""searchListId"": 1258}"
78,3,18244,2025-10-27 22:20:10.313095,1,search_list,"{""searchListId"": 1258}"
79,3,18248,2025-10-27 22:20:10.313095,1,search_list,"{""searchListId"": 1258}"
80,3,18249,2025-10-27 22:20:10.313095,1,search_list,"{""searchListId"": 1258}"
81,3,18245,2025-10-27 22:20:10.313095,1,search_list,"{""searchListId"": 1258}"
82,3,18247,2025-10-27 22:20:10.313095,1,search_list,"{""searchListId"": 1258}"
83,3,18246,2025-10-27 22:20:10.313095,1,search_list,"{""searchListId"": 1258}"
84,4,18218,2025-10-28 15:46:03.265154,1,search_list,"{""searchListIds"": [1257, 1256, 1255]}"
85,4,18217,2025-10-28 15:46:03.265154,1,search_list,"{""searchListIds"": [1257, 1256, 1255]}"
86,4,18216,2025-10-28 15:46:03.265154,1,search_list,"{""searchListIds"": [1257, 1256, 1255]}"
87,4,18215,2025-10-28 15:46:03.265154,1,search_list,"{""searchListIds"": [1257, 1256, 1255]}"
88,4,18227,2025-10-28 15:46:03.265154,1,search_list,"{""searchListIds"": [1257, 1256, 1255]}"
89,4,18228,2025-10-28 15:46:03.265154,1,search_list,"{""searchListIds"": [1257, 1256, 1255]}"
90,4,18226,2025-10-28 15:46:03.265154,1,search_list,"{""searchListIds"": [1257, 1256, 1255]}"
91,4,18209,2025-10-28 15:46:03.265154,1,search_list,"{""searchListIds"": [1257, 1256, 1255]}"
92,4,18207,2025-10-28 15:46:03.265154,1,search_list,"{""searchListIds"": [1257, 1256, 1255]}"
93,4,18208,2025-10-28 15:46:03.265154,1,search_list,"{""searchListIds"": [1257, 1256, 1255]}"
94,4,18206,2025-10-28 15:46:03.265154,1,search_list,"{""searchListIds"": [1257, 1256, 1255]}"
95,4,18201,2025-10-28 15:46:03.265154,1,search_list,"{""searchListIds"": [1257, 1256, 1255]}"
96,4,18202,2025-10-28 15:46:03.265154,1,search_list,"{""searchListIds"": [1257, 1256, 1255]}"
97,4,18203,2025-10-28 15:46:03.265154,1,search_list,"{""searchListIds"": [1257, 1256, 1255]}"
98,4,18204,2025-10-28 15:46:03.265154,1,search_list,"{""searchListIds"": [1257, 1256, 1255]}"
99,4,18205,2025-10-28 15:46:03.265154,1,search_list,"{""searchListIds"": [1257, 1256, 1255]}"
100,4,18200,2025-10-28 15:46:03.265154,1,search_list,"{""searchListIds"": [1257, 1256, 1255]}"
101,4,18222,2025-10-28 15:46:03.265154,1,search_list,"{""searchListIds"": [1257, 1256, 1255]}"
102,4,18223,2025-10-28 15:46:03.265154,1,search_list,"{""searchListIds"": [1257, 1256, 1255]}"
103,4,18224,2025-10-28 15:46:03.265154,1,search_list,"{""searchListIds"": [1257, 1256, 1255]}"
104,4,18225,2025-10-28 15:46:03.265154,1,search_list,"{""searchListIds"": [1257, 1256, 1255]}"
105,4,18221,2025-10-28 15:46:03.265154,1,search_list,"{""searchListIds"": [1257, 1256, 1255]}"
106,4,18219,2025-10-28 15:46:03.265154,1,search_list,"{""searchListIds"": [1257, 1256, 1255]}"
107,4,18220,2025-10-28 15:46:03.265154,1,search_list,"{""searchListIds"": [1257, 1256, 1255]}"
108,4,18210,2025-10-28 15:46:03.265154,1,search_list,"{""searchListIds"": [1257, 1256, 1255]}"
109,4,18213,2025-10-28 15:46:03.265154,1,search_list,"{""searchListIds"": [1257, 1256, 1255]}"
110,4,18214,2025-10-28 15:46:03.265154,1,search_list,"{""searchListIds"": [1257, 1256, 1255]}"
111,4,18211,2025-10-28 15:46:03.265154,1,search_list,"{""searchListIds"": [1257, 1256, 1255]}"
112,4,18212,2025-10-28 15:46:03.265154,1,search_list,"{""searchListIds"": [1257, 1256, 1255]}"
113,4,18165,2025-10-28 15:46:03.265154,1,search_list,"{""searchListIds"": [1257, 1256, 1255]}"
114,4,18164,2025-10-28 15:46:03.265154,1,search_list,"{""searchListIds"": [1257, 1256, 1255]}"
115,4,18184,2025-10-28 15:46:03.265154,1,search_list,"{""searchListIds"": [1257, 1256, 1255]}"
116,4,18186,2025-10-28 15:46:03.265154,1,search_list,"{""searchListIds"": [1257, 1256, 1255]}"
117,4,18188,2025-10-28 15:46:03.265154,1,search_list,"{""searchListIds"": [1257, 1256, 1255]}"
118,4,18190,2025-10-28 15:46:03.265154,1,search_list,"{""searchListIds"": [1257, 1256, 1255]}"
119,4,18182,2025-10-28 15:46:03.265154,1,search_list,"{""searchListIds"": [1257, 1256, 1255]}"
120,4,18178,2025-10-28 15:46:03.265154,1,search_list,"{""searchListIds"": [1257, 1256, 1255]}"
121,4,18180,2025-10-28 15:46:03.265154,1,search_list,"{""searchListIds"": [1257, 1256, 1255]}"
122,4,18181,2025-10-28 15:46:03.265154,1,search_list,"{""searchListIds"": [1257, 1256, 1255]}"
123,4,18170,2025-10-28 15:46:03.265154,1,search_list,"{""searchListIds"": [1257, 1256, 1255]}"
124,4,18172,2025-10-28 15:46:03.265154,1,search_list,"{""searchListIds"": [1257, 1256, 1255]}"
125,4,18168,2025-10-28 15:46:03.265154,1,search_list,"{""searchListIds"": [1257, 1256, 1255]}"
126,4,18174,2025-10-28 15:46:03.265154,1,search_list,"{""searchListIds"": [1257, 1256, 1255]}"
127,4,18176,2025-10-28 15:46:03.265154,1,search_list,"{""searchListIds"": [1257, 1256, 1255]}"
128,4,18177,2025-10-28 15:46:03.265154,1,search_list,"{""searchListIds"": [1257, 1256, 1255]}"
129,4,18179,2025-10-28 15:46:03.265154,1,search_list,"{""searchListIds"": [1257, 1256, 1255]}"
130,4,18183,2025-10-28 15:46:03.265154,1,search_list,"{""searchListIds"": [1257, 1256, 1255]}"
131,4,18185,2025-10-28 15:46:03.265154,1,search_list,"{""searchListIds"": [1257, 1256, 1255]}"
132,4,18189,2025-10-28 15:46:03.265154,1,search_list,"{""searchListIds"": [1257, 1256, 1255]}"
133,4,18191,2025-10-28 15:46:03.265154,1,search_list,"{""searchListIds"": [1257, 1256, 1255]}"
134,4,18192,2025-10-28 15:46:03.265154,1,search_list,"{""searchListIds"": [1257, 1256, 1255]}"
135,4,18193,2025-10-28 15:46:03.265154,1,search_list,"{""searchListIds"": [1257, 1256, 1255]}"
136,4,18187,2025-10-28 15:46:03.265154,1,search_list,"{""searchListIds"": [1257, 1256, 1255]}"
137,4,18166,2025-10-28 15:46:03.265154,1,search_list,"{""searchListIds"": [1257, 1256, 1255]}"
138,4,18171,2025-10-28 15:46:03.265154,1,search_list,"{""searchListIds"": [1257, 1256, 1255]}"
139,4,18173,2025-10-28 15:46:03.265154,1,search_list,"{""searchListIds"": [1257, 1256, 1255]}"
140,4,18175,2025-10-28 15:46:03.265154,1,search_list,"{""searchListIds"": [1257, 1256, 1255]}"
141,4,18167,2025-10-28 15:46:03.265154,1,search_list,"{""searchListIds"": [1257, 1256, 1255]}"
142,4,18169,2025-10-28 15:46:03.265154,1,search_list,"{""searchListIds"": [1257, 1256, 1255]}"
143,4,18196,2025-10-28 15:46:03.265154,1,search_list,"{""searchListIds"": [1257, 1256, 1255]}"
144,4,18197,2025-10-28 15:46:03.265154,1,search_list,"{""searchListIds"": [1257, 1256, 1255]}"
145,4,18198,2025-10-28 15:46:03.265154,1,search_list,"{""searchListIds"": [1257, 1256, 1255]}"
146,4,18199,2025-10-28 15:46:03.265154,1,search_list,"{""searchListIds"": [1257, 1256, 1255]}"
147,4,18194,2025-10-28 15:46:03.265154,1,search_list,"{""searchListIds"": [1257, 1256, 1255]}"
148,4,18195,2025-10-28 15:46:03.265154,1,search_list,"{""searchListIds"": [1257, 1256, 1255]}"
149,4,18162,2025-10-28 15:46:03.265154,1,search_list,"{""searchListIds"": [1257, 1256, 1255]}"
150,4,18163,2025-10-28 15:46:03.265154,1,search_list,"{""searchListIds"": [1257, 1256, 1255]}"
151,4,18159,2025-10-28 15:46:03.265154,1,search_list,"{""searchListIds"": [1257, 1256, 1255]}"
152,4,18160,2025-10-28 15:46:03.265154,1,search_list,"{""searchListIds"": [1257, 1256, 1255]}"
153,4,18161,2025-10-28 15:46:03.265154,1,search_list,"{""searchListIds"": [1257, 1256, 1255]}"
154,4,18123,2025-10-28 15:46:03.265154,1,search_list,"{""searchListIds"": [1257, 1256, 1255]}"
155,4,18122,2025-10-28 15:46:03.265154,1,search_list,"{""searchListIds"": [1257, 1256, 1255]}"
156,4,18158,2025-10-28 15:46:03.265154,1,search_list,"{""searchListIds"": [1257, 1256, 1255]}"
157,4,18155,2025-10-28 15:46:03.265154,1,search_list,"{""searchListIds"": [1257, 1256, 1255]}"
158,4,18156,2025-10-28 15:46:03.265154,1,search_list,"{""searchListIds"": [1257, 1256, 1255]}"
159,4,18157,2025-10-28 15:46:03.265154,1,search_list,"{""searchListIds"": [1257, 1256, 1255]}"
160,4,18140,2025-10-28 15:46:03.265154,1,search_list,"{""searchListIds"": [1257, 1256, 1255]}"
161,4,18141,2025-10-28 15:46:03.265154,1,search_list,"{""searchListIds"": [1257, 1256, 1255]}"
162,4,18139,2025-10-28 15:46:03.265154,1,search_list,"{""searchListIds"": [1257, 1256, 1255]}"
163,4,18142,2025-10-28 15:46:03.265154,1,search_list,"{""searchListIds"": [1257, 1256, 1255]}"
164,4,18143,2025-10-28 15:46:03.265154,1,search_list,"{""searchListIds"": [1257, 1256, 1255]}"
165,4,18144,2025-10-28 15:46:03.265154,1,search_list,"{""searchListIds"": [1257, 1256, 1255]}"
166,4,18132,2025-10-28 15:46:03.265154,1,search_list,"{""searchListIds"": [1257, 1256, 1255]}"
167,4,18133,2025-10-28 15:46:03.265154,1,search_list,"{""searchListIds"": [1257, 1256, 1255]}"
168,4,18135,2025-10-28 15:46:03.265154,1,search_list,"{""searchListIds"": [1257, 1256, 1255]}"
169,4,18134,2025-10-28 15:46:03.265154,1,search_list,"{""searchListIds"": [1257, 1256, 1255]}"
170,4,18136,2025-10-28 15:46:03.265154,1,search_list,"{""searchListIds"": [1257, 1256, 1255]}"
171,4,18137,2025-10-28 15:46:03.265154,1,search_list,"{""searchListIds"": [1257, 1256, 1255]}"
172,4,18138,2025-10-28 15:46:03.265154,1,search_list,"{""searchListIds"": [1257, 1256, 1255]}"
173,4,18125,2025-10-28 15:46:03.265154,1,search_list,"{""searchListIds"": [1257, 1256, 1255]}"
174,4,18124,2025-10-28 15:46:03.265154,1,search_list,"{""searchListIds"": [1257, 1256, 1255]}"
175,4,18126,2025-10-28 15:46:03.265154,1,search_list,"{""searchListIds"": [1257, 1256, 1255]}"
176,4,18127,2025-10-28 15:46:03.265154,1,search_list,"{""searchListIds"": [1257, 1256, 1255]}"
177,4,18128,2025-10-28 15:46:03.265154,1,search_list,"{""searchListIds"": [1257, 1256, 1255]}"
178,4,18129,2025-10-28 15:46:03.265154,1,search_list,"{""searchListIds"": [1257, 1256, 1255]}"
179,4,18130,2025-10-28 15:46:03.265154,1,search_list,"{""searchListIds"": [1257, 1256, 1255]}"
180,4,18131,2025-10-28 15:46:03.265154,1,search_list,"{""searchListIds"": [1257, 1256, 1255]}"
181,4,18146,2025-10-28 15:46:03.265154,1,search_list,"{""searchListIds"": [1257, 1256, 1255]}"
182,4,18148,2025-10-28 15:46:03.265154,1,search_list,"{""searchListIds"": [1257, 1256, 1255]}"
183,4,18149,2025-10-28 15:46:03.265154,1,search_list,"{""searchListIds"": [1257, 1256, 1255]}"
184,4,18150,2025-10-28 15:46:03.265154,1,search_list,"{""searchListIds"": [1257, 1256, 1255]}"
185,4,18151,2025-10-28 15:46:03.265154,1,search_list,"{""searchListIds"": [1257, 1256, 1255]}"
186,4,18152,2025-10-28 15:46:03.265154,1,search_list,"{""searchListIds"": [1257, 1256, 1255]}"
187,4,18153,2025-10-28 15:46:03.265154,1,search_list,"{""searchListIds"": [1257, 1256, 1255]}"
188,4,18154,2025-10-28 15:46:03.265154,1,search_list,"{""searchListIds"": [1257, 1256, 1255]}"
189,4,18147,2025-10-28 15:46:03.265154,1,search_list,"{""searchListIds"": [1257, 1256, 1255]}"
190,4,18145,2025-10-28 15:46:03.265154,1,search_list,"{""searchListIds"": [1257, 1256, 1255]}"
191,5,18472,2025-10-29 06:01:04.991628,1,search_list,"{""searchListIds"": [1264]}"
192,5,18473,2025-10-29 06:01:04.991628,1,search_list,"{""searchListIds"": [1264]}"
193,5,18474,2025-10-29 06:01:04.991628,1,search_list,"{""searchListIds"": [1264]}"
194,5,18475,2025-10-29 06:01:04.991628,1,search_list,"{""searchListIds"": [1264]}"
195,5,18476,2025-10-29 06:01:04.991628,1,search_list,"{""searchListIds"": [1264]}"
196,5,18477,2025-10-29 06:01:04.991628,1,search_list,"{""searchListIds"": [1264]}"
197,5,18478,2025-10-29 06:01:04.991628,1,search_list,"{""searchListIds"": [1264]}"
198,5,18479,2025-10-29 06:01:04.991628,1,search_list,"{""searchListIds"": [1264]}"
199,5,18480,2025-10-29 06:01:04.991628,1,search_list,"{""searchListIds"": [1264]}"
200,5,18481,2025-10-29 06:01:04.991628,1,search_list,"{""searchListIds"": [1264]}"
201,5,18469,2025-10-29 06:01:04.991628,1,search_list,"{""searchListIds"": [1264]}"
202,5,18471,2025-10-29 06:01:04.991628,1,search_list,"{""searchListIds"": [1264]}"
203,5,18468,2025-10-29 06:01:04.991628,1,search_list,"{""searchListIds"": [1264]}"
204,5,18470,2025-10-29 06:01:04.991628,1,search_list,"{""searchListIds"": [1264]}"
205,5,18464,2025-10-29 06:01:04.991628,1,search_list,"{""searchListIds"": [1264]}"
206,5,18467,2025-10-29 06:01:04.991628,1,search_list,"{""searchListIds"": [1264]}"
207,5,18465,2025-10-29 06:01:04.991628,1,search_list,"{""searchListIds"": [1264]}"
208,5,18466,2025-10-29 06:01:04.991628,1,search_list,"{""searchListIds"": [1264]}"
209,5,18482,2025-10-29 06:01:04.991628,1,search_list,"{""searchListIds"": [1264]}"
210,5,18496,2025-10-29 06:01:04.991628,1,search_list,"{""searchListIds"": [1264]}"
211,5,18497,2025-10-29 06:01:04.991628,1,search_list,"{""searchListIds"": [1264]}"
212,5,18498,2025-10-29 06:01:04.991628,1,search_list,"{""searchListIds"": [1264]}"
213,5,18499,2025-10-29 06:01:04.991628,1,search_list,"{""searchListIds"": [1264]}"
214,5,18500,2025-10-29 06:01:04.991628,1,search_list,"{""searchListIds"": [1264]}"
215,5,18501,2025-10-29 06:01:04.991628,1,search_list,"{""searchListIds"": [1264]}"
216,5,18502,2025-10-29 06:01:04.991628,1,search_list,"{""searchListIds"": [1264]}"
217,5,18495,2025-10-29 06:01:04.991628,1,search_list,"{""searchListIds"": [1264]}"
218,5,18493,2025-10-29 06:01:04.991628,1,search_list,"{""searchListIds"": [1264]}"
219,5,18494,2025-10-29 06:01:04.991628,1,search_list,"{""searchListIds"": [1264]}"
220,5,18483,2025-10-29 06:01:04.991628,1,search_list,"{""searchListIds"": [1264]}"
221,5,18484,2025-10-29 06:01:04.991628,1,search_list,"{""searchListIds"": [1264]}"
222,5,18486,2025-10-29 06:01:04.991628,1,search_list,"{""searchListIds"": [1264]}"
223,5,18487,2025-10-29 06:01:04.991628,1,search_list,"{""searchListIds"": [1264]}"
224,5,18488,2025-10-29 06:01:04.991628,1,search_list,"{""searchListIds"": [1264]}"
225,5,18489,2025-10-29 06:01:04.991628,1,search_list,"{""searchListIds"": [1264]}"
226,5,18490,2025-10-29 06:01:04.991628,1,search_list,"{""searchListIds"": [1264]}"
227,5,18491,2025-10-29 06:01:04.991628,1,search_list,"{""searchListIds"": [1264]}"
228,5,18492,2025-10-29 06:01:04.991628,1,search_list,"{""searchListIds"": [1264]}"
229,5,18485,2025-10-29 06:01:04.991628,1,search_list,"{""searchListIds"": [1264]}"
230,6,18472,2025-10-29 06:01:12.748173,1,search_list,"{""searchListIds"": [1264]}"
231,6,18473,2025-10-29 06:01:12.748173,1,search_list,"{""searchListIds"": [1264]}"
232,6,18474,2025-10-29 06:01:12.748173,1,search_list,"{""searchListIds"": [1264]}"
233,6,18475,2025-10-29 06:01:12.748173,1,search_list,"{""searchListIds"": [1264]}"
234,6,18476,2025-10-29 06:01:12.748173,1,search_list,"{""searchListIds"": [1264]}"
235,6,18477,2025-10-29 06:01:12.748173,1,search_list,"{""searchListIds"": [1264]}"
236,6,18478,2025-10-29 06:01:12.748173,1,search_list,"{""searchListIds"": [1264]}"
237,6,18479,2025-10-29 06:01:12.748173,1,search_list,"{""searchListIds"": [1264]}"
238,6,18480,2025-10-29 06:01:12.748173,1,search_list,"{""searchListIds"": [1264]}"
239,6,18481,2025-10-29 06:01:12.748173,1,search_list,"{""searchListIds"": [1264]}"
240,6,18469,2025-10-29 06:01:12.748173,1,search_list,"{""searchListIds"": [1264]}"
241,6,18471,2025-10-29 06:01:12.748173,1,search_list,"{""searchListIds"": [1264]}"
242,6,18468,2025-10-29 06:01:12.748173,1,search_list,"{""searchListIds"": [1264]}"
243,6,18470,2025-10-29 06:01:12.748173,1,search_list,"{""searchListIds"": [1264]}"
244,6,18464,2025-10-29 06:01:12.748173,1,search_list,"{""searchListIds"": [1264]}"
245,6,18467,2025-10-29 06:01:12.748173,1,search_list,"{""searchListIds"": [1264]}"
246,6,18465,2025-10-29 06:01:12.748173,1,search_list,"{""searchListIds"": [1264]}"
247,6,18466,2025-10-29 06:01:12.748173,1,search_list,"{""searchListIds"": [1264]}"
248,6,18482,2025-10-29 06:01:12.748173,1,search_list,"{""searchListIds"": [1264]}"
249,6,18496,2025-10-29 06:01:12.748173,1,search_list,"{""searchListIds"": [1264]}"
250,6,18497,2025-10-29 06:01:12.748173,1,search_list,"{""searchListIds"": [1264]}"
251,6,18498,2025-10-29 06:01:12.748173,1,search_list,"{""searchListIds"": [1264]}"
252,6,18499,2025-10-29 06:01:12.748173,1,search_list,"{""searchListIds"": [1264]}"
253,6,18500,2025-10-29 06:01:12.748173,1,search_list,"{""searchListIds"": [1264]}"
254,6,18501,2025-10-29 06:01:12.748173,1,search_list,"{""searchListIds"": [1264]}"
255,6,18502,2025-10-29 06:01:12.748173,1,search_list,"{""searchListIds"": [1264]}"
256,6,18495,2025-10-29 06:01:12.748173,1,search_list,"{""searchListIds"": [1264]}"
257,6,18493,2025-10-29 06:01:12.748173,1,search_list,"{""searchListIds"": [1264]}"
258,6,18494,2025-10-29 06:01:12.748173,1,search_list,"{""searchListIds"": [1264]}"
259,6,18483,2025-10-29 06:01:12.748173,1,search_list,"{""searchListIds"": [1264]}"
260,6,18484,2025-10-29 06:01:12.748173,1,search_list,"{""searchListIds"": [1264]}"
261,6,18486,2025-10-29 06:01:12.748173,1,search_list,"{""searchListIds"": [1264]}"
262,6,18487,2025-10-29 06:01:12.748173,1,search_list,"{""searchListIds"": [1264]}"
263,6,18488,2025-10-29 06:01:12.748173,1,search_list,"{""searchListIds"": [1264]}"
264,6,18489,2025-10-29 06:01:12.748173,1,search_list,"{""searchListIds"": [1264]}"
265,6,18490,2025-10-29 06:01:12.748173,1,search_list,"{""searchListIds"": [1264]}"
266,6,18491,2025-10-29 06:01:12.748173,1,search_list,"{""searchListIds"": [1264]}"
267,6,18492,2025-10-29 06:01:12.748173,1,search_list,"{""searchListIds"": [1264]}"
268,6,18485,2025-10-29 06:01:12.748173,1,search_list,"{""searchListIds"": [1264]}"
269,7,18472,2025-10-29 06:01:17.718635,1,search_list,"{""searchListIds"": [1264]}"
270,7,18473,2025-10-29 06:01:17.718635,1,search_list,"{""searchListIds"": [1264]}"
271,7,18474,2025-10-29 06:01:17.718635,1,search_list,"{""searchListIds"": [1264]}"
272,7,18475,2025-10-29 06:01:17.718635,1,search_list,"{""searchListIds"": [1264]}"
273,7,18476,2025-10-29 06:01:17.718635,1,search_list,"{""searchListIds"": [1264]}"
274,7,18477,2025-10-29 06:01:17.718635,1,search_list,"{""searchListIds"": [1264]}"
275,7,18478,2025-10-29 06:01:17.718635,1,search_list,"{""searchListIds"": [1264]}"
276,7,18479,2025-10-29 06:01:17.718635,1,search_list,"{""searchListIds"": [1264]}"
277,7,18480,2025-10-29 06:01:17.718635,1,search_list,"{""searchListIds"": [1264]}"
278,7,18481,2025-10-29 06:01:17.718635,1,search_list,"{""searchListIds"": [1264]}"
279,7,18469,2025-10-29 06:01:17.718635,1,search_list,"{""searchListIds"": [1264]}"
280,7,18471,2025-10-29 06:01:17.718635,1,search_list,"{""searchListIds"": [1264]}"
281,7,18468,2025-10-29 06:01:17.718635,1,search_list,"{""searchListIds"": [1264]}"
282,7,18470,2025-10-29 06:01:17.718635,1,search_list,"{""searchListIds"": [1264]}"
283,7,18464,2025-10-29 06:01:17.718635,1,search_list,"{""searchListIds"": [1264]}"
284,7,18467,2025-10-29 06:01:17.718635,1,search_list,"{""searchListIds"": [1264]}"
285,7,18465,2025-10-29 06:01:17.718635,1,search_list,"{""searchListIds"": [1264]}"
286,7,18466,2025-10-29 06:01:17.718635,1,search_list,"{""searchListIds"": [1264]}"
287,7,18482,2025-10-29 06:01:17.718635,1,search_list,"{""searchListIds"": [1264]}"
288,7,18496,2025-10-29 06:01:17.718635,1,search_list,"{""searchListIds"": [1264]}"
289,7,18497,2025-10-29 06:01:17.718635,1,search_list,"{""searchListIds"": [1264]}"
290,7,18498,2025-10-29 06:01:17.718635,1,search_list,"{""searchListIds"": [1264]}"
291,7,18499,2025-10-29 06:01:17.718635,1,search_list,"{""searchListIds"": [1264]}"
292,7,18500,2025-10-29 06:01:17.718635,1,search_list,"{""searchListIds"": [1264]}"
293,7,18501,2025-10-29 06:01:17.718635,1,search_list,"{""searchListIds"": [1264]}"
294,7,18502,2025-10-29 06:01:17.718635,1,search_list,"{""searchListIds"": [1264]}"
295,7,18495,2025-10-29 06:01:17.718635,1,search_list,"{""searchListIds"": [1264]}"
296,7,18493,2025-10-29 06:01:17.718635,1,search_list,"{""searchListIds"": [1264]}"
297,7,18494,2025-10-29 06:01:17.718635,1,search_list,"{""searchListIds"": [1264]}"
298,7,18483,2025-10-29 06:01:17.718635,1,search_list,"{""searchListIds"": [1264]}"
299,7,18484,2025-10-29 06:01:17.718635,1,search_list,"{""searchListIds"": [1264]}"
300,7,18486,2025-10-29 06:01:17.718635,1,search_list,"{""searchListIds"": [1264]}"
301,7,18487,2025-10-29 06:01:17.718635,1,search_list,"{""searchListIds"": [1264]}"
302,7,18488,2025-10-29 06:01:17.718635,1,search_list,"{""searchListIds"": [1264]}"
303,7,18489,2025-10-29 06:01:17.718635,1,search_list,"{""searchListIds"": [1264]}"
304,7,18490,2025-10-29 06:01:17.718635,1,search_list,"{""searchListIds"": [1264]}"
305,7,18491,2025-10-29 06:01:17.718635,1,search_list,"{""searchListIds"": [1264]}"
306,7,18492,2025-10-29 06:01:17.718635,1,search_list,"{""searchListIds"": [1264]}"
307,7,18485,2025-10-29 06:01:17.718635,1,search_list,"{""searchListIds"": [1264]}"
308,8,18629,2025-10-29 15:14:16.761823,1,search_list,"{""currentListId"": 1268}"
309,8,18632,2025-10-29 15:14:16.761823,1,search_list,"{""currentListId"": 1268}"
310,8,18634,2025-10-29 15:14:16.761823,1,search_list,"{""currentListId"": 1268}"
311,8,18630,2025-10-29 15:14:16.761823,1,search_list,"{""currentListId"": 1268}"
312,8,18628,2025-10-29 15:14:16.761823,1,search_list,"{""currentListId"": 1268}"
313,8,18624,2025-10-29 15:14:16.761823,1,search_list,"{""currentListId"": 1268}"
314,8,18625,2025-10-29 15:14:16.761823,1,search_list,"{""currentListId"": 1268}"
315,8,18626,2025-10-29 15:14:16.761823,1,search_list,"{""currentListId"": 1268}"
316,8,18627,2025-10-29 15:14:16.761823,1,search_list,"{""currentListId"": 1268}"
317,8,18631,2025-10-29 15:14:16.761823,1,search_list,"{""currentListId"": 1268}"
318,8,18633,2025-10-29 15:14:16.761823,1,search_list,"{""currentListId"": 1268}"
319,8,18635,2025-10-29 15:14:16.761823,1,search_list,"{""currentListId"": 1268}"
320,8,18641,2025-10-29 15:14:16.761823,1,search_list,"{""currentListId"": 1268}"
321,8,18643,2025-10-29 15:14:16.761823,1,search_list,"{""currentListId"": 1268}"
322,8,18644,2025-10-29 15:14:16.761823,1,search_list,"{""currentListId"": 1268}"
323,8,18645,2025-10-29 15:14:16.761823,1,search_list,"{""currentListId"": 1268}"
324,8,18646,2025-10-29 15:14:16.761823,1,search_list,"{""currentListId"": 1268}"
325,8,18647,2025-10-29 15:14:16.761823,1,search_list,"{""currentListId"": 1268}"
326,8,18648,2025-10-29 15:14:16.761823,1,search_list,"{""currentListId"": 1268}"
327,8,18649,2025-10-29 15:14:16.761823,1,search_list,"{""currentListId"": 1268}"
328,8,18640,2025-10-29 15:14:16.761823,1,search_list,"{""currentListId"": 1268}"
329,8,18642,2025-10-29 15:14:16.761823,1,search_list,"{""currentListId"": 1268}"
330,8,18650,2025-10-29 15:14:16.761823,1,search_list,"{""currentListId"": 1268}"
331,8,18653,2025-10-29 15:14:16.761823,1,search_list,"{""currentListId"": 1268}"
332,8,18654,2025-10-29 15:14:16.761823,1,search_list,"{""currentListId"": 1268}"
333,8,18655,2025-10-29 15:14:16.761823,1,search_list,"{""currentListId"": 1268}"
334,8,18656,2025-10-29 15:14:16.761823,1,search_list,"{""currentListId"": 1268}"
335,8,18657,2025-10-29 15:14:16.761823,1,search_list,"{""currentListId"": 1268}"
336,8,18658,2025-10-29 15:14:16.761823,1,search_list,"{""currentListId"": 1268}"
337,8,18659,2025-10-29 15:14:16.761823,1,search_list,"{""currentListId"": 1268}"
338,8,18651,2025-10-29 15:14:16.761823,1,search_list,"{""currentListId"": 1268}"
339,8,18652,2025-10-29 15:14:16.761823,1,search_list,"{""currentListId"": 1268}"
340,8,18637,2025-10-29 15:14:16.761823,1,search_list,"{""currentListId"": 1268}"
341,8,18636,2025-10-29 15:14:16.761823,1,search_list,"{""currentListId"": 1268}"
342,8,18638,2025-10-29 15:14:16.761823,1,search_list,"{""currentListId"": 1268}"
343,8,18639,2025-10-29 15:14:16.761823,1,search_list,"{""currentListId"": 1268}"
344,9,18583,2025-10-29 16:09:27.321093,1,search_list,"{""currentListId"": 1266}"
345,9,18584,2025-10-29 16:09:27.321093,1,search_list,"{""currentListId"": 1266}"
346,9,18585,2025-10-29 16:09:27.321093,1,search_list,"{""currentListId"": 1266}"
347,9,18586,2025-10-29 16:09:27.321093,1,search_list,"{""currentListId"": 1266}"
348,9,18582,2025-10-29 16:09:27.321093,1,search_list,"{""currentListId"": 1266}"
349,9,18587,2025-10-29 16:09:27.321093,1,search_list,"{""currentListId"": 1266}"
350,9,18588,2025-10-29 16:09:27.321093,1,search_list,"{""currentListId"": 1266}"
351,9,18589,2025-10-29 16:09:27.321093,1,search_list,"{""currentListId"": 1266}"
352,9,18590,2025-10-29 16:09:27.321093,1,search_list,"{""currentListId"": 1266}"
353,9,18591,2025-10-29 16:09:27.321093,1,search_list,"{""currentListId"": 1266}"
354,9,18563,2025-10-29 16:09:27.321093,1,search_list,"{""currentListId"": 1266}"
355,9,18565,2025-10-29 16:09:27.321093,1,search_list,"{""currentListId"": 1266}"
356,9,18566,2025-10-29 16:09:27.321093,1,search_list,"{""currentListId"": 1266}"
357,9,18564,2025-10-29 16:09:27.321093,1,search_list,"{""currentListId"": 1266}"
358,9,18567,2025-10-29 16:09:27.321093,1,search_list,"{""currentListId"": 1266}"
359,9,18568,2025-10-29 16:09:27.321093,1,search_list,"{""currentListId"": 1266}"
360,9,18569,2025-10-29 16:09:27.321093,1,search_list,"{""currentListId"": 1266}"
361,9,18570,2025-10-29 16:09:27.321093,1,search_list,"{""currentListId"": 1266}"
362,9,18571,2025-10-29 16:09:27.321093,1,search_list,"{""currentListId"": 1266}"
363,9,18562,2025-10-29 16:09:27.321093,1,search_list,"{""currentListId"": 1266}"
364,9,18548,2025-10-29 16:09:27.321093,1,search_list,"{""currentListId"": 1266}"
365,9,18549,2025-10-29 16:09:27.321093,1,search_list,"{""currentListId"": 1266}"
366,9,18550,2025-10-29 16:09:27.321093,1,search_list,"{""currentListId"": 1266}"
367,9,18551,2025-10-29 16:09:27.321093,1,search_list,"{""currentListId"": 1266}"
368,9,18552,2025-10-29 16:09:27.321093,1,search_list,"{""currentListId"": 1266}"
369,9,18553,2025-10-29 16:09:27.321093,1,search_list,"{""currentListId"": 1266}"
370,9,18554,2025-10-29 16:09:27.321093,1,search_list,"{""currentListId"": 1266}"
371,9,18555,2025-10-29 16:09:27.321093,1,search_list,"{""currentListId"": 1266}"
372,9,18556,2025-10-29 16:09:27.321093,1,search_list,"{""currentListId"": 1266}"
373,9,18547,2025-10-29 16:09:27.321093,1,search_list,"{""currentListId"": 1266}"
374,9,18573,2025-10-29 16:09:27.321093,1,search_list,"{""currentListId"": 1266}"
375,9,18575,2025-10-29 16:09:27.321093,1,search_list,"{""currentListId"": 1266}"
376,9,18576,2025-10-29 16:09:27.321093,1,search_list,"{""currentListId"": 1266}"
377,9,18577,2025-10-29 16:09:27.321093,1,search_list,"{""currentListId"": 1266}"
378,9,18578,2025-10-29 16:09:27.321093,1,search_list,"{""currentListId"": 1266}"
379,9,18579,2025-10-29 16:09:27.321093,1,search_list,"{""currentListId"": 1266}"
380,9,18580,2025-10-29 16:09:27.321093,1,search_list,"{""currentListId"": 1266}"
381,9,18581,2025-10-29 16:09:27.321093,1,search_list,"{""currentListId"": 1266}"
382,9,18574,2025-10-29 16:09:27.321093,1,search_list,"{""currentListId"": 1266}"
383,9,18572,2025-10-29 16:09:27.321093,1,search_list,"{""currentListId"": 1266}"
384,9,18558,2025-10-29 16:09:27.321093,1,search_list,"{""currentListId"": 1266}"
385,9,18560,2025-10-29 16:09:27.321093,1,search_list,"{""currentListId"": 1266}"
386,9,18561,2025-10-29 16:09:27.321093,1,search_list,"{""currentListId"": 1266}"
387,9,18557,2025-10-29 16:09:27.321093,1,search_list,"{""currentListId"": 1266}"
388,9,18559,2025-10-29 16:09:27.321093,1,search_list,"{""currentListId"": 1266}"
389,10,18629,2025-10-29 17:28:52.414893,1,search_list,"{""searchListIds"": [1268]}"
390,10,18632,2025-10-29 17:28:52.414893,1,search_list,"{""searchListIds"": [1268]}"
391,10,18634,2025-10-29 17:28:52.414893,1,search_list,"{""searchListIds"": [1268]}"
392,10,18630,2025-10-29 17:28:52.414893,1,search_list,"{""searchListIds"": [1268]}"
393,10,18628,2025-10-29 17:28:52.414893,1,search_list,"{""searchListIds"": [1268]}"
394,10,18624,2025-10-29 17:28:52.414893,1,search_list,"{""searchListIds"": [1268]}"
395,10,18625,2025-10-29 17:28:52.414893,1,search_list,"{""searchListIds"": [1268]}"
396,10,18626,2025-10-29 17:28:52.414893,1,search_list,"{""searchListIds"": [1268]}"
397,10,18627,2025-10-29 17:28:52.414893,1,search_list,"{""searchListIds"": [1268]}"
398,10,18631,2025-10-29 17:28:52.414893,1,search_list,"{""searchListIds"": [1268]}"
399,10,18633,2025-10-29 17:28:52.414893,1,search_list,"{""searchListIds"": [1268]}"
400,10,18635,2025-10-29 17:28:52.414893,1,search_list,"{""searchListIds"": [1268]}"
401,10,18641,2025-10-29 17:28:52.414893,1,search_list,"{""searchListIds"": [1268]}"
402,10,18643,2025-10-29 17:28:52.414893,1,search_list,"{""searchListIds"": [1268]}"
403,10,18644,2025-10-29 17:28:52.414893,1,search_list,"{""searchListIds"": [1268]}"
404,10,18645,2025-10-29 17:28:52.414893,1,search_list,"{""searchListIds"": [1268]}"
405,10,18646,2025-10-29 17:28:52.414893,1,search_list,"{""searchListIds"": [1268]}"
406,10,18647,2025-10-29 17:28:52.414893,1,search_list,"{""searchListIds"": [1268]}"
407,10,18648,2025-10-29 17:28:52.414893,1,search_list,"{""searchListIds"": [1268]}"
408,10,18649,2025-10-29 17:28:52.414893,1,search_list,"{""searchListIds"": [1268]}"
409,10,18640,2025-10-29 17:28:52.414893,1,search_list,"{""searchListIds"": [1268]}"
410,10,18642,2025-10-29 17:28:52.414893,1,search_list,"{""searchListIds"": [1268]}"
411,10,18650,2025-10-29 17:28:52.414893,1,search_list,"{""searchListIds"": [1268]}"
412,10,18653,2025-10-29 17:28:52.414893,1,search_list,"{""searchListIds"": [1268]}"
413,10,18654,2025-10-29 17:28:52.414893,1,search_list,"{""searchListIds"": [1268]}"
414,10,18655,2025-10-29 17:28:52.414893,1,search_list,"{""searchListIds"": [1268]}"
415,10,18656,2025-10-29 17:28:52.414893,1,search_list,"{""searchListIds"": [1268]}"
416,10,18657,2025-10-29 17:28:52.414893,1,search_list,"{""searchListIds"": [1268]}"
417,10,18658,2025-10-29 17:28:52.414893,1,search_list,"{""searchListIds"": [1268]}"
418,10,18659,2025-10-29 17:28:52.414893,1,search_list,"{""searchListIds"": [1268]}"
419,10,18651,2025-10-29 17:28:52.414893,1,search_list,"{""searchListIds"": [1268]}"
420,10,18652,2025-10-29 17:28:52.414893,1,search_list,"{""searchListIds"": [1268]}"
421,10,18637,2025-10-29 17:28:52.414893,1,search_list,"{""searchListIds"": [1268]}"
422,10,18636,2025-10-29 17:28:52.414893,1,search_list,"{""searchListIds"": [1268]}"
423,10,18638,2025-10-29 17:28:52.414893,1,search_list,"{""searchListIds"": [1268]}"
424,10,18639,2025-10-29 17:28:52.414893,1,search_list,"{""searchListIds"": [1268]}"
425,11,18629,2025-10-29 17:30:01.679646,1,search_list,"{""searchListIds"": [1268]}"
426,11,18632,2025-10-29 17:30:01.679646,1,search_list,"{""searchListIds"": [1268]}"
427,11,18634,2025-10-29 17:30:01.679646,1,search_list,"{""searchListIds"": [1268]}"
428,11,18630,2025-10-29 17:30:01.679646,1,search_list,"{""searchListIds"": [1268]}"
429,11,18628,2025-10-29 17:30:01.679646,1,search_list,"{""searchListIds"": [1268]}"
430,11,18624,2025-10-29 17:30:01.679646,1,search_list,"{""searchListIds"": [1268]}"
431,11,18625,2025-10-29 17:30:01.679646,1,search_list,"{""searchListIds"": [1268]}"
432,11,18626,2025-10-29 17:30:01.679646,1,search_list,"{""searchListIds"": [1268]}"
433,11,18627,2025-10-29 17:30:01.679646,1,search_list,"{""searchListIds"": [1268]}"
434,11,18631,2025-10-29 17:30:01.679646,1,search_list,"{""searchListIds"": [1268]}"
435,11,18633,2025-10-29 17:30:01.679646,1,search_list,"{""searchListIds"": [1268]}"
436,11,18635,2025-10-29 17:30:01.679646,1,search_list,"{""searchListIds"": [1268]}"
437,11,18641,2025-10-29 17:30:01.679646,1,search_list,"{""searchListIds"": [1268]}"
438,11,18643,2025-10-29 17:30:01.679646,1,search_list,"{""searchListIds"": [1268]}"
439,11,18644,2025-10-29 17:30:01.679646,1,search_list,"{""searchListIds"": [1268]}"
440,11,18645,2025-10-29 17:30:01.679646,1,search_list,"{""searchListIds"": [1268]}"
441,11,18646,2025-10-29 17:30:01.679646,1,search_list,"{""searchListIds"": [1268]}"
442,11,18647,2025-10-29 17:30:01.679646,1,search_list,"{""searchListIds"": [1268]}"
443,11,18648,2025-10-29 17:30:01.679646,1,search_list,"{""searchListIds"": [1268]}"
444,11,18649,2025-10-29 17:30:01.679646,1,search_list,"{""searchListIds"": [1268]}"
445,11,18640,2025-10-29 17:30:01.679646,1,search_list,"{""searchListIds"": [1268]}"
446,11,18642,2025-10-29 17:30:01.679646,1,search_list,"{""searchListIds"": [1268]}"
447,11,18650,2025-10-29 17:30:01.679646,1,search_list,"{""searchListIds"": [1268]}"
448,11,18653,2025-10-29 17:30:01.679646,1,search_list,"{""searchListIds"": [1268]}"
449,11,18654,2025-10-29 17:30:01.679646,1,search_list,"{""searchListIds"": [1268]}"
450,11,18655,2025-10-29 17:30:01.679646,1,search_list,"{""searchListIds"": [1268]}"
451,11,18656,2025-10-29 17:30:01.679646,1,search_list,"{""searchListIds"": [1268]}"
452,11,18657,2025-10-29 17:30:01.679646,1,search_list,"{""searchListIds"": [1268]}"
453,11,18658,2025-10-29 17:30:01.679646,1,search_list,"{""searchListIds"": [1268]}"
454,11,18659,2025-10-29 17:30:01.679646,1,search_list,"{""searchListIds"": [1268]}"
455,11,18651,2025-10-29 17:30:01.679646,1,search_list,"{""searchListIds"": [1268]}"
456,11,18652,2025-10-29 17:30:01.679646,1,search_list,"{""searchListIds"": [1268]}"
457,11,18637,2025-10-29 17:30:01.679646,1,search_list,"{""searchListIds"": [1268]}"
458,11,18636,2025-10-29 17:30:01.679646,1,search_list,"{""searchListIds"": [1268]}"
459,11,18638,2025-10-29 17:30:01.679646,1,search_list,"{""searchListIds"": [1268]}"
460,11,18639,2025-10-29 17:30:01.679646,1,search_list,"{""searchListIds"": [1268]}"
461,12,18629,2025-10-29 17:30:26.607012,1,search_list,"{""searchListIds"": [1268]}"
462,12,18632,2025-10-29 17:30:26.607012,1,search_list,"{""searchListIds"": [1268]}"
463,12,18634,2025-10-29 17:30:26.607012,1,search_list,"{""searchListIds"": [1268]}"
464,12,18630,2025-10-29 17:30:26.607012,1,search_list,"{""searchListIds"": [1268]}"
465,12,18628,2025-10-29 17:30:26.607012,1,search_list,"{""searchListIds"": [1268]}"
466,12,18624,2025-10-29 17:30:26.607012,1,search_list,"{""searchListIds"": [1268]}"
467,12,18625,2025-10-29 17:30:26.607012,1,search_list,"{""searchListIds"": [1268]}"
468,12,18626,2025-10-29 17:30:26.607012,1,search_list,"{""searchListIds"": [1268]}"
469,12,18627,2025-10-29 17:30:26.607012,1,search_list,"{""searchListIds"": [1268]}"
470,12,18631,2025-10-29 17:30:26.607012,1,search_list,"{""searchListIds"": [1268]}"
471,12,18633,2025-10-29 17:30:26.607012,1,search_list,"{""searchListIds"": [1268]}"
472,12,18635,2025-10-29 17:30:26.607012,1,search_list,"{""searchListIds"": [1268]}"
473,12,18641,2025-10-29 17:30:26.607012,1,search_list,"{""searchListIds"": [1268]}"
474,12,18643,2025-10-29 17:30:26.607012,1,search_list,"{""searchListIds"": [1268]}"
475,12,18644,2025-10-29 17:30:26.607012,1,search_list,"{""searchListIds"": [1268]}"
476,12,18645,2025-10-29 17:30:26.607012,1,search_list,"{""searchListIds"": [1268]}"
477,12,18646,2025-10-29 17:30:26.607012,1,search_list,"{""searchListIds"": [1268]}"
478,12,18647,2025-10-29 17:30:26.607012,1,search_list,"{""searchListIds"": [1268]}"
479,12,18648,2025-10-29 17:30:26.607012,1,search_list,"{""searchListIds"": [1268]}"
480,12,18649,2025-10-29 17:30:26.607012,1,search_list,"{""searchListIds"": [1268]}"
481,12,18640,2025-10-29 17:30:26.607012,1,search_list,"{""searchListIds"": [1268]}"
482,12,18642,2025-10-29 17:30:26.607012,1,search_list,"{""searchListIds"": [1268]}"
483,12,18650,2025-10-29 17:30:26.607012,1,search_list,"{""searchListIds"": [1268]}"
484,12,18653,2025-10-29 17:30:26.607012,1,search_list,"{""searchListIds"": [1268]}"
485,12,18654,2025-10-29 17:30:26.607012,1,search_list,"{""searchListIds"": [1268]}"
486,12,18655,2025-10-29 17:30:26.607012,1,search_list,"{""searchListIds"": [1268]}"
487,12,18656,2025-10-29 17:30:26.607012,1,search_list,"{""searchListIds"": [1268]}"
488,12,18657,2025-10-29 17:30:26.607012,1,search_list,"{""searchListIds"": [1268]}"
489,12,18658,2025-10-29 17:30:26.607012,1,search_list,"{""searchListIds"": [1268]}"
490,12,18659,2025-10-29 17:30:26.607012,1,search_list,"{""searchListIds"": [1268]}"
491,12,18651,2025-10-29 17:30:26.607012,1,search_list,"{""searchListIds"": [1268]}"
492,12,18652,2025-10-29 17:30:26.607012,1,search_list,"{""searchListIds"": [1268]}"
493,12,18637,2025-10-29 17:30:26.607012,1,search_list,"{""searchListIds"": [1268]}"
494,12,18636,2025-10-29 17:30:26.607012,1,search_list,"{""searchListIds"": [1268]}"
495,12,18638,2025-10-29 17:30:26.607012,1,search_list,"{""searchListIds"": [1268]}"
496,12,18639,2025-10-29 17:30:26.607012,1,search_list,"{""searchListIds"": [1268]}"
497,13,18622,2025-10-29 17:34:50.831307,1,search_list,"{""searchListIds"": [1267]}"
498,13,18620,2025-10-29 17:34:50.831307,1,search_list,"{""searchListIds"": [1267]}"
499,13,18621,2025-10-29 17:34:50.831307,1,search_list,"{""searchListIds"": [1267]}"
500,13,18623,2025-10-29 17:34:50.831307,1,search_list,"{""searchListIds"": [1267]}"
501,13,18619,2025-10-29 17:34:50.831307,1,search_list,"{""searchListIds"": [1267]}"
502,13,18605,2025-10-29 17:34:50.831307,1,search_list,"{""searchListIds"": [1267]}"
503,13,18606,2025-10-29 17:34:50.831307,1,search_list,"{""searchListIds"": [1267]}"
504,13,18608,2025-10-29 17:34:50.831307,1,search_list,"{""searchListIds"": [1267]}"
505,13,18607,2025-10-29 17:34:50.831307,1,search_list,"{""searchListIds"": [1267]}"
506,13,18596,2025-10-29 17:34:50.831307,1,search_list,"{""searchListIds"": [1267]}"
507,13,18597,2025-10-29 17:34:50.831307,1,search_list,"{""searchListIds"": [1267]}"
508,13,18601,2025-10-29 17:34:50.831307,1,search_list,"{""searchListIds"": [1267]}"
509,13,18599,2025-10-29 17:34:50.831307,1,search_list,"{""searchListIds"": [1267]}"
510,13,18609,2025-10-29 17:34:50.831307,1,search_list,"{""searchListIds"": [1267]}"
511,13,18611,2025-10-29 17:34:50.831307,1,search_list,"{""searchListIds"": [1267]}"
512,13,18612,2025-10-29 17:34:50.831307,1,search_list,"{""searchListIds"": [1267]}"
513,13,18613,2025-10-29 17:34:50.831307,1,search_list,"{""searchListIds"": [1267]}"
514,13,18614,2025-10-29 17:34:50.831307,1,search_list,"{""searchListIds"": [1267]}"
515,13,18615,2025-10-29 17:34:50.831307,1,search_list,"{""searchListIds"": [1267]}"
516,13,18616,2025-10-29 17:34:50.831307,1,search_list,"{""searchListIds"": [1267]}"
517,13,18617,2025-10-29 17:34:50.831307,1,search_list,"{""searchListIds"": [1267]}"
518,13,18618,2025-10-29 17:34:50.831307,1,search_list,"{""searchListIds"": [1267]}"
519,13,18610,2025-10-29 17:34:50.831307,1,search_list,"{""searchListIds"": [1267]}"
520,13,18602,2025-10-29 17:34:50.831307,1,search_list,"{""searchListIds"": [1267]}"
521,13,18603,2025-10-29 17:34:50.831307,1,search_list,"{""searchListIds"": [1267]}"
522,13,18604,2025-10-29 17:34:50.831307,1,search_list,"{""searchListIds"": [1267]}"
523,13,18598,2025-10-29 17:34:50.831307,1,search_list,"{""searchListIds"": [1267]}"
524,13,18600,2025-10-29 17:34:50.831307,1,search_list,"{""searchListIds"": [1267]}"
525,13,18592,2025-10-29 17:34:50.831307,1,search_list,"{""searchListIds"": [1267]}"
526,13,18594,2025-10-29 17:34:50.831307,1,search_list,"{""searchListIds"": [1267]}"
527,13,18595,2025-10-29 17:34:50.831307,1,search_list,"{""searchListIds"": [1267]}"
528,13,18593,2025-10-29 17:34:50.831307,1,search_list,"{""searchListIds"": [1267]}"
529,14,18622,2025-10-29 17:46:06.225136,1,search_list,"{""searchListIds"": [1267]}"
530,14,18620,2025-10-29 17:46:06.225136,1,search_list,"{""searchListIds"": [1267]}"
531,14,18621,2025-10-29 17:46:06.225136,1,search_list,"{""searchListIds"": [1267]}"
532,14,18623,2025-10-29 17:46:06.225136,1,search_list,"{""searchListIds"": [1267]}"
533,14,18619,2025-10-29 17:46:06.225136,1,search_list,"{""searchListIds"": [1267]}"
534,14,18605,2025-10-29 17:46:06.225136,1,search_list,"{""searchListIds"": [1267]}"
535,14,18606,2025-10-29 17:46:06.225136,1,search_list,"{""searchListIds"": [1267]}"
536,14,18608,2025-10-29 17:46:06.225136,1,search_list,"{""searchListIds"": [1267]}"
537,14,18607,2025-10-29 17:46:06.225136,1,search_list,"{""searchListIds"": [1267]}"
538,14,18596,2025-10-29 17:46:06.225136,1,search_list,"{""searchListIds"": [1267]}"
539,14,18597,2025-10-29 17:46:06.225136,1,search_list,"{""searchListIds"": [1267]}"
540,14,18601,2025-10-29 17:46:06.225136,1,search_list,"{""searchListIds"": [1267]}"
541,14,18599,2025-10-29 17:46:06.225136,1,search_list,"{""searchListIds"": [1267]}"
542,14,18609,2025-10-29 17:46:06.225136,1,search_list,"{""searchListIds"": [1267]}"
543,14,18611,2025-10-29 17:46:06.225136,1,search_list,"{""searchListIds"": [1267]}"
544,14,18612,2025-10-29 17:46:06.225136,1,search_list,"{""searchListIds"": [1267]}"
545,14,18613,2025-10-29 17:46:06.225136,1,search_list,"{""searchListIds"": [1267]}"
546,14,18614,2025-10-29 17:46:06.225136,1,search_list,"{""searchListIds"": [1267]}"
547,14,18615,2025-10-29 17:46:06.225136,1,search_list,"{""searchListIds"": [1267]}"
548,14,18616,2025-10-29 17:46:06.225136,1,search_list,"{""searchListIds"": [1267]}"
549,14,18617,2025-10-29 17:46:06.225136,1,search_list,"{""searchListIds"": [1267]}"
550,14,18618,2025-10-29 17:46:06.225136,1,search_list,"{""searchListIds"": [1267]}"
551,14,18610,2025-10-29 17:46:06.225136,1,search_list,"{""searchListIds"": [1267]}"
552,14,18602,2025-10-29 17:46:06.225136,1,search_list,"{""searchListIds"": [1267]}"
553,14,18603,2025-10-29 17:46:06.225136,1,search_list,"{""searchListIds"": [1267]}"
554,14,18604,2025-10-29 17:46:06.225136,1,search_list,"{""searchListIds"": [1267]}"
555,14,18598,2025-10-29 17:46:06.225136,1,search_list,"{""searchListIds"": [1267]}"
556,14,18600,2025-10-29 17:46:06.225136,1,search_list,"{""searchListIds"": [1267]}"
557,14,18592,2025-10-29 17:46:06.225136,1,search_list,"{""searchListIds"": [1267]}"
558,14,18594,2025-10-29 17:46:06.225136,1,search_list,"{""searchListIds"": [1267]}"
559,14,18595,2025-10-29 17:46:06.225136,1,search_list,"{""searchListIds"": [1267]}"
560,14,18593,2025-10-29 17:46:06.225136,1,search_list,"{""searchListIds"": [1267]}"
561,15,18622,2025-10-29 17:46:14.056395,1,search_list,"{""searchListIds"": [1267]}"
562,15,18620,2025-10-29 17:46:14.056395,1,search_list,"{""searchListIds"": [1267]}"
563,15,18621,2025-10-29 17:46:14.056395,1,search_list,"{""searchListIds"": [1267]}"
564,15,18623,2025-10-29 17:46:14.056395,1,search_list,"{""searchListIds"": [1267]}"
565,15,18619,2025-10-29 17:46:14.056395,1,search_list,"{""searchListIds"": [1267]}"
566,15,18605,2025-10-29 17:46:14.056395,1,search_list,"{""searchListIds"": [1267]}"
567,15,18606,2025-10-29 17:46:14.056395,1,search_list,"{""searchListIds"": [1267]}"
568,15,18608,2025-10-29 17:46:14.056395,1,search_list,"{""searchListIds"": [1267]}"
569,15,18607,2025-10-29 17:46:14.056395,1,search_list,"{""searchListIds"": [1267]}"
570,15,18596,2025-10-29 17:46:14.056395,1,search_list,"{""searchListIds"": [1267]}"
571,15,18597,2025-10-29 17:46:14.056395,1,search_list,"{""searchListIds"": [1267]}"
572,15,18601,2025-10-29 17:46:14.056395,1,search_list,"{""searchListIds"": [1267]}"
573,15,18599,2025-10-29 17:46:14.056395,1,search_list,"{""searchListIds"": [1267]}"
574,15,18609,2025-10-29 17:46:14.056395,1,search_list,"{""searchListIds"": [1267]}"
575,15,18611,2025-10-29 17:46:14.056395,1,search_list,"{""searchListIds"": [1267]}"
576,15,18612,2025-10-29 17:46:14.056395,1,search_list,"{""searchListIds"": [1267]}"
577,15,18613,2025-10-29 17:46:14.056395,1,search_list,"{""searchListIds"": [1267]}"
578,15,18614,2025-10-29 17:46:14.056395,1,search_list,"{""searchListIds"": [1267]}"
579,15,18615,2025-10-29 17:46:14.056395,1,search_list,"{""searchListIds"": [1267]}"
580,15,18616,2025-10-29 17:46:14.056395,1,search_list,"{""searchListIds"": [1267]}"
581,15,18617,2025-10-29 17:46:14.056395,1,search_list,"{""searchListIds"": [1267]}"
582,15,18618,2025-10-29 17:46:14.056395,1,search_list,"{""searchListIds"": [1267]}"
583,15,18610,2025-10-29 17:46:14.056395,1,search_list,"{""searchListIds"": [1267]}"
584,15,18602,2025-10-29 17:46:14.056395,1,search_list,"{""searchListIds"": [1267]}"
585,15,18603,2025-10-29 17:46:14.056395,1,search_list,"{""searchListIds"": [1267]}"
586,15,18604,2025-10-29 17:46:14.056395,1,search_list,"{""searchListIds"": [1267]}"
587,15,18598,2025-10-29 17:46:14.056395,1,search_list,"{""searchListIds"": [1267]}"
588,15,18600,2025-10-29 17:46:14.056395,1,search_list,"{""searchListIds"": [1267]}"
589,15,18592,2025-10-29 17:46:14.056395,1,search_list,"{""searchListIds"": [1267]}"
590,15,18594,2025-10-29 17:46:14.056395,1,search_list,"{""searchListIds"": [1267]}"
591,15,18595,2025-10-29 17:46:14.056395,1,search_list,"{""searchListIds"": [1267]}"
592,15,18593,2025-10-29 17:46:14.056395,1,search_list,"{""searchListIds"": [1267]}"
593,16,18583,2025-10-29 17:48:36.480998,1,search_list,"{""searchListIds"": [1266]}"
594,16,18584,2025-10-29 17:48:36.480998,1,search_list,"{""searchListIds"": [1266]}"
595,16,18585,2025-10-29 17:48:36.480998,1,search_list,"{""searchListIds"": [1266]}"
596,16,18586,2025-10-29 17:48:36.480998,1,search_list,"{""searchListIds"": [1266]}"
597,16,18582,2025-10-29 17:48:36.480998,1,search_list,"{""searchListIds"": [1266]}"
598,16,18587,2025-10-29 17:48:36.480998,1,search_list,"{""searchListIds"": [1266]}"
599,16,18588,2025-10-29 17:48:36.480998,1,search_list,"{""searchListIds"": [1266]}"
600,16,18589,2025-10-29 17:48:36.480998,1,search_list,"{""searchListIds"": [1266]}"
601,16,18590,2025-10-29 17:48:36.480998,1,search_list,"{""searchListIds"": [1266]}"
602,16,18591,2025-10-29 17:48:36.480998,1,search_list,"{""searchListIds"": [1266]}"
603,16,18563,2025-10-29 17:48:36.480998,1,search_list,"{""searchListIds"": [1266]}"
604,16,18565,2025-10-29 17:48:36.480998,1,search_list,"{""searchListIds"": [1266]}"
605,16,18566,2025-10-29 17:48:36.480998,1,search_list,"{""searchListIds"": [1266]}"
606,16,18564,2025-10-29 17:48:36.480998,1,search_list,"{""searchListIds"": [1266]}"
607,16,18567,2025-10-29 17:48:36.480998,1,search_list,"{""searchListIds"": [1266]}"
608,16,18568,2025-10-29 17:48:36.480998,1,search_list,"{""searchListIds"": [1266]}"
609,16,18569,2025-10-29 17:48:36.480998,1,search_list,"{""searchListIds"": [1266]}"
610,16,18570,2025-10-29 17:48:36.480998,1,search_list,"{""searchListIds"": [1266]}"
611,16,18571,2025-10-29 17:48:36.480998,1,search_list,"{""searchListIds"": [1266]}"
612,16,18562,2025-10-29 17:48:36.480998,1,search_list,"{""searchListIds"": [1266]}"
613,16,18548,2025-10-29 17:48:36.480998,1,search_list,"{""searchListIds"": [1266]}"
614,16,18549,2025-10-29 17:48:36.480998,1,search_list,"{""searchListIds"": [1266]}"
615,16,18550,2025-10-29 17:48:36.480998,1,search_list,"{""searchListIds"": [1266]}"
616,16,18551,2025-10-29 17:48:36.480998,1,search_list,"{""searchListIds"": [1266]}"
617,16,18552,2025-10-29 17:48:36.480998,1,search_list,"{""searchListIds"": [1266]}"
618,16,18553,2025-10-29 17:48:36.480998,1,search_list,"{""searchListIds"": [1266]}"
619,16,18554,2025-10-29 17:48:36.480998,1,search_list,"{""searchListIds"": [1266]}"
620,16,18555,2025-10-29 17:48:36.480998,1,search_list,"{""searchListIds"": [1266]}"
621,16,18556,2025-10-29 17:48:36.480998,1,search_list,"{""searchListIds"": [1266]}"
622,16,18547,2025-10-29 17:48:36.480998,1,search_list,"{""searchListIds"": [1266]}"
623,16,18573,2025-10-29 17:48:36.480998,1,search_list,"{""searchListIds"": [1266]}"
624,16,18575,2025-10-29 17:48:36.480998,1,search_list,"{""searchListIds"": [1266]}"
625,16,18576,2025-10-29 17:48:36.480998,1,search_list,"{""searchListIds"": [1266]}"
626,16,18577,2025-10-29 17:48:36.480998,1,search_list,"{""searchListIds"": [1266]}"
627,16,18578,2025-10-29 17:48:36.480998,1,search_list,"{""searchListIds"": [1266]}"
628,16,18579,2025-10-29 17:48:36.480998,1,search_list,"{""searchListIds"": [1266]}"
629,16,18580,2025-10-29 17:48:36.480998,1,search_list,"{""searchListIds"": [1266]}"
630,16,18581,2025-10-29 17:48:36.480998,1,search_list,"{""searchListIds"": [1266]}"
631,16,18574,2025-10-29 17:48:36.480998,1,search_list,"{""searchListIds"": [1266]}"
632,16,18572,2025-10-29 17:48:36.480998,1,search_list,"{""searchListIds"": [1266]}"
633,16,18558,2025-10-29 17:48:36.480998,1,search_list,"{""searchListIds"": [1266]}"
634,16,18560,2025-10-29 17:48:36.480998,1,search_list,"{""searchListIds"": [1266]}"
635,16,18561,2025-10-29 17:48:36.480998,1,search_list,"{""searchListIds"": [1266]}"
636,16,18557,2025-10-29 17:48:36.480998,1,search_list,"{""searchListIds"": [1266]}"
637,16,18559,2025-10-29 17:48:36.480998,1,search_list,"{""searchListIds"": [1266]}"
638,17,18504,2025-10-29 18:35:07.396409,1,search_list,"{""currentListId"": 1265}"
639,17,18505,2025-10-29 18:35:07.396409,1,search_list,"{""currentListId"": 1265}"
640,17,18506,2025-10-29 18:35:07.396409,1,search_list,"{""currentListId"": 1265}"
641,17,18507,2025-10-29 18:35:07.396409,1,search_list,"{""currentListId"": 1265}"
642,17,18508,2025-10-29 18:35:07.396409,1,search_list,"{""currentListId"": 1265}"
643,17,18509,2025-10-29 18:35:07.396409,1,search_list,"{""currentListId"": 1265}"
644,17,18510,2025-10-29 18:35:07.396409,1,search_list,"{""currentListId"": 1265}"
645,17,18503,2025-10-29 18:35:07.396409,1,search_list,"{""currentListId"": 1265}"
646,17,18514,2025-10-29 18:35:07.396409,1,search_list,"{""currentListId"": 1265}"
647,17,18512,2025-10-29 18:35:07.396409,1,search_list,"{""currentListId"": 1265}"
648,17,18515,2025-10-29 18:35:07.396409,1,search_list,"{""currentListId"": 1265}"
649,17,18516,2025-10-29 18:35:07.396409,1,search_list,"{""currentListId"": 1265}"
650,17,18517,2025-10-29 18:35:07.396409,1,search_list,"{""currentListId"": 1265}"
651,17,18518,2025-10-29 18:35:07.396409,1,search_list,"{""currentListId"": 1265}"
652,17,18519,2025-10-29 18:35:07.396409,1,search_list,"{""currentListId"": 1265}"
653,17,18513,2025-10-29 18:35:07.396409,1,search_list,"{""currentListId"": 1265}"
654,17,18511,2025-10-29 18:35:07.396409,1,search_list,"{""currentListId"": 1265}"
655,17,18540,2025-10-29 18:35:07.396409,1,search_list,"{""currentListId"": 1265}"
656,17,18525,2025-10-29 18:35:07.396409,1,search_list,"{""currentListId"": 1265}"
657,17,18529,2025-10-29 18:35:07.396409,1,search_list,"{""currentListId"": 1265}"
658,17,18531,2025-10-29 18:35:07.396409,1,search_list,"{""currentListId"": 1265}"
659,17,18533,2025-10-29 18:35:07.396409,1,search_list,"{""currentListId"": 1265}"
660,17,18534,2025-10-29 18:35:07.396409,1,search_list,"{""currentListId"": 1265}"
661,17,18537,2025-10-29 18:35:07.396409,1,search_list,"{""currentListId"": 1265}"
662,17,18538,2025-10-29 18:35:07.396409,1,search_list,"{""currentListId"": 1265}"
663,17,18539,2025-10-29 18:35:07.396409,1,search_list,"{""currentListId"": 1265}"
664,17,18527,2025-10-29 18:35:07.396409,1,search_list,"{""currentListId"": 1265}"
665,17,18523,2025-10-29 18:35:07.396409,1,search_list,"{""currentListId"": 1265}"
666,17,18521,2025-10-29 18:35:07.396409,1,search_list,"{""currentListId"": 1265}"
667,17,18522,2025-10-29 18:35:07.396409,1,search_list,"{""currentListId"": 1265}"
668,17,18524,2025-10-29 18:35:07.396409,1,search_list,"{""currentListId"": 1265}"
669,17,18526,2025-10-29 18:35:07.396409,1,search_list,"{""currentListId"": 1265}"
670,17,18528,2025-10-29 18:35:07.396409,1,search_list,"{""currentListId"": 1265}"
671,17,18530,2025-10-29 18:35:07.396409,1,search_list,"{""currentListId"": 1265}"
672,17,18532,2025-10-29 18:35:07.396409,1,search_list,"{""currentListId"": 1265}"
673,17,18536,2025-10-29 18:35:07.396409,1,search_list,"{""currentListId"": 1265}"
674,17,18520,2025-10-29 18:35:07.396409,1,search_list,"{""currentListId"": 1265}"
675,17,18535,2025-10-29 18:35:07.396409,1,search_list,"{""currentListId"": 1265}"
676,17,18543,2025-10-29 18:35:07.396409,1,search_list,"{""currentListId"": 1265}"
677,17,18541,2025-10-29 18:35:07.396409,1,search_list,"{""currentListId"": 1265}"
678,17,18542,2025-10-29 18:35:07.396409,1,search_list,"{""currentListId"": 1265}"
679,17,18544,2025-10-29 18:35:07.396409,1,search_list,"{""currentListId"": 1265}"
680,17,18545,2025-10-29 18:35:07.396409,1,search_list,"{""currentListId"": 1265}"
681,17,18546,2025-10-29 18:35:07.396409,1,search_list,"{""currentListId"": 1265}"
682,18,18629,2025-10-29 18:36:00.684196,1,search_list,"{""currentListId"": 1268}"
683,18,18632,2025-10-29 18:36:00.684196,1,search_list,"{""currentListId"": 1268}"
684,18,18634,2025-10-29 18:36:00.684196,1,search_list,"{""currentListId"": 1268}"
685,18,18630,2025-10-29 18:36:00.684196,1,search_list,"{""currentListId"": 1268}"
686,18,18628,2025-10-29 18:36:00.684196,1,search_list,"{""currentListId"": 1268}"
687,18,18624,2025-10-29 18:36:00.684196,1,search_list,"{""currentListId"": 1268}"
688,18,18625,2025-10-29 18:36:00.684196,1,search_list,"{""currentListId"": 1268}"
689,18,18626,2025-10-29 18:36:00.684196,1,search_list,"{""currentListId"": 1268}"
690,18,18627,2025-10-29 18:36:00.684196,1,search_list,"{""currentListId"": 1268}"
691,18,18631,2025-10-29 18:36:00.684196,1,search_list,"{""currentListId"": 1268}"
692,18,18633,2025-10-29 18:36:00.684196,1,search_list,"{""currentListId"": 1268}"
693,18,18635,2025-10-29 18:36:00.684196,1,search_list,"{""currentListId"": 1268}"
694,18,18641,2025-10-29 18:36:00.684196,1,search_list,"{""currentListId"": 1268}"
695,18,18643,2025-10-29 18:36:00.684196,1,search_list,"{""currentListId"": 1268}"
696,18,18644,2025-10-29 18:36:00.684196,1,search_list,"{""currentListId"": 1268}"
697,18,18645,2025-10-29 18:36:00.684196,1,search_list,"{""currentListId"": 1268}"
698,18,18646,2025-10-29 18:36:00.684196,1,search_list,"{""currentListId"": 1268}"
699,18,18647,2025-10-29 18:36:00.684196,1,search_list,"{""currentListId"": 1268}"
700,18,18648,2025-10-29 18:36:00.684196,1,search_list,"{""currentListId"": 1268}"
701,18,18649,2025-10-29 18:36:00.684196,1,search_list,"{""currentListId"": 1268}"
702,18,18640,2025-10-29 18:36:00.684196,1,search_list,"{""currentListId"": 1268}"
703,18,18642,2025-10-29 18:36:00.684196,1,search_list,"{""currentListId"": 1268}"
704,18,18650,2025-10-29 18:36:00.684196,1,search_list,"{""currentListId"": 1268}"
705,18,18653,2025-10-29 18:36:00.684196,1,search_list,"{""currentListId"": 1268}"
706,18,18654,2025-10-29 18:36:00.684196,1,search_list,"{""currentListId"": 1268}"
707,18,18655,2025-10-29 18:36:00.684196,1,search_list,"{""currentListId"": 1268}"
708,18,18656,2025-10-29 18:36:00.684196,1,search_list,"{""currentListId"": 1268}"
709,18,18657,2025-10-29 18:36:00.684196,1,search_list,"{""currentListId"": 1268}"
710,18,18658,2025-10-29 18:36:00.684196,1,search_list,"{""currentListId"": 1268}"
711,18,18659,2025-10-29 18:36:00.684196,1,search_list,"{""currentListId"": 1268}"
712,18,18651,2025-10-29 18:36:00.684196,1,search_list,"{""currentListId"": 1268}"
713,18,18652,2025-10-29 18:36:00.684196,1,search_list,"{""currentListId"": 1268}"
714,18,18637,2025-10-29 18:36:00.684196,1,search_list,"{""currentListId"": 1268}"
715,18,18636,2025-10-29 18:36:00.684196,1,search_list,"{""currentListId"": 1268}"
716,18,18638,2025-10-29 18:36:00.684196,1,search_list,"{""currentListId"": 1268}"
717,18,18639,2025-10-29 18:36:00.684196,1,search_list,"{""currentListId"": 1268}"
718,19,18622,2025-10-29 18:38:10.897372,1,search_list,"{""currentListId"": 1267}"
719,19,18620,2025-10-29 18:38:10.897372,1,search_list,"{""currentListId"": 1267}"
720,19,18621,2025-10-29 18:38:10.897372,1,search_list,"{""currentListId"": 1267}"
721,19,18623,2025-10-29 18:38:10.897372,1,search_list,"{""currentListId"": 1267}"
722,19,18619,2025-10-29 18:38:10.897372,1,search_list,"{""currentListId"": 1267}"
723,19,18605,2025-10-29 18:38:10.897372,1,search_list,"{""currentListId"": 1267}"
724,19,18606,2025-10-29 18:38:10.897372,1,search_list,"{""currentListId"": 1267}"
725,19,18608,2025-10-29 18:38:10.897372,1,search_list,"{""currentListId"": 1267}"
726,19,18607,2025-10-29 18:38:10.897372,1,search_list,"{""currentListId"": 1267}"
727,19,18596,2025-10-29 18:38:10.897372,1,search_list,"{""currentListId"": 1267}"
728,19,18597,2025-10-29 18:38:10.897372,1,search_list,"{""currentListId"": 1267}"
729,19,18601,2025-10-29 18:38:10.897372,1,search_list,"{""currentListId"": 1267}"
730,19,18599,2025-10-29 18:38:10.897372,1,search_list,"{""currentListId"": 1267}"
731,19,18609,2025-10-29 18:38:10.897372,1,search_list,"{""currentListId"": 1267}"
732,19,18611,2025-10-29 18:38:10.897372,1,search_list,"{""currentListId"": 1267}"
733,19,18612,2025-10-29 18:38:10.897372,1,search_list,"{""currentListId"": 1267}"
734,19,18613,2025-10-29 18:38:10.897372,1,search_list,"{""currentListId"": 1267}"
735,19,18614,2025-10-29 18:38:10.897372,1,search_list,"{""currentListId"": 1267}"
736,19,18615,2025-10-29 18:38:10.897372,1,search_list,"{""currentListId"": 1267}"
737,19,18616,2025-10-29 18:38:10.897372,1,search_list,"{""currentListId"": 1267}"
738,19,18617,2025-10-29 18:38:10.897372,1,search_list,"{""currentListId"": 1267}"
739,19,18618,2025-10-29 18:38:10.897372,1,search_list,"{""currentListId"": 1267}"
740,19,18610,2025-10-29 18:38:10.897372,1,search_list,"{""currentListId"": 1267}"
741,19,18602,2025-10-29 18:38:10.897372,1,search_list,"{""currentListId"": 1267}"
742,19,18603,2025-10-29 18:38:10.897372,1,search_list,"{""currentListId"": 1267}"
743,19,18604,2025-10-29 18:38:10.897372,1,search_list,"{""currentListId"": 1267}"
744,19,18598,2025-10-29 18:38:10.897372,1,search_list,"{""currentListId"": 1267}"
745,19,18600,2025-10-29 18:38:10.897372,1,search_list,"{""currentListId"": 1267}"
746,19,18592,2025-10-29 18:38:10.897372,1,search_list,"{""currentListId"": 1267}"
747,19,18594,2025-10-29 18:38:10.897372,1,search_list,"{""currentListId"": 1267}"
748,19,18595,2025-10-29 18:38:10.897372,1,search_list,"{""currentListId"": 1267}"
749,19,18593,2025-10-29 18:38:10.897372,1,search_list,"{""currentListId"": 1267}"
750,20,18504,2025-10-29 18:58:10.96153,1,search_list,"{""currentListId"": 1265}"
751,20,18505,2025-10-29 18:58:10.96153,1,search_list,"{""currentListId"": 1265}"
752,20,18506,2025-10-29 18:58:10.96153,1,search_list,"{""currentListId"": 1265}"
753,20,18507,2025-10-29 18:58:10.96153,1,search_list,"{""currentListId"": 1265}"
754,20,18508,2025-10-29 18:58:10.96153,1,search_list,"{""currentListId"": 1265}"
755,20,18509,2025-10-29 18:58:10.96153,1,search_list,"{""currentListId"": 1265}"
756,20,18510,2025-10-29 18:58:10.96153,1,search_list,"{""currentListId"": 1265}"
757,20,18503,2025-10-29 18:58:10.96153,1,search_list,"{""currentListId"": 1265}"
758,20,18514,2025-10-29 18:58:10.96153,1,search_list,"{""currentListId"": 1265}"
759,20,18512,2025-10-29 18:58:10.96153,1,search_list,"{""currentListId"": 1265}"
760,20,18515,2025-10-29 18:58:10.96153,1,search_list,"{""currentListId"": 1265}"
761,20,18516,2025-10-29 18:58:10.96153,1,search_list,"{""currentListId"": 1265}"
762,20,18517,2025-10-29 18:58:10.96153,1,search_list,"{""currentListId"": 1265}"
763,20,18518,2025-10-29 18:58:10.96153,1,search_list,"{""currentListId"": 1265}"
764,20,18519,2025-10-29 18:58:10.96153,1,search_list,"{""currentListId"": 1265}"
765,20,18513,2025-10-29 18:58:10.96153,1,search_list,"{""currentListId"": 1265}"
766,20,18511,2025-10-29 18:58:10.96153,1,search_list,"{""currentListId"": 1265}"
767,20,18540,2025-10-29 18:58:10.96153,1,search_list,"{""currentListId"": 1265}"
768,20,18525,2025-10-29 18:58:10.96153,1,search_list,"{""currentListId"": 1265}"
769,20,18529,2025-10-29 18:58:10.96153,1,search_list,"{""currentListId"": 1265}"
770,20,18531,2025-10-29 18:58:10.96153,1,search_list,"{""currentListId"": 1265}"
771,20,18533,2025-10-29 18:58:10.96153,1,search_list,"{""currentListId"": 1265}"
772,20,18534,2025-10-29 18:58:10.96153,1,search_list,"{""currentListId"": 1265}"
773,20,18537,2025-10-29 18:58:10.96153,1,search_list,"{""currentListId"": 1265}"
774,20,18538,2025-10-29 18:58:10.96153,1,search_list,"{""currentListId"": 1265}"
775,20,18539,2025-10-29 18:58:10.96153,1,search_list,"{""currentListId"": 1265}"
776,20,18527,2025-10-29 18:58:10.96153,1,search_list,"{""currentListId"": 1265}"
777,20,18523,2025-10-29 18:58:10.96153,1,search_list,"{""currentListId"": 1265}"
778,20,18521,2025-10-29 18:58:10.96153,1,search_list,"{""currentListId"": 1265}"
779,20,18522,2025-10-29 18:58:10.96153,1,search_list,"{""currentListId"": 1265}"
780,20,18524,2025-10-29 18:58:10.96153,1,search_list,"{""currentListId"": 1265}"
781,20,18526,2025-10-29 18:58:10.96153,1,search_list,"{""currentListId"": 1265}"
782,20,18528,2025-10-29 18:58:10.96153,1,search_list,"{""currentListId"": 1265}"
783,20,18530,2025-10-29 18:58:10.96153,1,search_list,"{""currentListId"": 1265}"
784,20,18532,2025-10-29 18:58:10.96153,1,search_list,"{""currentListId"": 1265}"
785,20,18536,2025-10-29 18:58:10.96153,1,search_list,"{""currentListId"": 1265}"
786,20,18520,2025-10-29 18:58:10.96153,1,search_list,"{""currentListId"": 1265}"
787,20,18535,2025-10-29 18:58:10.96153,1,search_list,"{""currentListId"": 1265}"
788,20,18543,2025-10-29 18:58:10.96153,1,search_list,"{""currentListId"": 1265}"
789,20,18541,2025-10-29 18:58:10.96153,1,search_list,"{""currentListId"": 1265}"
790,20,18542,2025-10-29 18:58:10.96153,1,search_list,"{""currentListId"": 1265}"
791,20,18544,2025-10-29 18:58:10.96153,1,search_list,"{""currentListId"": 1265}"
792,20,18545,2025-10-29 18:58:10.96153,1,search_list,"{""currentListId"": 1265}"
793,20,18546,2025-10-29 18:58:10.96153,1,search_list,"{""currentListId"": 1265}"
794,21,18472,2025-10-29 19:00:17.105227,1,search_list,"{""currentListId"": 1264}"
795,21,18473,2025-10-29 19:00:17.105227,1,search_list,"{""currentListId"": 1264}"
796,21,18474,2025-10-29 19:00:17.105227,1,search_list,"{""currentListId"": 1264}"
797,21,18475,2025-10-29 19:00:17.105227,1,search_list,"{""currentListId"": 1264}"
798,21,18476,2025-10-29 19:00:17.105227,1,search_list,"{""currentListId"": 1264}"
799,21,18477,2025-10-29 19:00:17.105227,1,search_list,"{""currentListId"": 1264}"
800,21,18478,2025-10-29 19:00:17.105227,1,search_list,"{""currentListId"": 1264}"
801,21,18479,2025-10-29 19:00:17.105227,1,search_list,"{""currentListId"": 1264}"
802,21,18480,2025-10-29 19:00:17.105227,1,search_list,"{""currentListId"": 1264}"
803,21,18481,2025-10-29 19:00:17.105227,1,search_list,"{""currentListId"": 1264}"
804,21,18469,2025-10-29 19:00:17.105227,1,search_list,"{""currentListId"": 1264}"
805,21,18471,2025-10-29 19:00:17.105227,1,search_list,"{""currentListId"": 1264}"
806,21,18468,2025-10-29 19:00:17.105227,1,search_list,"{""currentListId"": 1264}"
807,21,18470,2025-10-29 19:00:17.105227,1,search_list,"{""currentListId"": 1264}"
808,21,18464,2025-10-29 19:00:17.105227,1,search_list,"{""currentListId"": 1264}"
809,21,18467,2025-10-29 19:00:17.105227,1,search_list,"{""currentListId"": 1264}"
810,21,18465,2025-10-29 19:00:17.105227,1,search_list,"{""currentListId"": 1264}"
811,21,18466,2025-10-29 19:00:17.105227,1,search_list,"{""currentListId"": 1264}"
812,21,18482,2025-10-29 19:00:17.105227,1,search_list,"{""currentListId"": 1264}"
813,21,18496,2025-10-29 19:00:17.105227,1,search_list,"{""currentListId"": 1264}"
814,21,18497,2025-10-29 19:00:17.105227,1,search_list,"{""currentListId"": 1264}"
815,21,18498,2025-10-29 19:00:17.105227,1,search_list,"{""currentListId"": 1264}"
816,21,18499,2025-10-29 19:00:17.105227,1,search_list,"{""currentListId"": 1264}"
817,21,18500,2025-10-29 19:00:17.105227,1,search_list,"{""currentListId"": 1264}"
818,21,18501,2025-10-29 19:00:17.105227,1,search_list,"{""currentListId"": 1264}"
819,21,18502,2025-10-29 19:00:17.105227,1,search_list,"{""currentListId"": 1264}"
820,21,18495,2025-10-29 19:00:17.105227,1,search_list,"{""currentListId"": 1264}"
821,21,18493,2025-10-29 19:00:17.105227,1,search_list,"{""currentListId"": 1264}"
822,21,18494,2025-10-29 19:00:17.105227,1,search_list,"{""currentListId"": 1264}"
823,21,18483,2025-10-29 19:00:17.105227,1,search_list,"{""currentListId"": 1264}"
824,21,18484,2025-10-29 19:00:17.105227,1,search_list,"{""currentListId"": 1264}"
825,21,18486,2025-10-29 19:00:17.105227,1,search_list,"{""currentListId"": 1264}"
826,21,18487,2025-10-29 19:00:17.105227,1,search_list,"{""currentListId"": 1264}"
827,21,18488,2025-10-29 19:00:17.105227,1,search_list,"{""currentListId"": 1264}"
828,21,18489,2025-10-29 19:00:17.105227,1,search_list,"{""currentListId"": 1264}"
829,21,18490,2025-10-29 19:00:17.105227,1,search_list,"{""currentListId"": 1264}"
830,21,18491,2025-10-29 19:00:17.105227,1,search_list,"{""currentListId"": 1264}"
831,21,18492,2025-10-29 19:00:17.105227,1,search_list,"{""currentListId"": 1264}"
832,21,18485,2025-10-29 19:00:17.105227,1,search_list,"{""currentListId"": 1264}"
833,22,18003,2025-10-29 22:39:44.685625,5,search_list,"{""currentListId"": 1272}"
834,22,18004,2025-10-29 22:39:44.685625,5,search_list,"{""currentListId"": 1272}"
835,22,18006,2025-10-29 22:39:44.685625,5,search_list,"{""currentListId"": 1272}"
836,22,18007,2025-10-29 22:39:44.685625,5,search_list,"{""currentListId"": 1272}"
837,22,18008,2025-10-29 22:39:44.685625,5,search_list,"{""currentListId"": 1272}"
838,22,18009,2025-10-29 22:39:44.685625,5,search_list,"{""currentListId"": 1272}"
839,22,18010,2025-10-29 22:39:44.685625,5,search_list,"{""currentListId"": 1272}"
840,22,18005,2025-10-29 22:39:44.685625,5,search_list,"{""currentListId"": 1272}"
841,22,18028,2025-10-29 22:39:44.685625,5,search_list,"{""currentListId"": 1272}"
842,22,18029,2025-10-29 22:39:44.685625,5,search_list,"{""currentListId"": 1272}"
843,22,18026,2025-10-29 22:39:44.685625,5,search_list,"{""currentListId"": 1272}"
844,22,18027,2025-10-29 22:39:44.685625,5,search_list,"{""currentListId"": 1272}"
845,22,18025,2025-10-29 22:39:44.685625,5,search_list,"{""currentListId"": 1272}"
846,22,18030,2025-10-29 22:39:44.685625,5,search_list,"{""currentListId"": 1272}"
847,22,18031,2025-10-29 22:39:44.685625,5,search_list,"{""currentListId"": 1272}"
848,22,17998,2025-10-29 22:39:44.685625,5,search_list,"{""currentListId"": 1272}"
849,22,18000,2025-10-29 22:39:44.685625,5,search_list,"{""currentListId"": 1272}"
850,22,17995,2025-10-29 22:39:44.685625,5,search_list,"{""currentListId"": 1272}"
851,22,17994,2025-10-29 22:39:44.685625,5,search_list,"{""currentListId"": 1272}"
852,22,18002,2025-10-29 22:39:44.685625,5,search_list,"{""currentListId"": 1272}"
853,22,18021,2025-10-29 22:39:44.685625,5,search_list,"{""currentListId"": 1272}"
854,22,18024,2025-10-29 22:39:44.685625,5,search_list,"{""currentListId"": 1272}"
855,22,18022,2025-10-29 22:39:44.685625,5,search_list,"{""currentListId"": 1272}"
856,22,18023,2025-10-29 22:39:44.685625,5,search_list,"{""currentListId"": 1272}"
857,22,17999,2025-10-29 22:39:44.685625,5,search_list,"{""currentListId"": 1272}"
858,22,18001,2025-10-29 22:39:44.685625,5,search_list,"{""currentListId"": 1272}"
859,22,17997,2025-10-29 22:39:44.685625,5,search_list,"{""currentListId"": 1272}"
860,22,17996,2025-10-29 22:39:44.685625,5,search_list,"{""currentListId"": 1272}"
861,22,18014,2025-10-29 22:39:44.685625,5,search_list,"{""currentListId"": 1272}"
862,22,18015,2025-10-29 22:39:44.685625,5,search_list,"{""currentListId"": 1272}"
863,22,18016,2025-10-29 22:39:44.685625,5,search_list,"{""currentListId"": 1272}"
864,22,18017,2025-10-29 22:39:44.685625,5,search_list,"{""currentListId"": 1272}"
865,22,18018,2025-10-29 22:39:44.685625,5,search_list,"{""currentListId"": 1272}"
866,22,18019,2025-10-29 22:39:44.685625,5,search_list,"{""currentListId"": 1272}"
867,22,18020,2025-10-29 22:39:44.685625,5,search_list,"{""currentListId"": 1272}"
868,22,18011,2025-10-29 22:39:44.685625,5,search_list,"{""currentListId"": 1272}"
869,22,18012,2025-10-29 22:39:44.685625,5,search_list,"{""currentListId"": 1272}"
870,22,18013,2025-10-29 22:39:44.685625,5,search_list,"{""currentListId"": 1272}"
871,23,17799,2025-10-29 22:40:09.083036,5,search_list,"{""currentListId"": 1243}"
872,23,17800,2025-10-29 22:40:09.083036,5,search_list,"{""currentListId"": 1243}"
873,23,17801,2025-10-29 22:40:09.083036,5,search_list,"{""currentListId"": 1243}"
874,23,17802,2025-10-29 22:40:09.083036,5,search_list,"{""currentListId"": 1243}"
875,23,17803,2025-10-29 22:40:09.083036,5,search_list,"{""currentListId"": 1243}"
876,23,17804,2025-10-29 22:40:09.083036,5,search_list,"{""currentListId"": 1243}"
877,23,17805,2025-10-29 22:40:09.083036,5,search_list,"{""currentListId"": 1243}"
878,23,17797,2025-10-29 22:40:09.083036,5,search_list,"{""currentListId"": 1243}"
879,23,17798,2025-10-29 22:40:09.083036,5,search_list,"{""currentListId"": 1243}"
880,23,17795,2025-10-29 22:40:09.083036,5,search_list,"{""currentListId"": 1243}"
881,23,17794,2025-10-29 22:40:09.083036,5,search_list,"{""currentListId"": 1243}"
882,23,17807,2025-10-29 22:40:09.083036,5,search_list,"{""currentListId"": 1243}"
883,23,17809,2025-10-29 22:40:09.083036,5,search_list,"{""currentListId"": 1243}"
884,23,17810,2025-10-29 22:40:09.083036,5,search_list,"{""currentListId"": 1243}"
885,23,17806,2025-10-29 22:40:09.083036,5,search_list,"{""currentListId"": 1243}"
886,23,17808,2025-10-29 22:40:09.083036,5,search_list,"{""currentListId"": 1243}"
887,23,17796,2025-10-29 22:40:09.083036,5,search_list,"{""currentListId"": 1243}"
888,23,17813,2025-10-29 22:40:09.083036,5,search_list,"{""currentListId"": 1243}"
889,23,17814,2025-10-29 22:40:09.083036,5,search_list,"{""currentListId"": 1243}"
890,23,17815,2025-10-29 22:40:09.083036,5,search_list,"{""currentListId"": 1243}"
891,23,17816,2025-10-29 22:40:09.083036,5,search_list,"{""currentListId"": 1243}"
892,23,17817,2025-10-29 22:40:09.083036,5,search_list,"{""currentListId"": 1243}"
893,23,17818,2025-10-29 22:40:09.083036,5,search_list,"{""currentListId"": 1243}"
894,23,17819,2025-10-29 22:40:09.083036,5,search_list,"{""currentListId"": 1243}"
895,23,17811,2025-10-29 22:40:09.083036,5,search_list,"{""currentListId"": 1243}"
896,23,17812,2025-10-29 22:40:09.083036,5,search_list,"{""currentListId"": 1243}"
897,23,17793,2025-10-29 22:40:09.083036,5,search_list,"{""currentListId"": 1243}"
898,23,17792,2025-10-29 22:40:09.083036,5,search_list,"{""currentListId"": 1243}"
899,24,18003,2025-10-29 22:40:17.393771,5,search_list,"{""searchListIds"": [1250, 1272]}"
900,24,18004,2025-10-29 22:40:17.393771,5,search_list,"{""searchListIds"": [1250, 1272]}"
901,24,18006,2025-10-29 22:40:17.393771,5,search_list,"{""searchListIds"": [1250, 1272]}"
902,24,18007,2025-10-29 22:40:17.393771,5,search_list,"{""searchListIds"": [1250, 1272]}"
903,24,18008,2025-10-29 22:40:17.393771,5,search_list,"{""searchListIds"": [1250, 1272]}"
904,24,18009,2025-10-29 22:40:17.393771,5,search_list,"{""searchListIds"": [1250, 1272]}"
905,24,18010,2025-10-29 22:40:17.393771,5,search_list,"{""searchListIds"": [1250, 1272]}"
906,24,18005,2025-10-29 22:40:17.393771,5,search_list,"{""searchListIds"": [1250, 1272]}"
907,24,18028,2025-10-29 22:40:17.393771,5,search_list,"{""searchListIds"": [1250, 1272]}"
908,24,18029,2025-10-29 22:40:17.393771,5,search_list,"{""searchListIds"": [1250, 1272]}"
909,24,18026,2025-10-29 22:40:17.393771,5,search_list,"{""searchListIds"": [1250, 1272]}"
910,24,18027,2025-10-29 22:40:17.393771,5,search_list,"{""searchListIds"": [1250, 1272]}"
911,24,18025,2025-10-29 22:40:17.393771,5,search_list,"{""searchListIds"": [1250, 1272]}"
912,24,18030,2025-10-29 22:40:17.393771,5,search_list,"{""searchListIds"": [1250, 1272]}"
913,24,18031,2025-10-29 22:40:17.393771,5,search_list,"{""searchListIds"": [1250, 1272]}"
914,24,17998,2025-10-29 22:40:17.393771,5,search_list,"{""searchListIds"": [1250, 1272]}"
915,24,18000,2025-10-29 22:40:17.393771,5,search_list,"{""searchListIds"": [1250, 1272]}"
916,24,17995,2025-10-29 22:40:17.393771,5,search_list,"{""searchListIds"": [1250, 1272]}"
917,24,17994,2025-10-29 22:40:17.393771,5,search_list,"{""searchListIds"": [1250, 1272]}"
918,24,18002,2025-10-29 22:40:17.393771,5,search_list,"{""searchListIds"": [1250, 1272]}"
919,24,18021,2025-10-29 22:40:17.393771,5,search_list,"{""searchListIds"": [1250, 1272]}"
920,24,18024,2025-10-29 22:40:17.393771,5,search_list,"{""searchListIds"": [1250, 1272]}"
921,24,18022,2025-10-29 22:40:17.393771,5,search_list,"{""searchListIds"": [1250, 1272]}"
922,24,18023,2025-10-29 22:40:17.393771,5,search_list,"{""searchListIds"": [1250, 1272]}"
923,24,17999,2025-10-29 22:40:17.393771,5,search_list,"{""searchListIds"": [1250, 1272]}"
924,24,18001,2025-10-29 22:40:17.393771,5,search_list,"{""searchListIds"": [1250, 1272]}"
925,24,17997,2025-10-29 22:40:17.393771,5,search_list,"{""searchListIds"": [1250, 1272]}"
926,24,17996,2025-10-29 22:40:17.393771,5,search_list,"{""searchListIds"": [1250, 1272]}"
927,24,18014,2025-10-29 22:40:17.393771,5,search_list,"{""searchListIds"": [1250, 1272]}"
928,24,18015,2025-10-29 22:40:17.393771,5,search_list,"{""searchListIds"": [1250, 1272]}"
929,24,18016,2025-10-29 22:40:17.393771,5,search_list,"{""searchListIds"": [1250, 1272]}"
930,24,18017,2025-10-29 22:40:17.393771,5,search_list,"{""searchListIds"": [1250, 1272]}"
931,24,18018,2025-10-29 22:40:17.393771,5,search_list,"{""searchListIds"": [1250, 1272]}"
932,24,18019,2025-10-29 22:40:17.393771,5,search_list,"{""searchListIds"": [1250, 1272]}"
933,24,18020,2025-10-29 22:40:17.393771,5,search_list,"{""searchListIds"": [1250, 1272]}"
934,24,18011,2025-10-29 22:40:17.393771,5,search_list,"{""searchListIds"": [1250, 1272]}"
935,24,18012,2025-10-29 22:40:17.393771,5,search_list,"{""searchListIds"": [1250, 1272]}"
936,24,18013,2025-10-29 22:40:17.393771,5,search_list,"{""searchListIds"": [1250, 1272]}"
937,25,17992,2025-10-30 13:48:21.139426,5,search_list,"{""currentListId"": 1249}"
938,25,17993,2025-10-30 13:48:21.139426,5,search_list,"{""currentListId"": 1249}"
939,25,17988,2025-10-30 13:48:21.139426,5,search_list,"{""currentListId"": 1249}"
940,25,17989,2025-10-30 13:48:21.139426,5,search_list,"{""currentListId"": 1249}"
941,25,17991,2025-10-30 13:48:21.139426,5,search_list,"{""currentListId"": 1249}"
942,25,17990,2025-10-30 13:48:21.139426,5,search_list,"{""currentListId"": 1249}"
943,25,17984,2025-10-30 13:48:21.139426,5,search_list,"{""currentListId"": 1249}"
944,25,17985,2025-10-30 13:48:21.139426,5,search_list,"{""currentListId"": 1249}"
945,25,17986,2025-10-30 13:48:21.139426,5,search_list,"{""currentListId"": 1249}"
946,25,17987,2025-10-30 13:48:21.139426,5,search_list,"{""currentListId"": 1249}"
947,26,17992,2025-10-30 13:48:31.926847,5,search_list,"{""currentListId"": 1249}"
948,26,17993,2025-10-30 13:48:31.926847,5,search_list,"{""currentListId"": 1249}"
949,26,17988,2025-10-30 13:48:31.926847,5,search_list,"{""currentListId"": 1249}"
950,26,17989,2025-10-30 13:48:31.926847,5,search_list,"{""currentListId"": 1249}"
951,26,17991,2025-10-30 13:48:31.926847,5,search_list,"{""currentListId"": 1249}"
952,26,17990,2025-10-30 13:48:31.926847,5,search_list,"{""currentListId"": 1249}"
953,26,17984,2025-10-30 13:48:31.926847,5,search_list,"{""currentListId"": 1249}"
954,26,17985,2025-10-30 13:48:31.926847,5,search_list,"{""currentListId"": 1249}"
955,26,17986,2025-10-30 13:48:31.926847,5,search_list,"{""currentListId"": 1249}"
956,26,17987,2025-10-30 13:48:31.926847,5,search_list,"{""currentListId"": 1249}"
957,27,18003,2025-10-30 13:48:39.012477,5,search_list,"{""searchListIds"": [1275]}"
958,27,18004,2025-10-30 13:48:39.012477,5,search_list,"{""searchListIds"": [1275]}"
959,27,18006,2025-10-30 13:48:39.012477,5,search_list,"{""searchListIds"": [1275]}"
960,27,18007,2025-10-30 13:48:39.012477,5,search_list,"{""searchListIds"": [1275]}"
961,27,18008,2025-10-30 13:48:39.012477,5,search_list,"{""searchListIds"": [1275]}"
962,27,18009,2025-10-30 13:48:39.012477,5,search_list,"{""searchListIds"": [1275]}"
963,27,18010,2025-10-30 13:48:39.012477,5,search_list,"{""searchListIds"": [1275]}"
964,27,18005,2025-10-30 13:48:39.012477,5,search_list,"{""searchListIds"": [1275]}"
965,27,18028,2025-10-30 13:48:39.012477,5,search_list,"{""searchListIds"": [1275]}"
966,27,18029,2025-10-30 13:48:39.012477,5,search_list,"{""searchListIds"": [1275]}"
967,27,18026,2025-10-30 13:48:39.012477,5,search_list,"{""searchListIds"": [1275]}"
968,27,18027,2025-10-30 13:48:39.012477,5,search_list,"{""searchListIds"": [1275]}"
969,27,18025,2025-10-30 13:48:39.012477,5,search_list,"{""searchListIds"": [1275]}"
970,27,18030,2025-10-30 13:48:39.012477,5,search_list,"{""searchListIds"": [1275]}"
971,27,18031,2025-10-30 13:48:39.012477,5,search_list,"{""searchListIds"": [1275]}"
972,27,17998,2025-10-30 13:48:39.012477,5,search_list,"{""searchListIds"": [1275]}"
973,27,18000,2025-10-30 13:48:39.012477,5,search_list,"{""searchListIds"": [1275]}"
974,27,17995,2025-10-30 13:48:39.012477,5,search_list,"{""searchListIds"": [1275]}"
975,27,17994,2025-10-30 13:48:39.012477,5,search_list,"{""searchListIds"": [1275]}"
976,27,18002,2025-10-30 13:48:39.012477,5,search_list,"{""searchListIds"": [1275]}"
977,27,18021,2025-10-30 13:48:39.012477,5,search_list,"{""searchListIds"": [1275]}"
978,27,18024,2025-10-30 13:48:39.012477,5,search_list,"{""searchListIds"": [1275]}"
979,27,18022,2025-10-30 13:48:39.012477,5,search_list,"{""searchListIds"": [1275]}"
980,27,18023,2025-10-30 13:48:39.012477,5,search_list,"{""searchListIds"": [1275]}"
981,27,17999,2025-10-30 13:48:39.012477,5,search_list,"{""searchListIds"": [1275]}"
982,27,18001,2025-10-30 13:48:39.012477,5,search_list,"{""searchListIds"": [1275]}"
983,27,17997,2025-10-30 13:48:39.012477,5,search_list,"{""searchListIds"": [1275]}"
984,27,17996,2025-10-30 13:48:39.012477,5,search_list,"{""searchListIds"": [1275]}"
985,27,18014,2025-10-30 13:48:39.012477,5,search_list,"{""searchListIds"": [1275]}"
986,27,18015,2025-10-30 13:48:39.012477,5,search_list,"{""searchListIds"": [1275]}"
987,27,18016,2025-10-30 13:48:39.012477,5,search_list,"{""searchListIds"": [1275]}"
988,27,18017,2025-10-30 13:48:39.012477,5,search_list,"{""searchListIds"": [1275]}"
989,27,18018,2025-10-30 13:48:39.012477,5,search_list,"{""searchListIds"": [1275]}"
990,27,18019,2025-10-30 13:48:39.012477,5,search_list,"{""searchListIds"": [1275]}"
991,27,18020,2025-10-30 13:48:39.012477,5,search_list,"{""searchListIds"": [1275]}"
992,27,18011,2025-10-30 13:48:39.012477,5,search_list,"{""searchListIds"": [1275]}"
993,27,18012,2025-10-30 13:48:39.012477,5,search_list,"{""searchListIds"": [1275]}"
994,27,18013,2025-10-30 13:48:39.012477,5,search_list,"{""searchListIds"": [1275]}"
995,28,18584,2025-10-30 17:24:51.68293,1,search_list,"{""searchListIds"": [1273, 1271, 1270, 1264]}"
996,28,18585,2025-10-30 17:24:51.68293,1,search_list,"{""searchListIds"": [1273, 1271, 1270, 1264]}"
997,28,18586,2025-10-30 17:24:51.68293,1,search_list,"{""searchListIds"": [1273, 1271, 1270, 1264]}"
998,28,18582,2025-10-30 17:24:51.68293,1,search_list,"{""searchListIds"": [1273, 1271, 1270, 1264]}"
999,28,18587,2025-10-30 17:24:51.68293,1,search_list,"{""searchListIds"": [1273, 1271, 1270, 1264]}"
1000,28,18588,2025-10-30 17:24:51.68293,1,search_list,"{""searchListIds"": [1273, 1271, 1270, 1264]}"
1001,28,18589,2025-10-30 17:24:51.68293,1,search_list,"{""searchListIds"": [1273, 1271, 1270, 1264]}"
1002,28,18590,2025-10-30 17:24:51.68293,1,search_list,"{""searchListIds"": [1273, 1271, 1270, 1264]}"
1003,28,18591,2025-10-30 17:24:51.68293,1,search_list,"{""searchListIds"": [1273, 1271, 1270, 1264]}"
1004,28,18583,2025-10-30 17:24:51.68293,1,search_list,"{""searchListIds"": [1273, 1271, 1270, 1264]}"
1005,28,22932,2025-10-30 17:24:51.68293,1,search_list,"{""searchListIds"": [1273, 1271, 1270, 1264]}"
1006,28,23296,2025-10-30 17:24:51.68293,1,search_list,"{""searchListIds"": [1273, 1271, 1270, 1264]}"
1007,28,23412,2025-10-30 17:24:51.68293,1,search_list,"{""searchListIds"": [1273, 1271, 1270, 1264]}"
1008,28,23413,2025-10-30 17:24:51.68293,1,search_list,"{""searchListIds"": [1273, 1271, 1270, 1264]}"
1009,28,23635,2025-10-30 17:24:51.68293,1,search_list,"{""searchListIds"": [1273, 1271, 1270, 1264]}"
1010,28,23636,2025-10-30 17:24:51.68293,1,search_list,"{""searchListIds"": [1273, 1271, 1270, 1264]}"
1011,28,23637,2025-10-30 17:24:51.68293,1,search_list,"{""searchListIds"": [1273, 1271, 1270, 1264]}"
1012,28,23638,2025-10-30 17:24:51.68293,1,search_list,"{""searchListIds"": [1273, 1271, 1270, 1264]}"
1013,28,18563,2025-10-30 17:24:51.68293,1,search_list,"{""searchListIds"": [1273, 1271, 1270, 1264]}"
1014,28,18565,2025-10-30 17:24:51.68293,1,search_list,"{""searchListIds"": [1273, 1271, 1270, 1264]}"
1015,28,18566,2025-10-30 17:24:51.68293,1,search_list,"{""searchListIds"": [1273, 1271, 1270, 1264]}"
1016,28,18567,2025-10-30 17:24:51.68293,1,search_list,"{""searchListIds"": [1273, 1271, 1270, 1264]}"
1017,28,18568,2025-10-30 17:24:51.68293,1,search_list,"{""searchListIds"": [1273, 1271, 1270, 1264]}"
1018,28,18569,2025-10-30 17:24:51.68293,1,search_list,"{""searchListIds"": [1273, 1271, 1270, 1264]}"
1019,28,18570,2025-10-30 17:24:51.68293,1,search_list,"{""searchListIds"": [1273, 1271, 1270, 1264]}"
1020,28,18571,2025-10-30 17:24:51.68293,1,search_list,"{""searchListIds"": [1273, 1271, 1270, 1264]}"
1021,28,18562,2025-10-30 17:24:51.68293,1,search_list,"{""searchListIds"": [1273, 1271, 1270, 1264]}"
1022,28,18564,2025-10-30 17:24:51.68293,1,search_list,"{""searchListIds"": [1273, 1271, 1270, 1264]}"
1023,28,23411,2025-10-30 17:24:51.68293,1,search_list,"{""searchListIds"": [1273, 1271, 1270, 1264]}"
1024,28,23572,2025-10-30 17:24:51.68293,1,search_list,"{""searchListIds"": [1273, 1271, 1270, 1264]}"
1025,28,23573,2025-10-30 17:24:51.68293,1,search_list,"{""searchListIds"": [1273, 1271, 1270, 1264]}"
1026,28,23634,2025-10-30 17:24:51.68293,1,search_list,"{""searchListIds"": [1273, 1271, 1270, 1264]}"
1027,28,18548,2025-10-30 17:24:51.68293,1,search_list,"{""searchListIds"": [1273, 1271, 1270, 1264]}"
1028,28,18550,2025-10-30 17:24:51.68293,1,search_list,"{""searchListIds"": [1273, 1271, 1270, 1264]}"
1029,28,18552,2025-10-30 17:24:51.68293,1,search_list,"{""searchListIds"": [1273, 1271, 1270, 1264]}"
1030,28,18553,2025-10-30 17:24:51.68293,1,search_list,"{""searchListIds"": [1273, 1271, 1270, 1264]}"
1031,28,18554,2025-10-30 17:24:51.68293,1,search_list,"{""searchListIds"": [1273, 1271, 1270, 1264]}"
1032,28,18555,2025-10-30 17:24:51.68293,1,search_list,"{""searchListIds"": [1273, 1271, 1270, 1264]}"
1033,28,18547,2025-10-30 17:24:51.68293,1,search_list,"{""searchListIds"": [1273, 1271, 1270, 1264]}"
1034,28,18549,2025-10-30 17:24:51.68293,1,search_list,"{""searchListIds"": [1273, 1271, 1270, 1264]}"
1035,28,18551,2025-10-30 17:24:51.68293,1,search_list,"{""searchListIds"": [1273, 1271, 1270, 1264]}"
1036,28,22547,2025-10-30 17:24:51.68293,1,search_list,"{""searchListIds"": [1273, 1271, 1270, 1264]}"
1037,28,22548,2025-10-30 17:24:51.68293,1,search_list,"{""searchListIds"": [1273, 1271, 1270, 1264]}"
1038,28,22549,2025-10-30 17:24:51.68293,1,search_list,"{""searchListIds"": [1273, 1271, 1270, 1264]}"
1039,28,22947,2025-10-30 17:24:51.68293,1,search_list,"{""searchListIds"": [1273, 1271, 1270, 1264]}"
1040,28,23424,2025-10-30 17:24:51.68293,1,search_list,"{""searchListIds"": [1273, 1271, 1270, 1264]}"
1041,28,23639,2025-10-30 17:24:51.68293,1,search_list,"{""searchListIds"": [1273, 1271, 1270, 1264]}"
1042,28,18556,2025-10-30 17:24:51.68293,1,search_list,"{""searchListIds"": [1273, 1271, 1270, 1264]}"
1043,28,21889,2025-10-30 17:24:51.68293,1,search_list,"{""searchListIds"": [1273, 1271, 1270, 1264]}"
1044,28,18574,2025-10-30 17:24:51.68293,1,search_list,"{""searchListIds"": [1273, 1271, 1270, 1264]}"
1045,28,18573,2025-10-30 17:24:51.68293,1,search_list,"{""searchListIds"": [1273, 1271, 1270, 1264]}"
1046,28,18575,2025-10-30 17:24:51.68293,1,search_list,"{""searchListIds"": [1273, 1271, 1270, 1264]}"
1047,28,18576,2025-10-30 17:24:51.68293,1,search_list,"{""searchListIds"": [1273, 1271, 1270, 1264]}"
1048,28,18577,2025-10-30 17:24:51.68293,1,search_list,"{""searchListIds"": [1273, 1271, 1270, 1264]}"
1049,28,18581,2025-10-30 17:24:51.68293,1,search_list,"{""searchListIds"": [1273, 1271, 1270, 1264]}"
1050,28,18572,2025-10-30 17:24:51.68293,1,search_list,"{""searchListIds"": [1273, 1271, 1270, 1264]}"
1051,28,22546,2025-10-30 17:24:51.68293,1,search_list,"{""searchListIds"": [1273, 1271, 1270, 1264]}"
1052,28,18578,2025-10-30 17:24:51.68293,1,search_list,"{""searchListIds"": [1273, 1271, 1270, 1264]}"
1053,28,18579,2025-10-30 17:24:51.68293,1,search_list,"{""searchListIds"": [1273, 1271, 1270, 1264]}"
1054,28,18580,2025-10-30 17:24:51.68293,1,search_list,"{""searchListIds"": [1273, 1271, 1270, 1264]}"
1055,28,22952,2025-10-30 17:24:51.68293,1,search_list,"{""searchListIds"": [1273, 1271, 1270, 1264]}"
1056,28,23423,2025-10-30 17:24:51.68293,1,search_list,"{""searchListIds"": [1273, 1271, 1270, 1264]}"
1057,28,23579,2025-10-30 17:24:51.68293,1,search_list,"{""searchListIds"": [1273, 1271, 1270, 1264]}"
1058,28,21890,2025-10-30 17:24:51.68293,1,search_list,"{""searchListIds"": [1273, 1271, 1270, 1264]}"
1059,28,23311,2025-10-30 17:24:51.68293,1,search_list,"{""searchListIds"": [1273, 1271, 1270, 1264]}"
1060,28,23312,2025-10-30 17:24:51.68293,1,search_list,"{""searchListIds"": [1273, 1271, 1270, 1264]}"
1061,28,23313,2025-10-30 17:24:51.68293,1,search_list,"{""searchListIds"": [1273, 1271, 1270, 1264]}"
1062,28,23314,2025-10-30 17:24:51.68293,1,search_list,"{""searchListIds"": [1273, 1271, 1270, 1264]}"
1063,28,23315,2025-10-30 17:24:51.68293,1,search_list,"{""searchListIds"": [1273, 1271, 1270, 1264]}"
1064,28,23316,2025-10-30 17:24:51.68293,1,search_list,"{""searchListIds"": [1273, 1271, 1270, 1264]}"
1065,28,23317,2025-10-30 17:24:51.68293,1,search_list,"{""searchListIds"": [1273, 1271, 1270, 1264]}"
1066,28,23318,2025-10-30 17:24:51.68293,1,search_list,"{""searchListIds"": [1273, 1271, 1270, 1264]}"
1067,28,23309,2025-10-30 17:24:51.68293,1,search_list,"{""searchListIds"": [1273, 1271, 1270, 1264]}"
1068,28,23310,2025-10-30 17:24:51.68293,1,search_list,"{""searchListIds"": [1273, 1271, 1270, 1264]}"
1069,28,23425,2025-10-30 17:24:51.68293,1,search_list,"{""searchListIds"": [1273, 1271, 1270, 1264]}"
1070,28,23426,2025-10-30 17:24:51.68293,1,search_list,"{""searchListIds"": [1273, 1271, 1270, 1264]}"
1071,28,23427,2025-10-30 17:24:51.68293,1,search_list,"{""searchListIds"": [1273, 1271, 1270, 1264]}"
1072,28,21891,2025-10-30 17:24:51.68293,1,search_list,"{""searchListIds"": [1273, 1271, 1270, 1264]}"
1073,28,21892,2025-10-30 17:24:51.68293,1,search_list,"{""searchListIds"": [1273, 1271, 1270, 1264]}"
1074,28,18560,2025-10-30 17:24:51.68293,1,search_list,"{""searchListIds"": [1273, 1271, 1270, 1264]}"
1075,28,18561,2025-10-30 17:24:51.68293,1,search_list,"{""searchListIds"": [1273, 1271, 1270, 1264]}"
1076,28,18557,2025-10-30 17:24:51.68293,1,search_list,"{""searchListIds"": [1273, 1271, 1270, 1264]}"
1077,28,18559,2025-10-30 17:24:51.68293,1,search_list,"{""searchListIds"": [1273, 1271, 1270, 1264]}"
1078,28,18558,2025-10-30 17:24:51.68293,1,search_list,"{""searchListIds"": [1273, 1271, 1270, 1264]}"
1079,28,23575,2025-10-30 17:24:51.68293,1,search_list,"{""searchListIds"": [1273, 1271, 1270, 1264]}"
1080,28,21880,2025-10-30 17:24:51.68293,1,search_list,"{""searchListIds"": [1273, 1271, 1270, 1264]}"
1081,28,21881,2025-10-30 17:24:51.68293,1,search_list,"{""searchListIds"": [1273, 1271, 1270, 1264]}"
1082,28,18473,2025-10-30 17:24:51.68293,1,search_list,"{""searchListIds"": [1273, 1271, 1270, 1264]}"
1083,28,18474,2025-10-30 17:24:51.68293,1,search_list,"{""searchListIds"": [1273, 1271, 1270, 1264]}"
1084,28,18475,2025-10-30 17:24:51.68293,1,search_list,"{""searchListIds"": [1273, 1271, 1270, 1264]}"
1085,28,18476,2025-10-30 17:24:51.68293,1,search_list,"{""searchListIds"": [1273, 1271, 1270, 1264]}"
1086,28,18479,2025-10-30 17:24:51.68293,1,search_list,"{""searchListIds"": [1273, 1271, 1270, 1264]}"
1087,28,18480,2025-10-30 17:24:51.68293,1,search_list,"{""searchListIds"": [1273, 1271, 1270, 1264]}"
1088,28,18481,2025-10-30 17:24:51.68293,1,search_list,"{""searchListIds"": [1273, 1271, 1270, 1264]}"
1089,28,18472,2025-10-30 17:24:51.68293,1,search_list,"{""searchListIds"": [1273, 1271, 1270, 1264]}"
1090,28,21994,2025-10-30 17:24:51.68293,1,search_list,"{""searchListIds"": [1273, 1271, 1270, 1264]}"
1091,28,18477,2025-10-30 17:24:51.68293,1,search_list,"{""searchListIds"": [1273, 1271, 1270, 1264]}"
1092,28,21078,2025-10-30 17:24:51.68293,1,search_list,"{""searchListIds"": [1273, 1271, 1270, 1264]}"
1093,28,21079,2025-10-30 17:24:51.68293,1,search_list,"{""searchListIds"": [1273, 1271, 1270, 1264]}"
1094,28,21080,2025-10-30 17:24:51.68293,1,search_list,"{""searchListIds"": [1273, 1271, 1270, 1264]}"
1095,28,21081,2025-10-30 17:24:51.68293,1,search_list,"{""searchListIds"": [1273, 1271, 1270, 1264]}"
1096,28,18478,2025-10-30 17:24:51.68293,1,search_list,"{""searchListIds"": [1273, 1271, 1270, 1264]}"
1097,28,22442,2025-10-30 17:24:51.68293,1,search_list,"{""searchListIds"": [1273, 1271, 1270, 1264]}"
1098,28,22443,2025-10-30 17:24:51.68293,1,search_list,"{""searchListIds"": [1273, 1271, 1270, 1264]}"
1099,28,18469,2025-10-30 17:24:51.68293,1,search_list,"{""searchListIds"": [1273, 1271, 1270, 1264]}"
1100,28,18471,2025-10-30 17:24:51.68293,1,search_list,"{""searchListIds"": [1273, 1271, 1270, 1264]}"
1101,28,18468,2025-10-30 17:24:51.68293,1,search_list,"{""searchListIds"": [1273, 1271, 1270, 1264]}"
1102,28,18470,2025-10-30 17:24:51.68293,1,search_list,"{""searchListIds"": [1273, 1271, 1270, 1264]}"
1103,28,21074,2025-10-30 17:24:51.68293,1,search_list,"{""searchListIds"": [1273, 1271, 1270, 1264]}"
1104,28,21075,2025-10-30 17:24:51.68293,1,search_list,"{""searchListIds"": [1273, 1271, 1270, 1264]}"
1105,28,21076,2025-10-30 17:24:51.68293,1,search_list,"{""searchListIds"": [1273, 1271, 1270, 1264]}"
1106,28,21077,2025-10-30 17:24:51.68293,1,search_list,"{""searchListIds"": [1273, 1271, 1270, 1264]}"
1107,28,21071,2025-10-30 17:24:51.68293,1,search_list,"{""searchListIds"": [1273, 1271, 1270, 1264]}"
1108,28,21072,2025-10-30 17:24:51.68293,1,search_list,"{""searchListIds"": [1273, 1271, 1270, 1264]}"
1109,28,21073,2025-10-30 17:24:51.68293,1,search_list,"{""searchListIds"": [1273, 1271, 1270, 1264]}"
1110,28,21056,2025-10-30 17:24:51.68293,1,search_list,"{""searchListIds"": [1273, 1271, 1270, 1264]}"
1111,28,18464,2025-10-30 17:24:51.68293,1,search_list,"{""searchListIds"": [1273, 1271, 1270, 1264]}"
1112,28,18467,2025-10-30 17:24:51.68293,1,search_list,"{""searchListIds"": [1273, 1271, 1270, 1264]}"
1113,28,18465,2025-10-30 17:24:51.68293,1,search_list,"{""searchListIds"": [1273, 1271, 1270, 1264]}"
1114,28,18466,2025-10-30 17:24:51.68293,1,search_list,"{""searchListIds"": [1273, 1271, 1270, 1264]}"
1115,28,21995,2025-10-30 17:24:51.68293,1,search_list,"{""searchListIds"": [1273, 1271, 1270, 1264]}"
1116,28,21055,2025-10-30 17:24:51.68293,1,search_list,"{""searchListIds"": [1273, 1271, 1270, 1264]}"
1117,28,18496,2025-10-30 17:24:51.68293,1,search_list,"{""searchListIds"": [1273, 1271, 1270, 1264]}"
1118,28,18497,2025-10-30 17:24:51.68293,1,search_list,"{""searchListIds"": [1273, 1271, 1270, 1264]}"
1119,28,18498,2025-10-30 17:24:51.68293,1,search_list,"{""searchListIds"": [1273, 1271, 1270, 1264]}"
1120,28,18499,2025-10-30 17:24:51.68293,1,search_list,"{""searchListIds"": [1273, 1271, 1270, 1264]}"
1121,28,18500,2025-10-30 17:24:51.68293,1,search_list,"{""searchListIds"": [1273, 1271, 1270, 1264]}"
1122,28,18501,2025-10-30 17:24:51.68293,1,search_list,"{""searchListIds"": [1273, 1271, 1270, 1264]}"
1123,28,18502,2025-10-30 17:24:51.68293,1,search_list,"{""searchListIds"": [1273, 1271, 1270, 1264]}"
1124,28,18495,2025-10-30 17:24:51.68293,1,search_list,"{""searchListIds"": [1273, 1271, 1270, 1264]}"
1125,28,18493,2025-10-30 17:24:51.68293,1,search_list,"{""searchListIds"": [1273, 1271, 1270, 1264]}"
1126,28,18494,2025-10-30 17:24:51.68293,1,search_list,"{""searchListIds"": [1273, 1271, 1270, 1264]}"
1127,28,23150,2025-10-30 17:24:51.68293,1,search_list,"{""searchListIds"": [1273, 1271, 1270, 1264]}"
1128,28,23151,2025-10-30 17:24:51.68293,1,search_list,"{""searchListIds"": [1273, 1271, 1270, 1264]}"
1129,28,18483,2025-10-30 17:24:51.68293,1,search_list,"{""searchListIds"": [1273, 1271, 1270, 1264]}"
1130,28,18488,2025-10-30 17:24:51.68293,1,search_list,"{""searchListIds"": [1273, 1271, 1270, 1264]}"
1131,28,18489,2025-10-30 17:24:51.68293,1,search_list,"{""searchListIds"": [1273, 1271, 1270, 1264]}"
1132,28,18491,2025-10-30 17:24:51.68293,1,search_list,"{""searchListIds"": [1273, 1271, 1270, 1264]}"
1133,28,18485,2025-10-30 17:24:51.68293,1,search_list,"{""searchListIds"": [1273, 1271, 1270, 1264]}"
1134,28,18486,2025-10-30 17:24:51.68293,1,search_list,"{""searchListIds"": [1273, 1271, 1270, 1264]}"
1135,28,18487,2025-10-30 17:24:51.68293,1,search_list,"{""searchListIds"": [1273, 1271, 1270, 1264]}"
1136,28,18492,2025-10-30 17:24:51.68293,1,search_list,"{""searchListIds"": [1273, 1271, 1270, 1264]}"
1137,28,18484,2025-10-30 17:24:51.68293,1,search_list,"{""searchListIds"": [1273, 1271, 1270, 1264]}"
1138,28,22460,2025-10-30 17:24:51.68293,1,search_list,"{""searchListIds"": [1273, 1271, 1270, 1264]}"
1139,28,18490,2025-10-30 17:24:51.68293,1,search_list,"{""searchListIds"": [1273, 1271, 1270, 1264]}"
1140,28,23548,2025-10-30 17:24:51.68293,1,search_list,"{""searchListIds"": [1273, 1271, 1270, 1264]}"
1141,28,23549,2025-10-30 17:24:51.68293,1,search_list,"{""searchListIds"": [1273, 1271, 1270, 1264]}"
1142,28,23550,2025-10-30 17:24:51.68293,1,search_list,"{""searchListIds"": [1273, 1271, 1270, 1264]}"
1143,28,23551,2025-10-30 17:24:51.68293,1,search_list,"{""searchListIds"": [1273, 1271, 1270, 1264]}"
1144,28,18482,2025-10-30 17:24:51.68293,1,search_list,"{""searchListIds"": [1273, 1271, 1270, 1264]}"
1145,28,22024,2025-10-30 17:24:51.68293,1,search_list,"{""searchListIds"": [1273, 1271, 1270, 1264]}"
1146,28,23552,2025-10-30 17:24:51.68293,1,search_list,"{""searchListIds"": [1273, 1271, 1270, 1264]}"
1147,28,23553,2025-10-30 17:24:51.68293,1,search_list,"{""searchListIds"": [1273, 1271, 1270, 1264]}"
1148,28,23554,2025-10-30 17:24:51.68293,1,search_list,"{""searchListIds"": [1273, 1271, 1270, 1264]}"
1149,28,23555,2025-10-30 17:24:51.68293,1,search_list,"{""searchListIds"": [1273, 1271, 1270, 1264]}"
1150,28,23556,2025-10-30 17:24:51.68293,1,search_list,"{""searchListIds"": [1273, 1271, 1270, 1264]}"
1151,28,23557,2025-10-30 17:24:51.68293,1,search_list,"{""searchListIds"": [1273, 1271, 1270, 1264]}"
1152,28,23558,2025-10-30 17:24:51.68293,1,search_list,"{""searchListIds"": [1273, 1271, 1270, 1264]}"
1153,28,23559,2025-10-30 17:24:51.68293,1,search_list,"{""searchListIds"": [1273, 1271, 1270, 1264]}"
1154,28,23560,2025-10-30 17:24:51.68293,1,search_list,"{""searchListIds"": [1273, 1271, 1270, 1264]}"
1155,29,388,2025-10-31 07:39:13.068147,5,manual,
1156,29,451,2025-10-31 07:39:13.068147,5,manual,
1157,32,16470,2025-10-31 20:47:50.919851,1,search_list,"{""currentListId"": 1304}"
1158,32,16471,2025-10-31 20:47:50.919851,1,search_list,"{""currentListId"": 1304}"
1159,32,16473,2025-10-31 20:47:50.919851,1,search_list,"{""currentListId"": 1304}"
1160,32,16474,2025-10-31 20:47:50.919851,1,search_list,"{""currentListId"": 1304}"
1161,32,16685,2025-10-31 20:47:50.919851,1,search_list,"{""currentListId"": 1304}"
1162,32,16686,2025-10-31 20:47:50.919851,1,search_list,"{""currentListId"": 1304}"
1163,32,16850,2025-10-31 20:47:50.919851,1,search_list,"{""currentListId"": 1304}"
1164,32,16852,2025-10-31 20:47:50.919851,1,search_list,"{""currentListId"": 1304}"
1165,32,16853,2025-10-31 20:47:50.919851,1,search_list,"{""currentListId"": 1304}"
1166,32,17194,2025-10-31 20:47:50.919851,1,search_list,"{""currentListId"": 1304}"
1167,32,17195,2025-10-31 20:47:50.919851,1,search_list,"{""currentListId"": 1304}"
1168,32,22238,2025-10-31 20:47:50.919851,1,search_list,"{""currentListId"": 1304}"
1169,32,15615,2025-10-31 20:47:50.919851,1,search_list,"{""currentListId"": 1304}"
1170,32,15616,2025-10-31 20:47:50.919851,1,search_list,"{""currentListId"": 1304}"
1171,32,15613,2025-10-31 20:47:50.919851,1,search_list,"{""currentListId"": 1304}"
1172,32,15614,2025-10-31 20:47:50.919851,1,search_list,"{""currentListId"": 1304}"
1173,32,15612,2025-10-31 20:47:50.919851,1,search_list,"{""currentListId"": 1304}"
1174,32,15861,2025-10-31 20:47:50.919851,1,search_list,"{""currentListId"": 1304}"
1175,32,15862,2025-10-31 20:47:50.919851,1,search_list,"{""currentListId"": 1304}"
1176,32,15863,2025-10-31 20:47:50.919851,1,search_list,"{""currentListId"": 1304}"
1177,32,15864,2025-10-31 20:47:50.919851,1,search_list,"{""currentListId"": 1304}"
1178,32,15617,2025-10-31 20:47:50.919851,1,search_list,"{""currentListId"": 1304}"
1179,32,15865,2025-10-31 20:47:50.919851,1,search_list,"{""currentListId"": 1304}"
1180,32,15866,2025-10-31 20:47:50.919851,1,search_list,"{""currentListId"": 1304}"
1181,32,22671,2025-10-31 20:47:50.919851,1,search_list,"{""currentListId"": 1304}"
1182,32,21471,2025-10-31 20:47:50.919851,1,search_list,"{""currentListId"": 1304}"
1183,32,22672,2025-10-31 20:47:50.919851,1,search_list,"{""currentListId"": 1304}"
1184,32,16472,2025-10-31 20:47:50.919851,1,search_list,"{""currentListId"": 1304}"
1185,32,15618,2025-10-31 20:47:50.919851,1,search_list,"{""currentListId"": 1304}"
1186,32,23602,2025-10-31 20:47:50.919851,1,search_list,"{""currentListId"": 1304}"
1187,32,16704,2025-10-31 20:47:50.919851,1,search_list,"{""currentListId"": 1304}"
1188,32,16705,2025-10-31 20:47:50.919851,1,search_list,"{""currentListId"": 1304}"
1189,32,16706,2025-10-31 20:47:50.919851,1,search_list,"{""currentListId"": 1304}"
1190,32,16707,2025-10-31 20:47:50.919851,1,search_list,"{""currentListId"": 1304}"
1191,32,16708,2025-10-31 20:47:50.919851,1,search_list,"{""currentListId"": 1304}"
1192,32,16709,2025-10-31 20:47:50.919851,1,search_list,"{""currentListId"": 1304}"
1193,32,22248,2025-10-31 20:47:50.919851,1,search_list,"{""currentListId"": 1304}"
1194,32,22249,2025-10-31 20:47:50.919851,1,search_list,"{""currentListId"": 1304}"
1195,32,15598,2025-10-31 20:47:50.919851,1,search_list,"{""currentListId"": 1304}"
1196,32,15599,2025-10-31 20:47:50.919851,1,search_list,"{""currentListId"": 1304}"
1197,32,15600,2025-10-31 20:47:50.919851,1,search_list,"{""currentListId"": 1304}"
1198,32,21461,2025-10-31 20:47:50.919851,1,search_list,"{""currentListId"": 1304}"
1199,32,21463,2025-10-31 20:47:50.919851,1,search_list,"{""currentListId"": 1304}"
1200,32,23271,2025-10-31 20:47:50.919851,1,search_list,"{""currentListId"": 1304}"
1201,32,23272,2025-10-31 20:47:50.919851,1,search_list,"{""currentListId"": 1304}"
1202,32,23273,2025-10-31 20:47:50.919851,1,search_list,"{""currentListId"": 1304}"
1203,32,23274,2025-10-31 20:47:50.919851,1,search_list,"{""currentListId"": 1304}"
1204,32,23275,2025-10-31 20:47:50.919851,1,search_list,"{""currentListId"": 1304}"
1205,32,23601,2025-10-31 20:47:50.919851,1,search_list,"{""currentListId"": 1304}"
1206,32,16468,2025-10-31 20:47:50.919851,1,search_list,"{""currentListId"": 1304}"
1207,32,16469,2025-10-31 20:47:50.919851,1,search_list,"{""currentListId"": 1304}"
1208,32,15620,2025-10-31 20:47:50.919851,1,search_list,"{""currentListId"": 1304}"
1209,32,17199,2025-10-31 20:47:50.919851,1,search_list,"{""currentListId"": 1304}"
1210,32,17198,2025-10-31 20:47:50.919851,1,search_list,"{""currentListId"": 1304}"
1211,32,15621,2025-10-31 20:47:50.919851,1,search_list,"{""currentListId"": 1304}"
1212,32,15622,2025-10-31 20:47:50.919851,1,search_list,"{""currentListId"": 1304}"
1213,32,15623,2025-10-31 20:47:50.919851,1,search_list,"{""currentListId"": 1304}"
1214,32,15624,2025-10-31 20:47:50.919851,1,search_list,"{""currentListId"": 1304}"
1215,32,15625,2025-10-31 20:47:50.919851,1,search_list,"{""currentListId"": 1304}"
1216,32,15626,2025-10-31 20:47:50.919851,1,search_list,"{""currentListId"": 1304}"
1217,32,15627,2025-10-31 20:47:50.919851,1,search_list,"{""currentListId"": 1304}"
1218,32,15628,2025-10-31 20:47:50.919851,1,search_list,"{""currentListId"": 1304}"
1219,32,15619,2025-10-31 20:47:50.919851,1,search_list,"{""currentListId"": 1304}"
1220,32,22665,2025-10-31 20:47:50.919851,1,search_list,"{""currentListId"": 1304}"
1221,32,22666,2025-10-31 20:47:50.919851,1,search_list,"{""currentListId"": 1304}"
1222,32,21447,2025-10-31 20:47:50.919851,1,search_list,"{""currentListId"": 1304}"
1223,32,22667,2025-10-31 20:47:50.919851,1,search_list,"{""currentListId"": 1304}"
1224,32,16475,2025-10-31 20:47:50.919851,1,search_list,"{""currentListId"": 1304}"
1225,32,16476,2025-10-31 20:47:50.919851,1,search_list,"{""currentListId"": 1304}"
1226,32,22239,2025-10-31 20:47:50.919851,1,search_list,"{""currentListId"": 1304}"
1227,32,15604,2025-10-31 20:47:50.919851,1,search_list,"{""currentListId"": 1304}"
1228,32,15605,2025-10-31 20:47:50.919851,1,search_list,"{""currentListId"": 1304}"
1229,32,15606,2025-10-31 20:47:50.919851,1,search_list,"{""currentListId"": 1304}"
1230,32,15867,2025-10-31 20:47:50.919851,1,search_list,"{""currentListId"": 1304}"
1231,32,15868,2025-10-31 20:47:50.919851,1,search_list,"{""currentListId"": 1304}"
1232,32,15869,2025-10-31 20:47:50.919851,1,search_list,"{""currentListId"": 1304}"
1233,32,21460,2025-10-31 20:47:50.919851,1,search_list,"{""currentListId"": 1304}"
1234,32,21462,2025-10-31 20:47:50.919851,1,search_list,"{""currentListId"": 1304}"
1235,32,23147,2025-10-31 20:47:50.919851,1,search_list,"{""currentListId"": 1304}"
1236,32,23148,2025-10-31 20:47:50.919851,1,search_list,"{""currentListId"": 1304}"
1237,32,21452,2025-10-31 20:47:50.919851,1,search_list,"{""currentListId"": 1304}"
1238,32,15607,2025-10-31 20:47:50.919851,1,search_list,"{""currentListId"": 1304}"
1239,32,15610,2025-10-31 20:47:50.919851,1,search_list,"{""currentListId"": 1304}"
1240,32,15608,2025-10-31 20:47:50.919851,1,search_list,"{""currentListId"": 1304}"
1241,32,15609,2025-10-31 20:47:50.919851,1,search_list,"{""currentListId"": 1304}"
1242,32,15611,2025-10-31 20:47:50.919851,1,search_list,"{""currentListId"": 1304}"
1243,32,21453,2025-10-31 20:47:50.919851,1,search_list,"{""currentListId"": 1304}"
1244,32,21454,2025-10-31 20:47:50.919851,1,search_list,"{""currentListId"": 1304}"
1245,32,21455,2025-10-31 20:47:50.919851,1,search_list,"{""currentListId"": 1304}"
1246,32,23269,2025-10-31 20:47:50.919851,1,search_list,"{""currentListId"": 1304}"
1247,32,16954,2025-10-31 20:47:50.919851,1,search_list,"{""currentListId"": 1304}"
1248,32,15602,2025-10-31 20:47:50.919851,1,search_list,"{""currentListId"": 1304}"
1249,32,15603,2025-10-31 20:47:50.919851,1,search_list,"{""currentListId"": 1304}"
1250,32,15601,2025-10-31 20:47:50.919851,1,search_list,"{""currentListId"": 1304}"
1251,32,21459,2025-10-31 20:47:50.919851,1,search_list,"{""currentListId"": 1304}"
1252,32,15629,2025-10-31 20:47:50.919851,1,search_list,"{""currentListId"": 1304}"
1253,32,15630,2025-10-31 20:47:50.919851,1,search_list,"{""currentListId"": 1304}"
1254,32,21458,2025-10-31 20:47:50.919851,1,search_list,"{""currentListId"": 1304}"
1255,32,23149,2025-10-31 20:47:50.919851,1,search_list,"{""currentListId"": 1304}"
1256,33,23679,2025-10-31 20:51:48.302558,1,search_list,"{""searchListIds"": [1303]}"
1257,33,23671,2025-10-31 20:51:48.302558,1,search_list,"{""searchListIds"": [1303]}"
1258,33,23675,2025-10-31 20:51:48.302558,1,search_list,"{""searchListIds"": [1303]}"
1259,33,23677,2025-10-31 20:51:48.302558,1,search_list,"{""searchListIds"": [1303]}"
1260,33,23669,2025-10-31 20:51:48.302558,1,search_list,"{""searchListIds"": [1303]}"
1261,33,23673,2025-10-31 20:51:48.302558,1,search_list,"{""searchListIds"": [1303]}"
1262,33,23668,2025-10-31 20:51:48.302558,1,search_list,"{""searchListIds"": [1303]}"
1263,33,23670,2025-10-31 20:51:48.302558,1,search_list,"{""searchListIds"": [1303]}"
1264,33,23672,2025-10-31 20:51:48.302558,1,search_list,"{""searchListIds"": [1303]}"
1265,33,23674,2025-10-31 20:51:48.302558,1,search_list,"{""searchListIds"": [1303]}"
1266,33,23666,2025-10-31 20:51:48.302558,1,search_list,"{""searchListIds"": [1303]}"
1267,33,23667,2025-10-31 20:51:48.302558,1,search_list,"{""searchListIds"": [1303]}"
1268,33,23676,2025-10-31 20:51:48.302558,1,search_list,"{""searchListIds"": [1303]}"
1269,33,23678,2025-10-31 20:51:48.302558,1,search_list,"{""searchListIds"": [1303]}"
1270,33,23680,2025-10-31 20:51:48.302558,1,search_list,"{""searchListIds"": [1303]}"
1271,33,23683,2025-10-31 20:51:48.302558,1,search_list,"{""searchListIds"": [1303]}"
1272,33,23684,2025-10-31 20:51:48.302558,1,search_list,"{""searchListIds"": [1303]}"
1273,33,23685,2025-10-31 20:51:48.302558,1,search_list,"{""searchListIds"": [1303]}"
1274,33,23686,2025-10-31 20:51:48.302558,1,search_list,"{""searchListIds"": [1303]}"
1275,33,23687,2025-10-31 20:51:48.302558,1,search_list,"{""searchListIds"": [1303]}"
1276,33,23681,2025-10-31 20:51:48.302558,1,search_list,"{""searchListIds"": [1303]}"
1277,33,23682,2025-10-31 20:51:48.302558,1,search_list,"{""searchListIds"": [1303]}"
1278,33,18473,2025-10-31 20:51:48.302558,1,search_list,"{""searchListIds"": [1303]}"
1279,33,18474,2025-10-31 20:51:48.302558,1,search_list,"{""searchListIds"": [1303]}"
1280,33,18475,2025-10-31 20:51:48.302558,1,search_list,"{""searchListIds"": [1303]}"
1281,33,18476,2025-10-31 20:51:48.302558,1,search_list,"{""searchListIds"": [1303]}"
1282,33,18479,2025-10-31 20:51:48.302558,1,search_list,"{""searchListIds"": [1303]}"
1283,33,18480,2025-10-31 20:51:48.302558,1,search_list,"{""searchListIds"": [1303]}"
1284,33,18481,2025-10-31 20:51:48.302558,1,search_list,"{""searchListIds"": [1303]}"
1285,33,18472,2025-10-31 20:51:48.302558,1,search_list,"{""searchListIds"": [1303]}"
1286,33,21994,2025-10-31 20:51:48.302558,1,search_list,"{""searchListIds"": [1303]}"
1287,33,18477,2025-10-31 20:51:48.302558,1,search_list,"{""searchListIds"": [1303]}"
1288,33,21078,2025-10-31 20:51:48.302558,1,search_list,"{""searchListIds"": [1303]}"
1289,33,21079,2025-10-31 20:51:48.302558,1,search_list,"{""searchListIds"": [1303]}"
1290,33,21080,2025-10-31 20:51:48.302558,1,search_list,"{""searchListIds"": [1303]}"
1291,33,21081,2025-10-31 20:51:48.302558,1,search_list,"{""searchListIds"": [1303]}"
1292,33,18478,2025-10-31 20:51:48.302558,1,search_list,"{""searchListIds"": [1303]}"
1293,33,22442,2025-10-31 20:51:48.302558,1,search_list,"{""searchListIds"": [1303]}"
1294,33,22443,2025-10-31 20:51:48.302558,1,search_list,"{""searchListIds"": [1303]}"
1295,33,18469,2025-10-31 20:51:48.302558,1,search_list,"{""searchListIds"": [1303]}"
1296,33,18471,2025-10-31 20:51:48.302558,1,search_list,"{""searchListIds"": [1303]}"
1297,33,18468,2025-10-31 20:51:48.302558,1,search_list,"{""searchListIds"": [1303]}"
1298,33,18470,2025-10-31 20:51:48.302558,1,search_list,"{""searchListIds"": [1303]}"
1299,33,21074,2025-10-31 20:51:48.302558,1,search_list,"{""searchListIds"": [1303]}"
1300,33,21075,2025-10-31 20:51:48.302558,1,search_list,"{""searchListIds"": [1303]}"
1301,33,21076,2025-10-31 20:51:48.302558,1,search_list,"{""searchListIds"": [1303]}"
1302,33,21077,2025-10-31 20:51:48.302558,1,search_list,"{""searchListIds"": [1303]}"
1303,33,21071,2025-10-31 20:51:48.302558,1,search_list,"{""searchListIds"": [1303]}"
1304,33,21072,2025-10-31 20:51:48.302558,1,search_list,"{""searchListIds"": [1303]}"
1305,33,21073,2025-10-31 20:51:48.302558,1,search_list,"{""searchListIds"": [1303]}"
1306,33,21056,2025-10-31 20:51:48.302558,1,search_list,"{""searchListIds"": [1303]}"
1307,33,18464,2025-10-31 20:51:48.302558,1,search_list,"{""searchListIds"": [1303]}"
1308,33,18467,2025-10-31 20:51:48.302558,1,search_list,"{""searchListIds"": [1303]}"
1309,33,18465,2025-10-31 20:51:48.302558,1,search_list,"{""searchListIds"": [1303]}"
1310,33,18466,2025-10-31 20:51:48.302558,1,search_list,"{""searchListIds"": [1303]}"
1311,33,21995,2025-10-31 20:51:48.302558,1,search_list,"{""searchListIds"": [1303]}"
1312,33,21055,2025-10-31 20:51:48.302558,1,search_list,"{""searchListIds"": [1303]}"
1313,33,18483,2025-10-31 20:51:48.302558,1,search_list,"{""searchListIds"": [1303]}"
1314,33,18488,2025-10-31 20:51:48.302558,1,search_list,"{""searchListIds"": [1303]}"
1315,33,18489,2025-10-31 20:51:48.302558,1,search_list,"{""searchListIds"": [1303]}"
1316,33,18491,2025-10-31 20:51:48.302558,1,search_list,"{""searchListIds"": [1303]}"
1317,33,18485,2025-10-31 20:51:48.302558,1,search_list,"{""searchListIds"": [1303]}"
1318,33,18486,2025-10-31 20:51:48.302558,1,search_list,"{""searchListIds"": [1303]}"
1319,33,18487,2025-10-31 20:51:48.302558,1,search_list,"{""searchListIds"": [1303]}"
1320,33,18492,2025-10-31 20:51:48.302558,1,search_list,"{""searchListIds"": [1303]}"
1321,33,18484,2025-10-31 20:51:48.302558,1,search_list,"{""searchListIds"": [1303]}"
1322,33,22460,2025-10-31 20:51:48.302558,1,search_list,"{""searchListIds"": [1303]}"
1323,33,18490,2025-10-31 20:51:48.302558,1,search_list,"{""searchListIds"": [1303]}"
1324,33,23548,2025-10-31 20:51:48.302558,1,search_list,"{""searchListIds"": [1303]}"
1325,33,23549,2025-10-31 20:51:48.302558,1,search_list,"{""searchListIds"": [1303]}"
1326,33,23550,2025-10-31 20:51:48.302558,1,search_list,"{""searchListIds"": [1303]}"
1327,33,23551,2025-10-31 20:51:48.302558,1,search_list,"{""searchListIds"": [1303]}"
1328,33,18496,2025-10-31 20:51:48.302558,1,search_list,"{""searchListIds"": [1303]}"
1329,33,18497,2025-10-31 20:51:48.302558,1,search_list,"{""searchListIds"": [1303]}"
1330,33,18498,2025-10-31 20:51:48.302558,1,search_list,"{""searchListIds"": [1303]}"
1331,33,18499,2025-10-31 20:51:48.302558,1,search_list,"{""searchListIds"": [1303]}"
1332,33,18500,2025-10-31 20:51:48.302558,1,search_list,"{""searchListIds"": [1303]}"
1333,33,18501,2025-10-31 20:51:48.302558,1,search_list,"{""searchListIds"": [1303]}"
1334,33,18502,2025-10-31 20:51:48.302558,1,search_list,"{""searchListIds"": [1303]}"
1335,33,18495,2025-10-31 20:51:48.302558,1,search_list,"{""searchListIds"": [1303]}"
1336,33,18493,2025-10-31 20:51:48.302558,1,search_list,"{""searchListIds"": [1303]}"
1337,33,18494,2025-10-31 20:51:48.302558,1,search_list,"{""searchListIds"": [1303]}"
1338,33,23150,2025-10-31 20:51:48.302558,1,search_list,"{""searchListIds"": [1303]}"
1339,33,23151,2025-10-31 20:51:48.302558,1,search_list,"{""searchListIds"": [1303]}"
1340,33,18482,2025-10-31 20:51:48.302558,1,search_list,"{""searchListIds"": [1303]}"
1341,33,22024,2025-10-31 20:51:48.302558,1,search_list,"{""searchListIds"": [1303]}"
1342,33,23552,2025-10-31 20:51:48.302558,1,search_list,"{""searchListIds"": [1303]}"
1343,33,23553,2025-10-31 20:51:48.302558,1,search_list,"{""searchListIds"": [1303]}"
1344,33,23554,2025-10-31 20:51:48.302558,1,search_list,"{""searchListIds"": [1303]}"
1345,33,23555,2025-10-31 20:51:48.302558,1,search_list,"{""searchListIds"": [1303]}"
1346,33,23556,2025-10-31 20:51:48.302558,1,search_list,"{""searchListIds"": [1303]}"
1347,33,23557,2025-10-31 20:51:48.302558,1,search_list,"{""searchListIds"": [1303]}"
1348,33,23558,2025-10-31 20:51:48.302558,1,search_list,"{""searchListIds"": [1303]}"
1349,33,23559,2025-10-31 20:51:48.302558,1,search_list,"{""searchListIds"": [1303]}"
1350,33,23560,2025-10-31 20:51:48.302558,1,search_list,"{""searchListIds"": [1303]}"
1351,34,25294,2025-11-01 05:33:56.300985,1,search_list,"{""searchListIds"": [1313]}"
1352,34,25295,2025-11-01 05:33:56.300985,1,search_list,"{""searchListIds"": [1313]}"
1353,34,25296,2025-11-01 05:33:56.300985,1,search_list,"{""searchListIds"": [1313]}"
1354,34,25297,2025-11-01 05:33:56.300985,1,search_list,"{""searchListIds"": [1313]}"
1355,34,25298,2025-11-01 05:33:56.300985,1,search_list,"{""searchListIds"": [1313]}"
1356,34,25299,2025-11-01 05:33:56.300985,1,search_list,"{""searchListIds"": [1313]}"
1357,34,25300,2025-11-01 05:33:56.300985,1,search_list,"{""searchListIds"": [1313]}"
1358,34,25301,2025-11-01 05:33:56.300985,1,search_list,"{""searchListIds"": [1313]}"
1359,34,25292,2025-11-01 05:33:56.300985,1,search_list,"{""searchListIds"": [1313]}"
1360,34,25293,2025-11-01 05:33:56.300985,1,search_list,"{""searchListIds"": [1313]}"
1361,34,25277,2025-11-01 05:33:56.300985,1,search_list,"{""searchListIds"": [1313]}"
1362,34,25278,2025-11-01 05:33:56.300985,1,search_list,"{""searchListIds"": [1313]}"
1363,34,25279,2025-11-01 05:33:56.300985,1,search_list,"{""searchListIds"": [1313]}"
1364,34,25280,2025-11-01 05:33:56.300985,1,search_list,"{""searchListIds"": [1313]}"
1365,34,25274,2025-11-01 05:33:56.300985,1,search_list,"{""searchListIds"": [1313]}"
1366,34,25275,2025-11-01 05:33:56.300985,1,search_list,"{""searchListIds"": [1313]}"
1367,34,25276,2025-11-01 05:33:56.300985,1,search_list,"{""searchListIds"": [1313]}"
1368,34,25288,2025-11-01 05:33:56.300985,1,search_list,"{""searchListIds"": [1313]}"
1369,34,25289,2025-11-01 05:33:56.300985,1,search_list,"{""searchListIds"": [1313]}"
1370,34,25290,2025-11-01 05:33:56.300985,1,search_list,"{""searchListIds"": [1313]}"
1371,34,25291,2025-11-01 05:33:56.300985,1,search_list,"{""searchListIds"": [1313]}"
1372,34,25286,2025-11-01 05:33:56.300985,1,search_list,"{""searchListIds"": [1313]}"
1373,34,25287,2025-11-01 05:33:56.300985,1,search_list,"{""searchListIds"": [1313]}"
1374,34,25270,2025-11-01 05:33:56.300985,1,search_list,"{""searchListIds"": [1313]}"
1375,34,25272,2025-11-01 05:33:56.300985,1,search_list,"{""searchListIds"": [1313]}"
1376,34,25266,2025-11-01 05:33:56.300985,1,search_list,"{""searchListIds"": [1313]}"
1377,34,25268,2025-11-01 05:33:56.300985,1,search_list,"{""searchListIds"": [1313]}"
1378,34,25273,2025-11-01 05:33:56.300985,1,search_list,"{""searchListIds"": [1313]}"
1379,34,25284,2025-11-01 05:33:56.300985,1,search_list,"{""searchListIds"": [1313]}"
1380,34,25285,2025-11-01 05:33:56.300985,1,search_list,"{""searchListIds"": [1313]}"
1381,34,25281,2025-11-01 05:33:56.300985,1,search_list,"{""searchListIds"": [1313]}"
1382,34,25282,2025-11-01 05:33:56.300985,1,search_list,"{""searchListIds"": [1313]}"
1383,34,25283,2025-11-01 05:33:56.300985,1,search_list,"{""searchListIds"": [1313]}"
1384,34,25265,2025-11-01 05:33:56.300985,1,search_list,"{""searchListIds"": [1313]}"
1385,34,25271,2025-11-01 05:33:56.300985,1,search_list,"{""searchListIds"": [1313]}"
1386,34,25269,2025-11-01 05:33:56.300985,1,search_list,"{""searchListIds"": [1313]}"
1387,34,25267,2025-11-01 05:33:56.300985,1,search_list,"{""searchListIds"": [1313]}"
1388,34,25263,2025-11-01 05:33:56.300985,1,search_list,"{""searchListIds"": [1313]}"
1389,34,25264,2025-11-01 05:33:56.300985,1,search_list,"{""searchListIds"": [1313]}"
1390,34,25262,2025-11-01 05:33:56.300985,1,search_list,"{""searchListIds"": [1313]}"
1432,37,27190,2025-11-02 16:03:23.07375,1,search_list,"{""searchListIds"": [1334]}"
1433,37,27303,2025-11-02 16:03:23.07375,1,search_list,"{""searchListIds"": [1334]}"
1434,37,27304,2025-11-02 16:03:23.07375,1,search_list,"{""searchListIds"": [1334]}"
1435,37,27305,2025-11-02 16:03:23.07375,1,search_list,"{""searchListIds"": [1334]}"
1436,37,27306,2025-11-02 16:03:23.07375,1,search_list,"{""searchListIds"": [1334]}"
1437,37,27380,2025-11-02 16:03:23.07375,1,search_list,"{""searchListIds"": [1334]}"
1438,37,27547,2025-11-02 16:03:23.07375,1,search_list,"{""searchListIds"": [1334]}"
1439,37,27545,2025-11-02 16:03:23.07375,1,search_list,"{""searchListIds"": [1334]}"
1440,37,27546,2025-11-02 16:03:23.07375,1,search_list,"{""searchListIds"": [1334]}"
1441,37,27548,2025-11-02 16:03:23.07375,1,search_list,"{""searchListIds"": [1334]}"
1442,37,27549,2025-11-02 16:03:23.07375,1,search_list,"{""searchListIds"": [1334]}"
1443,37,27550,2025-11-02 16:03:23.07375,1,search_list,"{""searchListIds"": [1334]}"
1444,37,26366,2025-11-02 16:03:23.07375,1,search_list,"{""searchListIds"": [1334]}"
1445,37,26367,2025-11-02 16:03:23.07375,1,search_list,"{""searchListIds"": [1334]}"
1446,37,25265,2025-11-02 16:03:23.07375,1,search_list,"{""searchListIds"": [1334]}"
1447,37,25271,2025-11-02 16:03:23.07375,1,search_list,"{""searchListIds"": [1334]}"
1448,37,25269,2025-11-02 16:03:23.07375,1,search_list,"{""searchListIds"": [1334]}"
1449,37,25267,2025-11-02 16:03:23.07375,1,search_list,"{""searchListIds"": [1334]}"
1450,37,26361,2025-11-02 16:03:23.07375,1,search_list,"{""searchListIds"": [1334]}"
1451,37,26362,2025-11-02 16:03:23.07375,1,search_list,"{""searchListIds"": [1334]}"
1452,37,26363,2025-11-02 16:03:23.07375,1,search_list,"{""searchListIds"": [1334]}"
1453,37,26364,2025-11-02 16:03:23.07375,1,search_list,"{""searchListIds"": [1334]}"
1454,37,26630,2025-11-02 16:03:23.07375,1,search_list,"{""searchListIds"": [1334]}"
1455,37,27058,2025-11-02 16:03:23.07375,1,search_list,"{""searchListIds"": [1334]}"
1456,37,27059,2025-11-02 16:03:23.07375,1,search_list,"{""searchListIds"": [1334]}"
1457,37,27183,2025-11-02 16:03:23.07375,1,search_list,"{""searchListIds"": [1334]}"
1458,37,27184,2025-11-02 16:03:23.07375,1,search_list,"{""searchListIds"": [1334]}"
1459,37,27444,2025-11-02 16:03:23.07375,1,search_list,"{""searchListIds"": [1334]}"
1460,37,25294,2025-11-02 16:03:23.07375,1,search_list,"{""searchListIds"": [1334]}"
1461,37,25295,2025-11-02 16:03:23.07375,1,search_list,"{""searchListIds"": [1334]}"
1462,37,25296,2025-11-02 16:03:23.07375,1,search_list,"{""searchListIds"": [1334]}"
1463,37,25297,2025-11-02 16:03:23.07375,1,search_list,"{""searchListIds"": [1334]}"
1464,37,25298,2025-11-02 16:03:23.07375,1,search_list,"{""searchListIds"": [1334]}"
1465,37,25299,2025-11-02 16:03:23.07375,1,search_list,"{""searchListIds"": [1334]}"
1466,37,25300,2025-11-02 16:03:23.07375,1,search_list,"{""searchListIds"": [1334]}"
1467,37,25301,2025-11-02 16:03:23.07375,1,search_list,"{""searchListIds"": [1334]}"
1468,37,25292,2025-11-02 16:03:23.07375,1,search_list,"{""searchListIds"": [1334]}"
1469,37,25293,2025-11-02 16:03:23.07375,1,search_list,"{""searchListIds"": [1334]}"
1470,37,27446,2025-11-02 16:03:23.07375,1,search_list,"{""searchListIds"": [1334]}"
1471,37,27447,2025-11-02 16:03:23.07375,1,search_list,"{""searchListIds"": [1334]}"
1472,37,27448,2025-11-02 16:03:23.07375,1,search_list,"{""searchListIds"": [1334]}"
1473,37,27449,2025-11-02 16:03:23.07375,1,search_list,"{""searchListIds"": [1334]}"
1474,37,27450,2025-11-02 16:03:23.07375,1,search_list,"{""searchListIds"": [1334]}"
1475,37,25284,2025-11-02 16:03:23.07375,1,search_list,"{""searchListIds"": [1334]}"
1476,37,25285,2025-11-02 16:03:23.07375,1,search_list,"{""searchListIds"": [1334]}"
1477,37,25281,2025-11-02 16:03:23.07375,1,search_list,"{""searchListIds"": [1334]}"
1478,37,25282,2025-11-02 16:03:23.07375,1,search_list,"{""searchListIds"": [1334]}"
1479,37,25283,2025-11-02 16:03:23.07375,1,search_list,"{""searchListIds"": [1334]}"
1480,37,26357,2025-11-02 16:03:23.07375,1,search_list,"{""searchListIds"": [1334]}"
1481,37,27416,2025-11-02 16:03:23.07375,1,search_list,"{""searchListIds"": [1334]}"
1482,37,27417,2025-11-02 16:03:23.07375,1,search_list,"{""searchListIds"": [1334]}"
1483,37,25270,2025-11-02 16:03:23.07375,1,search_list,"{""searchListIds"": [1334]}"
1484,37,25272,2025-11-02 16:03:23.07375,1,search_list,"{""searchListIds"": [1334]}"
1485,37,25266,2025-11-02 16:03:23.07375,1,search_list,"{""searchListIds"": [1334]}"
1486,37,25268,2025-11-02 16:03:23.07375,1,search_list,"{""searchListIds"": [1334]}"
1487,37,25273,2025-11-02 16:03:23.07375,1,search_list,"{""searchListIds"": [1334]}"
1488,37,26349,2025-11-02 16:03:23.07375,1,search_list,"{""searchListIds"": [1334]}"
1489,37,26350,2025-11-02 16:03:23.07375,1,search_list,"{""searchListIds"": [1334]}"
1490,37,26351,2025-11-02 16:03:23.07375,1,search_list,"{""searchListIds"": [1334]}"
1491,37,27542,2025-11-02 16:03:23.07375,1,search_list,"{""searchListIds"": [1334]}"
1492,37,25278,2025-11-02 16:03:23.07375,1,search_list,"{""searchListIds"": [1334]}"
1493,37,25279,2025-11-02 16:03:23.07375,1,search_list,"{""searchListIds"": [1334]}"
1494,37,25280,2025-11-02 16:03:23.07375,1,search_list,"{""searchListIds"": [1334]}"
1495,37,25274,2025-11-02 16:03:23.07375,1,search_list,"{""searchListIds"": [1334]}"
1496,37,26355,2025-11-02 16:03:23.07375,1,search_list,"{""searchListIds"": [1334]}"
1497,37,25276,2025-11-02 16:03:23.07375,1,search_list,"{""searchListIds"": [1334]}"
1498,37,25275,2025-11-02 16:03:23.07375,1,search_list,"{""searchListIds"": [1334]}"
1499,37,25277,2025-11-02 16:03:23.07375,1,search_list,"{""searchListIds"": [1334]}"
1500,37,27295,2025-11-02 16:03:23.07375,1,search_list,"{""searchListIds"": [1334]}"
1501,37,27554,2025-11-02 16:03:23.07375,1,search_list,"{""searchListIds"": [1334]}"
1502,37,25288,2025-11-02 16:03:23.07375,1,search_list,"{""searchListIds"": [1334]}"
1503,37,25289,2025-11-02 16:03:23.07375,1,search_list,"{""searchListIds"": [1334]}"
1504,37,25291,2025-11-02 16:03:23.07375,1,search_list,"{""searchListIds"": [1334]}"
1505,37,25286,2025-11-02 16:03:23.07375,1,search_list,"{""searchListIds"": [1334]}"
1506,37,25287,2025-11-02 16:03:23.07375,1,search_list,"{""searchListIds"": [1334]}"
1507,37,25290,2025-11-02 16:03:23.07375,1,search_list,"{""searchListIds"": [1334]}"
1508,37,27301,2025-11-02 16:03:23.07375,1,search_list,"{""searchListIds"": [1334]}"
1509,37,25263,2025-11-02 16:03:23.07375,1,search_list,"{""searchListIds"": [1334]}"
1510,37,25264,2025-11-02 16:03:23.07375,1,search_list,"{""searchListIds"": [1334]}"
1511,37,25262,2025-11-02 16:03:23.07375,1,search_list,"{""searchListIds"": [1334]}"
1512,37,26356,2025-11-02 16:03:23.07375,1,search_list,"{""searchListIds"": [1334]}"
1513,38,27579,2025-11-02 16:17:19.605529,1,search_list,"{""currentListId"": 1337}"
1514,38,27580,2025-11-02 16:17:19.605529,1,search_list,"{""currentListId"": 1337}"
1515,38,27581,2025-11-02 16:17:19.605529,1,search_list,"{""currentListId"": 1337}"
1516,38,27582,2025-11-02 16:17:19.605529,1,search_list,"{""currentListId"": 1337}"
1517,38,27583,2025-11-02 16:17:19.605529,1,search_list,"{""currentListId"": 1337}"
1518,38,27584,2025-11-02 16:17:19.605529,1,search_list,"{""currentListId"": 1337}"
1519,38,27585,2025-11-02 16:17:19.605529,1,search_list,"{""currentListId"": 1337}"
1520,38,27586,2025-11-02 16:17:19.605529,1,search_list,"{""currentListId"": 1337}"
1521,38,27587,2025-11-02 16:17:19.605529,1,search_list,"{""currentListId"": 1337}"
1522,38,27578,2025-11-02 16:17:19.605529,1,search_list,"{""currentListId"": 1337}"
1523,38,27588,2025-11-02 16:17:19.605529,1,search_list,"{""currentListId"": 1337}"
1524,38,27590,2025-11-02 16:17:19.605529,1,search_list,"{""currentListId"": 1337}"
1525,38,27589,2025-11-02 16:17:19.605529,1,search_list,"{""currentListId"": 1337}"
1526,38,27591,2025-11-02 16:17:19.605529,1,search_list,"{""currentListId"": 1337}"
1527,38,27592,2025-11-02 16:17:19.605529,1,search_list,"{""currentListId"": 1337}"
1528,38,27593,2025-11-02 16:17:19.605529,1,search_list,"{""currentListId"": 1337}"
1529,38,27594,2025-11-02 16:17:19.605529,1,search_list,"{""currentListId"": 1337}"
1530,38,27595,2025-11-02 16:17:19.605529,1,search_list,"{""currentListId"": 1337}"
1531,38,27596,2025-11-02 16:17:19.605529,1,search_list,"{""currentListId"": 1337}"
1532,38,27597,2025-11-02 16:17:19.605529,1,search_list,"{""currentListId"": 1337}"
1533,38,27568,2025-11-02 16:17:19.605529,1,search_list,"{""currentListId"": 1337}"
1534,38,27569,2025-11-02 16:17:19.605529,1,search_list,"{""currentListId"": 1337}"
1535,38,27570,2025-11-02 16:17:19.605529,1,search_list,"{""currentListId"": 1337}"
1536,38,27571,2025-11-02 16:17:19.605529,1,search_list,"{""currentListId"": 1337}"
1537,38,27572,2025-11-02 16:17:19.605529,1,search_list,"{""currentListId"": 1337}"
1538,38,27573,2025-11-02 16:17:19.605529,1,search_list,"{""currentListId"": 1337}"
1539,38,27574,2025-11-02 16:17:19.605529,1,search_list,"{""currentListId"": 1337}"
1540,38,27575,2025-11-02 16:17:19.605529,1,search_list,"{""currentListId"": 1337}"
1541,38,27576,2025-11-02 16:17:19.605529,1,search_list,"{""currentListId"": 1337}"
1542,38,27577,2025-11-02 16:17:19.605529,1,search_list,"{""currentListId"": 1337}"
1543,38,27564,2025-11-02 16:17:19.605529,1,search_list,"{""currentListId"": 1337}"
1544,38,27565,2025-11-02 16:17:19.605529,1,search_list,"{""currentListId"": 1337}"
1545,38,27566,2025-11-02 16:17:19.605529,1,search_list,"{""currentListId"": 1337}"
1546,38,27567,2025-11-02 16:17:19.605529,1,search_list,"{""currentListId"": 1337}"
1547,39,27190,2025-11-02 16:36:45.097502,1,search_list,"{""searchListIds"": [1334]}"
1548,39,27303,2025-11-02 16:36:45.097502,1,search_list,"{""searchListIds"": [1334]}"
1549,39,27304,2025-11-02 16:36:45.097502,1,search_list,"{""searchListIds"": [1334]}"
1550,39,27305,2025-11-02 16:36:45.097502,1,search_list,"{""searchListIds"": [1334]}"
1551,39,27306,2025-11-02 16:36:45.097502,1,search_list,"{""searchListIds"": [1334]}"
1552,39,27380,2025-11-02 16:36:45.097502,1,search_list,"{""searchListIds"": [1334]}"
1553,39,27547,2025-11-02 16:36:45.097502,1,search_list,"{""searchListIds"": [1334]}"
1554,39,27545,2025-11-02 16:36:45.097502,1,search_list,"{""searchListIds"": [1334]}"
1555,39,27546,2025-11-02 16:36:45.097502,1,search_list,"{""searchListIds"": [1334]}"
1556,39,27548,2025-11-02 16:36:45.097502,1,search_list,"{""searchListIds"": [1334]}"
1557,39,27549,2025-11-02 16:36:45.097502,1,search_list,"{""searchListIds"": [1334]}"
1558,39,27550,2025-11-02 16:36:45.097502,1,search_list,"{""searchListIds"": [1334]}"
1559,39,26366,2025-11-02 16:36:45.097502,1,search_list,"{""searchListIds"": [1334]}"
1560,39,26367,2025-11-02 16:36:45.097502,1,search_list,"{""searchListIds"": [1334]}"
1561,39,25265,2025-11-02 16:36:45.097502,1,search_list,"{""searchListIds"": [1334]}"
1562,39,25271,2025-11-02 16:36:45.097502,1,search_list,"{""searchListIds"": [1334]}"
1563,39,25269,2025-11-02 16:36:45.097502,1,search_list,"{""searchListIds"": [1334]}"
1564,39,25267,2025-11-02 16:36:45.097502,1,search_list,"{""searchListIds"": [1334]}"
1565,39,26361,2025-11-02 16:36:45.097502,1,search_list,"{""searchListIds"": [1334]}"
1566,39,26362,2025-11-02 16:36:45.097502,1,search_list,"{""searchListIds"": [1334]}"
1567,39,26363,2025-11-02 16:36:45.097502,1,search_list,"{""searchListIds"": [1334]}"
1568,39,26364,2025-11-02 16:36:45.097502,1,search_list,"{""searchListIds"": [1334]}"
1696,45,5973,2025-11-02 18:02:28.005266,1,manual,
1569,39,26630,2025-11-02 16:36:45.097502,1,search_list,"{""searchListIds"": [1334]}"
1570,39,27058,2025-11-02 16:36:45.097502,1,search_list,"{""searchListIds"": [1334]}"
1571,39,27059,2025-11-02 16:36:45.097502,1,search_list,"{""searchListIds"": [1334]}"
1572,39,27183,2025-11-02 16:36:45.097502,1,search_list,"{""searchListIds"": [1334]}"
1573,39,27184,2025-11-02 16:36:45.097502,1,search_list,"{""searchListIds"": [1334]}"
1574,39,27444,2025-11-02 16:36:45.097502,1,search_list,"{""searchListIds"": [1334]}"
1575,39,25294,2025-11-02 16:36:45.097502,1,search_list,"{""searchListIds"": [1334]}"
1576,39,25295,2025-11-02 16:36:45.097502,1,search_list,"{""searchListIds"": [1334]}"
1577,39,25296,2025-11-02 16:36:45.097502,1,search_list,"{""searchListIds"": [1334]}"
1578,39,25297,2025-11-02 16:36:45.097502,1,search_list,"{""searchListIds"": [1334]}"
1579,39,25298,2025-11-02 16:36:45.097502,1,search_list,"{""searchListIds"": [1334]}"
1580,39,25299,2025-11-02 16:36:45.097502,1,search_list,"{""searchListIds"": [1334]}"
1581,39,25300,2025-11-02 16:36:45.097502,1,search_list,"{""searchListIds"": [1334]}"
1582,39,25301,2025-11-02 16:36:45.097502,1,search_list,"{""searchListIds"": [1334]}"
1583,39,25292,2025-11-02 16:36:45.097502,1,search_list,"{""searchListIds"": [1334]}"
1584,39,25293,2025-11-02 16:36:45.097502,1,search_list,"{""searchListIds"": [1334]}"
1585,39,27446,2025-11-02 16:36:45.097502,1,search_list,"{""searchListIds"": [1334]}"
1586,39,27447,2025-11-02 16:36:45.097502,1,search_list,"{""searchListIds"": [1334]}"
1587,39,27448,2025-11-02 16:36:45.097502,1,search_list,"{""searchListIds"": [1334]}"
1588,39,27449,2025-11-02 16:36:45.097502,1,search_list,"{""searchListIds"": [1334]}"
1589,39,27450,2025-11-02 16:36:45.097502,1,search_list,"{""searchListIds"": [1334]}"
1590,39,25284,2025-11-02 16:36:45.097502,1,search_list,"{""searchListIds"": [1334]}"
1591,39,25285,2025-11-02 16:36:45.097502,1,search_list,"{""searchListIds"": [1334]}"
1592,39,25281,2025-11-02 16:36:45.097502,1,search_list,"{""searchListIds"": [1334]}"
1593,39,25282,2025-11-02 16:36:45.097502,1,search_list,"{""searchListIds"": [1334]}"
1594,39,25283,2025-11-02 16:36:45.097502,1,search_list,"{""searchListIds"": [1334]}"
1595,39,26357,2025-11-02 16:36:45.097502,1,search_list,"{""searchListIds"": [1334]}"
1596,39,27416,2025-11-02 16:36:45.097502,1,search_list,"{""searchListIds"": [1334]}"
1597,39,27417,2025-11-02 16:36:45.097502,1,search_list,"{""searchListIds"": [1334]}"
1598,39,25270,2025-11-02 16:36:45.097502,1,search_list,"{""searchListIds"": [1334]}"
1599,39,25272,2025-11-02 16:36:45.097502,1,search_list,"{""searchListIds"": [1334]}"
1600,39,25266,2025-11-02 16:36:45.097502,1,search_list,"{""searchListIds"": [1334]}"
1601,39,25268,2025-11-02 16:36:45.097502,1,search_list,"{""searchListIds"": [1334]}"
1602,39,25273,2025-11-02 16:36:45.097502,1,search_list,"{""searchListIds"": [1334]}"
1603,39,26349,2025-11-02 16:36:45.097502,1,search_list,"{""searchListIds"": [1334]}"
1604,39,26350,2025-11-02 16:36:45.097502,1,search_list,"{""searchListIds"": [1334]}"
1605,39,26351,2025-11-02 16:36:45.097502,1,search_list,"{""searchListIds"": [1334]}"
1606,39,27542,2025-11-02 16:36:45.097502,1,search_list,"{""searchListIds"": [1334]}"
1607,39,25278,2025-11-02 16:36:45.097502,1,search_list,"{""searchListIds"": [1334]}"
1608,39,25279,2025-11-02 16:36:45.097502,1,search_list,"{""searchListIds"": [1334]}"
1609,39,25280,2025-11-02 16:36:45.097502,1,search_list,"{""searchListIds"": [1334]}"
1610,39,25274,2025-11-02 16:36:45.097502,1,search_list,"{""searchListIds"": [1334]}"
1611,39,26355,2025-11-02 16:36:45.097502,1,search_list,"{""searchListIds"": [1334]}"
1612,39,25276,2025-11-02 16:36:45.097502,1,search_list,"{""searchListIds"": [1334]}"
1613,39,25275,2025-11-02 16:36:45.097502,1,search_list,"{""searchListIds"": [1334]}"
1614,39,25277,2025-11-02 16:36:45.097502,1,search_list,"{""searchListIds"": [1334]}"
1615,39,27295,2025-11-02 16:36:45.097502,1,search_list,"{""searchListIds"": [1334]}"
1616,39,27554,2025-11-02 16:36:45.097502,1,search_list,"{""searchListIds"": [1334]}"
1617,39,25288,2025-11-02 16:36:45.097502,1,search_list,"{""searchListIds"": [1334]}"
1618,39,25289,2025-11-02 16:36:45.097502,1,search_list,"{""searchListIds"": [1334]}"
1619,39,25291,2025-11-02 16:36:45.097502,1,search_list,"{""searchListIds"": [1334]}"
1620,39,25286,2025-11-02 16:36:45.097502,1,search_list,"{""searchListIds"": [1334]}"
1621,39,25287,2025-11-02 16:36:45.097502,1,search_list,"{""searchListIds"": [1334]}"
1622,39,25290,2025-11-02 16:36:45.097502,1,search_list,"{""searchListIds"": [1334]}"
1623,39,27301,2025-11-02 16:36:45.097502,1,search_list,"{""searchListIds"": [1334]}"
1624,39,25263,2025-11-02 16:36:45.097502,1,search_list,"{""searchListIds"": [1334]}"
1625,39,25264,2025-11-02 16:36:45.097502,1,search_list,"{""searchListIds"": [1334]}"
1626,39,25262,2025-11-02 16:36:45.097502,1,search_list,"{""searchListIds"": [1334]}"
1627,39,26356,2025-11-02 16:36:45.097502,1,search_list,"{""searchListIds"": [1334]}"
1628,41,27579,2025-11-02 16:40:24.839466,1,search_list,"{""searchListIds"": [1338]}"
1629,41,27580,2025-11-02 16:40:24.839466,1,search_list,"{""searchListIds"": [1338]}"
1630,41,27581,2025-11-02 16:40:24.839466,1,search_list,"{""searchListIds"": [1338]}"
1631,41,27582,2025-11-02 16:40:24.839466,1,search_list,"{""searchListIds"": [1338]}"
1632,41,27583,2025-11-02 16:40:24.839466,1,search_list,"{""searchListIds"": [1338]}"
1633,41,27584,2025-11-02 16:40:24.839466,1,search_list,"{""searchListIds"": [1338]}"
1634,41,27585,2025-11-02 16:40:24.839466,1,search_list,"{""searchListIds"": [1338]}"
1635,41,27586,2025-11-02 16:40:24.839466,1,search_list,"{""searchListIds"": [1338]}"
1636,41,27587,2025-11-02 16:40:24.839466,1,search_list,"{""searchListIds"": [1338]}"
1637,41,27578,2025-11-02 16:40:24.839466,1,search_list,"{""searchListIds"": [1338]}"
1638,41,27588,2025-11-02 16:40:24.839466,1,search_list,"{""searchListIds"": [1338]}"
1639,41,27590,2025-11-02 16:40:24.839466,1,search_list,"{""searchListIds"": [1338]}"
1640,41,27589,2025-11-02 16:40:24.839466,1,search_list,"{""searchListIds"": [1338]}"
1641,41,27591,2025-11-02 16:40:24.839466,1,search_list,"{""searchListIds"": [1338]}"
1642,41,27592,2025-11-02 16:40:24.839466,1,search_list,"{""searchListIds"": [1338]}"
1643,41,27593,2025-11-02 16:40:24.839466,1,search_list,"{""searchListIds"": [1338]}"
1644,41,27594,2025-11-02 16:40:24.839466,1,search_list,"{""searchListIds"": [1338]}"
1645,41,27595,2025-11-02 16:40:24.839466,1,search_list,"{""searchListIds"": [1338]}"
1646,41,27596,2025-11-02 16:40:24.839466,1,search_list,"{""searchListIds"": [1338]}"
1647,41,27597,2025-11-02 16:40:24.839466,1,search_list,"{""searchListIds"": [1338]}"
1648,41,27568,2025-11-02 16:40:24.839466,1,search_list,"{""searchListIds"": [1338]}"
1649,41,27569,2025-11-02 16:40:24.839466,1,search_list,"{""searchListIds"": [1338]}"
1650,41,27570,2025-11-02 16:40:24.839466,1,search_list,"{""searchListIds"": [1338]}"
1651,41,27571,2025-11-02 16:40:24.839466,1,search_list,"{""searchListIds"": [1338]}"
1652,41,27572,2025-11-02 16:40:24.839466,1,search_list,"{""searchListIds"": [1338]}"
1653,41,27573,2025-11-02 16:40:24.839466,1,search_list,"{""searchListIds"": [1338]}"
1654,41,27574,2025-11-02 16:40:24.839466,1,search_list,"{""searchListIds"": [1338]}"
1655,41,27575,2025-11-02 16:40:24.839466,1,search_list,"{""searchListIds"": [1338]}"
1656,41,27576,2025-11-02 16:40:24.839466,1,search_list,"{""searchListIds"": [1338]}"
1657,41,27577,2025-11-02 16:40:24.839466,1,search_list,"{""searchListIds"": [1338]}"
1658,41,27564,2025-11-02 16:40:24.839466,1,search_list,"{""searchListIds"": [1338]}"
1659,41,27565,2025-11-02 16:40:24.839466,1,search_list,"{""searchListIds"": [1338]}"
1660,41,27566,2025-11-02 16:40:24.839466,1,search_list,"{""searchListIds"": [1338]}"
1661,41,27567,2025-11-02 16:40:24.839466,1,search_list,"{""searchListIds"": [1338]}"
1662,42,27579,2025-11-02 17:32:27.078725,1,search_list,"{""searchListIds"": [1339]}"
1663,42,27580,2025-11-02 17:32:27.078725,1,search_list,"{""searchListIds"": [1339]}"
1664,42,27581,2025-11-02 17:32:27.078725,1,search_list,"{""searchListIds"": [1339]}"
1665,42,27582,2025-11-02 17:32:27.078725,1,search_list,"{""searchListIds"": [1339]}"
1666,42,27583,2025-11-02 17:32:27.078725,1,search_list,"{""searchListIds"": [1339]}"
1667,42,27584,2025-11-02 17:32:27.078725,1,search_list,"{""searchListIds"": [1339]}"
1668,42,27585,2025-11-02 17:32:27.078725,1,search_list,"{""searchListIds"": [1339]}"
1669,42,27586,2025-11-02 17:32:27.078725,1,search_list,"{""searchListIds"": [1339]}"
1670,42,27587,2025-11-02 17:32:27.078725,1,search_list,"{""searchListIds"": [1339]}"
1671,42,27578,2025-11-02 17:32:27.078725,1,search_list,"{""searchListIds"": [1339]}"
1672,42,27588,2025-11-02 17:32:27.078725,1,search_list,"{""searchListIds"": [1339]}"
1673,42,27590,2025-11-02 17:32:27.078725,1,search_list,"{""searchListIds"": [1339]}"
1674,42,27589,2025-11-02 17:32:27.078725,1,search_list,"{""searchListIds"": [1339]}"
1675,42,27591,2025-11-02 17:32:27.078725,1,search_list,"{""searchListIds"": [1339]}"
1676,42,27592,2025-11-02 17:32:27.078725,1,search_list,"{""searchListIds"": [1339]}"
1677,42,27593,2025-11-02 17:32:27.078725,1,search_list,"{""searchListIds"": [1339]}"
1678,42,27594,2025-11-02 17:32:27.078725,1,search_list,"{""searchListIds"": [1339]}"
1679,42,27595,2025-11-02 17:32:27.078725,1,search_list,"{""searchListIds"": [1339]}"
1680,42,27596,2025-11-02 17:32:27.078725,1,search_list,"{""searchListIds"": [1339]}"
1681,42,27597,2025-11-02 17:32:27.078725,1,search_list,"{""searchListIds"": [1339]}"
1682,42,27568,2025-11-02 17:32:27.078725,1,search_list,"{""searchListIds"": [1339]}"
1683,42,27569,2025-11-02 17:32:27.078725,1,search_list,"{""searchListIds"": [1339]}"
1684,42,27570,2025-11-02 17:32:27.078725,1,search_list,"{""searchListIds"": [1339]}"
1685,42,27571,2025-11-02 17:32:27.078725,1,search_list,"{""searchListIds"": [1339]}"
1686,42,27572,2025-11-02 17:32:27.078725,1,search_list,"{""searchListIds"": [1339]}"
1687,42,27573,2025-11-02 17:32:27.078725,1,search_list,"{""searchListIds"": [1339]}"
1688,42,27574,2025-11-02 17:32:27.078725,1,search_list,"{""searchListIds"": [1339]}"
1689,42,27575,2025-11-02 17:32:27.078725,1,search_list,"{""searchListIds"": [1339]}"
1690,42,27576,2025-11-02 17:32:27.078725,1,search_list,"{""searchListIds"": [1339]}"
1691,42,27577,2025-11-02 17:32:27.078725,1,search_list,"{""searchListIds"": [1339]}"
1692,42,27564,2025-11-02 17:32:27.078725,1,search_list,"{""searchListIds"": [1339]}"
1693,42,27565,2025-11-02 17:32:27.078725,1,search_list,"{""searchListIds"": [1339]}"
1694,42,27566,2025-11-02 17:32:27.078725,1,search_list,"{""searchListIds"": [1339]}"
1695,42,27567,2025-11-02 17:32:27.078725,1,search_list,"{""searchListIds"": [1339]}"
1697,45,4901,2025-11-02 18:02:51.267549,1,company,"{""companyIds"": [90], ""maxContactsPerCompany"": 3}"
1698,45,617,2025-11-02 18:02:51.267549,1,company,"{""companyIds"": [90], ""maxContactsPerCompany"": 3}"
1699,45,621,2025-11-02 18:02:51.267549,1,company,"{""companyIds"": [90], ""maxContactsPerCompany"": 3}"
1700,45,27190,2025-11-02 18:03:03.710681,1,search_list,"{""searchListId"": 1334}"
1701,45,27303,2025-11-02 18:03:03.710681,1,search_list,"{""searchListId"": 1334}"
1702,45,27304,2025-11-02 18:03:03.710681,1,search_list,"{""searchListId"": 1334}"
1703,45,27305,2025-11-02 18:03:03.710681,1,search_list,"{""searchListId"": 1334}"
1704,45,27306,2025-11-02 18:03:03.710681,1,search_list,"{""searchListId"": 1334}"
1705,45,27380,2025-11-02 18:03:03.710681,1,search_list,"{""searchListId"": 1334}"
1706,45,27547,2025-11-02 18:03:03.710681,1,search_list,"{""searchListId"": 1334}"
1707,45,27545,2025-11-02 18:03:03.710681,1,search_list,"{""searchListId"": 1334}"
1708,45,27546,2025-11-02 18:03:03.710681,1,search_list,"{""searchListId"": 1334}"
1709,45,27548,2025-11-02 18:03:03.710681,1,search_list,"{""searchListId"": 1334}"
1710,45,27549,2025-11-02 18:03:03.710681,1,search_list,"{""searchListId"": 1334}"
1711,45,27550,2025-11-02 18:03:03.710681,1,search_list,"{""searchListId"": 1334}"
1712,45,26366,2025-11-02 18:03:03.710681,1,search_list,"{""searchListId"": 1334}"
1713,45,26367,2025-11-02 18:03:03.710681,1,search_list,"{""searchListId"": 1334}"
1714,45,25265,2025-11-02 18:03:03.710681,1,search_list,"{""searchListId"": 1334}"
1715,45,25271,2025-11-02 18:03:03.710681,1,search_list,"{""searchListId"": 1334}"
1716,45,25269,2025-11-02 18:03:03.710681,1,search_list,"{""searchListId"": 1334}"
1717,45,25267,2025-11-02 18:03:03.710681,1,search_list,"{""searchListId"": 1334}"
1718,45,26361,2025-11-02 18:03:03.710681,1,search_list,"{""searchListId"": 1334}"
1719,45,26362,2025-11-02 18:03:03.710681,1,search_list,"{""searchListId"": 1334}"
1720,45,26363,2025-11-02 18:03:03.710681,1,search_list,"{""searchListId"": 1334}"
1721,45,26364,2025-11-02 18:03:03.710681,1,search_list,"{""searchListId"": 1334}"
1722,45,26630,2025-11-02 18:03:03.710681,1,search_list,"{""searchListId"": 1334}"
1723,45,27058,2025-11-02 18:03:03.710681,1,search_list,"{""searchListId"": 1334}"
1724,45,27059,2025-11-02 18:03:03.710681,1,search_list,"{""searchListId"": 1334}"
1725,45,27183,2025-11-02 18:03:03.710681,1,search_list,"{""searchListId"": 1334}"
1726,45,27184,2025-11-02 18:03:03.710681,1,search_list,"{""searchListId"": 1334}"
1727,45,27444,2025-11-02 18:03:03.710681,1,search_list,"{""searchListId"": 1334}"
1728,45,25294,2025-11-02 18:03:03.710681,1,search_list,"{""searchListId"": 1334}"
1729,45,25295,2025-11-02 18:03:03.710681,1,search_list,"{""searchListId"": 1334}"
1730,45,25296,2025-11-02 18:03:03.710681,1,search_list,"{""searchListId"": 1334}"
1731,45,25297,2025-11-02 18:03:03.710681,1,search_list,"{""searchListId"": 1334}"
1732,45,25298,2025-11-02 18:03:03.710681,1,search_list,"{""searchListId"": 1334}"
1733,45,25299,2025-11-02 18:03:03.710681,1,search_list,"{""searchListId"": 1334}"
1734,45,25300,2025-11-02 18:03:03.710681,1,search_list,"{""searchListId"": 1334}"
1735,45,25301,2025-11-02 18:03:03.710681,1,search_list,"{""searchListId"": 1334}"
1736,45,25292,2025-11-02 18:03:03.710681,1,search_list,"{""searchListId"": 1334}"
1737,45,25293,2025-11-02 18:03:03.710681,1,search_list,"{""searchListId"": 1334}"
1738,45,27446,2025-11-02 18:03:03.710681,1,search_list,"{""searchListId"": 1334}"
1739,45,27447,2025-11-02 18:03:03.710681,1,search_list,"{""searchListId"": 1334}"
1740,45,27448,2025-11-02 18:03:03.710681,1,search_list,"{""searchListId"": 1334}"
1741,45,27449,2025-11-02 18:03:03.710681,1,search_list,"{""searchListId"": 1334}"
1742,45,27450,2025-11-02 18:03:03.710681,1,search_list,"{""searchListId"": 1334}"
1743,45,25284,2025-11-02 18:03:03.710681,1,search_list,"{""searchListId"": 1334}"
1744,45,25285,2025-11-02 18:03:03.710681,1,search_list,"{""searchListId"": 1334}"
1745,45,25281,2025-11-02 18:03:03.710681,1,search_list,"{""searchListId"": 1334}"
1746,45,25282,2025-11-02 18:03:03.710681,1,search_list,"{""searchListId"": 1334}"
1747,45,25283,2025-11-02 18:03:03.710681,1,search_list,"{""searchListId"": 1334}"
1748,45,26357,2025-11-02 18:03:03.710681,1,search_list,"{""searchListId"": 1334}"
1749,45,27416,2025-11-02 18:03:03.710681,1,search_list,"{""searchListId"": 1334}"
1750,45,27417,2025-11-02 18:03:03.710681,1,search_list,"{""searchListId"": 1334}"
1751,45,25270,2025-11-02 18:03:03.710681,1,search_list,"{""searchListId"": 1334}"
1752,45,25272,2025-11-02 18:03:03.710681,1,search_list,"{""searchListId"": 1334}"
1753,45,25266,2025-11-02 18:03:03.710681,1,search_list,"{""searchListId"": 1334}"
1754,45,25268,2025-11-02 18:03:03.710681,1,search_list,"{""searchListId"": 1334}"
1755,45,25273,2025-11-02 18:03:03.710681,1,search_list,"{""searchListId"": 1334}"
1756,45,26349,2025-11-02 18:03:03.710681,1,search_list,"{""searchListId"": 1334}"
1757,45,26350,2025-11-02 18:03:03.710681,1,search_list,"{""searchListId"": 1334}"
1758,45,26351,2025-11-02 18:03:03.710681,1,search_list,"{""searchListId"": 1334}"
1759,45,27542,2025-11-02 18:03:03.710681,1,search_list,"{""searchListId"": 1334}"
1760,45,25278,2025-11-02 18:03:03.710681,1,search_list,"{""searchListId"": 1334}"
1761,45,25279,2025-11-02 18:03:03.710681,1,search_list,"{""searchListId"": 1334}"
1762,45,25280,2025-11-02 18:03:03.710681,1,search_list,"{""searchListId"": 1334}"
1763,45,25274,2025-11-02 18:03:03.710681,1,search_list,"{""searchListId"": 1334}"
1764,45,26355,2025-11-02 18:03:03.710681,1,search_list,"{""searchListId"": 1334}"
1765,45,25276,2025-11-02 18:03:03.710681,1,search_list,"{""searchListId"": 1334}"
1766,45,25275,2025-11-02 18:03:03.710681,1,search_list,"{""searchListId"": 1334}"
1767,45,25277,2025-11-02 18:03:03.710681,1,search_list,"{""searchListId"": 1334}"
1768,45,27295,2025-11-02 18:03:03.710681,1,search_list,"{""searchListId"": 1334}"
1769,45,27554,2025-11-02 18:03:03.710681,1,search_list,"{""searchListId"": 1334}"
1770,45,25288,2025-11-02 18:03:03.710681,1,search_list,"{""searchListId"": 1334}"
1771,45,25289,2025-11-02 18:03:03.710681,1,search_list,"{""searchListId"": 1334}"
1772,45,25291,2025-11-02 18:03:03.710681,1,search_list,"{""searchListId"": 1334}"
1773,45,25286,2025-11-02 18:03:03.710681,1,search_list,"{""searchListId"": 1334}"
1774,45,25287,2025-11-02 18:03:03.710681,1,search_list,"{""searchListId"": 1334}"
1775,45,25290,2025-11-02 18:03:03.710681,1,search_list,"{""searchListId"": 1334}"
1776,45,27301,2025-11-02 18:03:03.710681,1,search_list,"{""searchListId"": 1334}"
1777,45,25263,2025-11-02 18:03:03.710681,1,search_list,"{""searchListId"": 1334}"
1778,45,25264,2025-11-02 18:03:03.710681,1,search_list,"{""searchListId"": 1334}"
1779,45,25262,2025-11-02 18:03:03.710681,1,search_list,"{""searchListId"": 1334}"
1780,45,26356,2025-11-02 18:03:03.710681,1,search_list,"{""searchListId"": 1334}"
1781,46,18161,2025-11-02 18:14:23.428946,1,search_list,"{""searchListIds"": [1255]}"
1782,46,22525,2025-11-02 18:14:23.428946,1,search_list,"{""searchListIds"": [1255]}"
1783,46,18162,2025-11-02 18:14:23.428946,1,search_list,"{""searchListIds"": [1255]}"
1784,46,18163,2025-11-02 18:14:23.428946,1,search_list,"{""searchListIds"": [1255]}"
1785,46,18159,2025-11-02 18:14:23.428946,1,search_list,"{""searchListIds"": [1255]}"
1786,46,18160,2025-11-02 18:14:23.428946,1,search_list,"{""searchListIds"": [1255]}"
1787,46,24364,2025-11-02 18:14:23.428946,1,search_list,"{""searchListIds"": [1255]}"
1788,46,24991,2025-11-02 18:14:23.428946,1,search_list,"{""searchListIds"": [1255]}"
1789,46,27278,2025-11-02 18:14:23.428946,1,search_list,"{""searchListIds"": [1255]}"
1790,46,22507,2025-11-02 18:14:23.428946,1,search_list,"{""searchListIds"": [1255]}"
1791,46,18122,2025-11-02 18:14:23.428946,1,search_list,"{""searchListIds"": [1255]}"
1792,46,18123,2025-11-02 18:14:23.428946,1,search_list,"{""searchListIds"": [1255]}"
1793,46,21210,2025-11-02 18:14:23.428946,1,search_list,"{""searchListIds"": [1255]}"
1794,46,21211,2025-11-02 18:14:23.428946,1,search_list,"{""searchListIds"": [1255]}"
1795,46,21212,2025-11-02 18:14:23.428946,1,search_list,"{""searchListIds"": [1255]}"
1796,46,21213,2025-11-02 18:14:23.428946,1,search_list,"{""searchListIds"": [1255]}"
1797,46,21214,2025-11-02 18:14:23.428946,1,search_list,"{""searchListIds"": [1255]}"
1798,46,21215,2025-11-02 18:14:23.428946,1,search_list,"{""searchListIds"": [1255]}"
1799,46,21216,2025-11-02 18:14:23.428946,1,search_list,"{""searchListIds"": [1255]}"
1800,46,21217,2025-11-02 18:14:23.428946,1,search_list,"{""searchListIds"": [1255]}"
1801,46,21219,2025-11-02 18:14:23.428946,1,search_list,"{""searchListIds"": [1255]}"
1802,46,23068,2025-11-02 18:14:23.428946,1,search_list,"{""searchListIds"": [1255]}"
1803,46,23069,2025-11-02 18:14:23.428946,1,search_list,"{""searchListIds"": [1255]}"
1804,46,23070,2025-11-02 18:14:23.428946,1,search_list,"{""searchListIds"": [1255]}"
1805,46,23071,2025-11-02 18:14:23.428946,1,search_list,"{""searchListIds"": [1255]}"
1806,46,23072,2025-11-02 18:14:23.428946,1,search_list,"{""searchListIds"": [1255]}"
1807,46,23073,2025-11-02 18:14:23.428946,1,search_list,"{""searchListIds"": [1255]}"
1808,46,23576,2025-11-02 18:14:23.428946,1,search_list,"{""searchListIds"": [1255]}"
1809,46,23577,2025-11-02 18:14:23.428946,1,search_list,"{""searchListIds"": [1255]}"
1810,46,23578,2025-11-02 18:14:23.428946,1,search_list,"{""searchListIds"": [1255]}"
1811,46,24365,2025-11-02 18:14:23.428946,1,search_list,"{""searchListIds"": [1255]}"
1812,46,24992,2025-11-02 18:14:23.428946,1,search_list,"{""searchListIds"": [1255]}"
1813,46,21218,2025-11-02 18:14:23.428946,1,search_list,"{""searchListIds"": [1255]}"
1814,46,22106,2025-11-02 18:14:23.428946,1,search_list,"{""searchListIds"": [1255]}"
1815,46,18158,2025-11-02 18:14:23.428946,1,search_list,"{""searchListIds"": [1255]}"
1816,46,18155,2025-11-02 18:14:23.428946,1,search_list,"{""searchListIds"": [1255]}"
1817,46,18156,2025-11-02 18:14:23.428946,1,search_list,"{""searchListIds"": [1255]}"
1818,46,21206,2025-11-02 18:14:23.428946,1,search_list,"{""searchListIds"": [1255]}"
1819,46,21207,2025-11-02 18:14:23.428946,1,search_list,"{""searchListIds"": [1255]}"
1820,46,21209,2025-11-02 18:14:23.428946,1,search_list,"{""searchListIds"": [1255]}"
1821,46,24372,2025-11-02 18:14:23.428946,1,search_list,"{""searchListIds"": [1255]}"
1822,46,24373,2025-11-02 18:14:23.428946,1,search_list,"{""searchListIds"": [1255]}"
1823,46,21208,2025-11-02 18:14:23.428946,1,search_list,"{""searchListIds"": [1255]}"
1824,46,18157,2025-11-02 18:14:23.428946,1,search_list,"{""searchListIds"": [1255]}"
1825,46,18140,2025-11-02 18:14:23.428946,1,search_list,"{""searchListIds"": [1255]}"
1826,46,18142,2025-11-02 18:14:23.428946,1,search_list,"{""searchListIds"": [1255]}"
1827,46,22122,2025-11-02 18:14:23.428946,1,search_list,"{""searchListIds"": [1255]}"
1828,46,22123,2025-11-02 18:14:23.428946,1,search_list,"{""searchListIds"": [1255]}"
1829,46,22124,2025-11-02 18:14:23.428946,1,search_list,"{""searchListIds"": [1255]}"
1830,46,18139,2025-11-02 18:14:23.428946,1,search_list,"{""searchListIds"": [1255]}"
1831,46,18143,2025-11-02 18:14:23.428946,1,search_list,"{""searchListIds"": [1255]}"
1832,46,18144,2025-11-02 18:14:23.428946,1,search_list,"{""searchListIds"": [1255]}"
1833,46,21224,2025-11-02 18:14:23.428946,1,search_list,"{""searchListIds"": [1255]}"
1834,46,21225,2025-11-02 18:14:23.428946,1,search_list,"{""searchListIds"": [1255]}"
1835,46,18141,2025-11-02 18:14:23.428946,1,search_list,"{""searchListIds"": [1255]}"
1836,46,26569,2025-11-02 18:14:23.428946,1,search_list,"{""searchListIds"": [1255]}"
1837,46,18132,2025-11-02 18:14:23.428946,1,search_list,"{""searchListIds"": [1255]}"
1838,46,18133,2025-11-02 18:14:23.428946,1,search_list,"{""searchListIds"": [1255]}"
1839,46,18135,2025-11-02 18:14:23.428946,1,search_list,"{""searchListIds"": [1255]}"
1840,46,18134,2025-11-02 18:14:23.428946,1,search_list,"{""searchListIds"": [1255]}"
1841,46,18137,2025-11-02 18:14:23.428946,1,search_list,"{""searchListIds"": [1255]}"
1842,46,18138,2025-11-02 18:14:23.428946,1,search_list,"{""searchListIds"": [1255]}"
1843,46,23086,2025-11-02 18:14:23.428946,1,search_list,"{""searchListIds"": [1255]}"
1844,46,23087,2025-11-02 18:14:23.428946,1,search_list,"{""searchListIds"": [1255]}"
1845,46,23088,2025-11-02 18:14:23.428946,1,search_list,"{""searchListIds"": [1255]}"
1846,46,23580,2025-11-02 18:14:23.428946,1,search_list,"{""searchListIds"": [1255]}"
1847,46,24800,2025-11-02 18:14:23.428946,1,search_list,"{""searchListIds"": [1255]}"
1848,46,18136,2025-11-02 18:14:23.428946,1,search_list,"{""searchListIds"": [1255]}"
1849,46,22136,2025-11-02 18:14:23.428946,1,search_list,"{""searchListIds"": [1255]}"
1850,46,18125,2025-11-02 18:14:23.428946,1,search_list,"{""searchListIds"": [1255]}"
1851,46,18126,2025-11-02 18:14:23.428946,1,search_list,"{""searchListIds"": [1255]}"
1852,46,18127,2025-11-02 18:14:23.428946,1,search_list,"{""searchListIds"": [1255]}"
1853,46,18129,2025-11-02 18:14:23.428946,1,search_list,"{""searchListIds"": [1255]}"
1854,46,18130,2025-11-02 18:14:23.428946,1,search_list,"{""searchListIds"": [1255]}"
1855,46,18131,2025-11-02 18:14:23.428946,1,search_list,"{""searchListIds"": [1255]}"
1856,46,18124,2025-11-02 18:14:23.428946,1,search_list,"{""searchListIds"": [1255]}"
1857,46,18128,2025-11-02 18:14:23.428946,1,search_list,"{""searchListIds"": [1255]}"
1858,46,18145,2025-11-02 18:14:23.428946,1,search_list,"{""searchListIds"": [1255]}"
1859,46,18146,2025-11-02 18:14:23.428946,1,search_list,"{""searchListIds"": [1255]}"
1860,46,22553,2025-11-02 18:14:23.428946,1,search_list,"{""searchListIds"": [1255]}"
1861,46,18149,2025-11-02 18:14:23.428946,1,search_list,"{""searchListIds"": [1255]}"
1862,46,18154,2025-11-02 18:14:23.428946,1,search_list,"{""searchListIds"": [1255]}"
1863,46,21257,2025-11-02 18:14:23.428946,1,search_list,"{""searchListIds"": [1255]}"
1864,46,18152,2025-11-02 18:14:23.428946,1,search_list,"{""searchListIds"": [1255]}"
1865,46,24393,2025-11-02 18:14:23.428946,1,search_list,"{""searchListIds"": [1255]}"
1866,46,18148,2025-11-02 18:14:23.428946,1,search_list,"{""searchListIds"": [1255]}"
1867,46,18151,2025-11-02 18:14:23.428946,1,search_list,"{""searchListIds"": [1255]}"
1868,46,18150,2025-11-02 18:14:23.428946,1,search_list,"{""searchListIds"": [1255]}"
1869,46,18147,2025-11-02 18:14:23.428946,1,search_list,"{""searchListIds"": [1255]}"
1870,46,18153,2025-11-02 18:14:23.428946,1,search_list,"{""searchListIds"": [1255]}"
1871,47,27735,2025-11-02 18:38:23.203483,1,csv_import,"{""errors"": 0, ""imported"": 4, ""totalAttempted"": 4}"
1872,47,27736,2025-11-02 18:38:23.203483,1,csv_import,"{""errors"": 0, ""imported"": 4, ""totalAttempted"": 4}"
1873,47,27737,2025-11-02 18:38:23.203483,1,csv_import,"{""errors"": 0, ""imported"": 4, ""totalAttempted"": 4}"
1874,47,27738,2025-11-02 18:38:23.203483,1,csv_import,"{""errors"": 0, ""imported"": 4, ""totalAttempted"": 4}"
1875,48,27735,2025-11-02 19:16:46.522474,1,csv_import,"{""errors"": 0, ""imported"": 4, ""totalAttempted"": 4}"
1876,48,27736,2025-11-02 19:16:46.522474,1,csv_import,"{""errors"": 0, ""imported"": 4, ""totalAttempted"": 4}"
1877,48,27737,2025-11-02 19:16:46.522474,1,csv_import,"{""errors"": 0, ""imported"": 4, ""totalAttempted"": 4}"
1878,48,27738,2025-11-02 19:16:46.522474,1,csv_import,"{""errors"": 0, ""imported"": 4, ""totalAttempted"": 4}"
1879,49,27739,2025-11-02 22:39:24.33623,5,csv_import,"{""errors"": 0, ""imported"": 4, ""totalAttempted"": 4}"
1880,49,27740,2025-11-02 22:39:24.33623,5,csv_import,"{""errors"": 0, ""imported"": 4, ""totalAttempted"": 4}"
1881,49,27741,2025-11-02 22:39:24.33623,5,csv_import,"{""errors"": 0, ""imported"": 4, ""totalAttempted"": 4}"
1882,49,27742,2025-11-02 22:39:24.33623,5,csv_import,"{""errors"": 0, ""imported"": 4, ""totalAttempted"": 4}"
1883,50,27752,2025-11-03 01:12:50.42404,1,search_list,"{""currentListId"": 1352}"
1884,50,27751,2025-11-03 01:12:50.42404,1,search_list,"{""currentListId"": 1352}"
1885,50,27754,2025-11-03 01:12:50.42404,1,search_list,"{""currentListId"": 1352}"
1886,50,27755,2025-11-03 01:12:50.42404,1,search_list,"{""currentListId"": 1352}"
1887,50,27756,2025-11-03 01:12:50.42404,1,search_list,"{""currentListId"": 1352}"
1888,50,27753,2025-11-03 01:12:50.42404,1,search_list,"{""currentListId"": 1352}"
1889,50,27770,2025-11-03 01:12:50.42404,1,search_list,"{""currentListId"": 1352}"
1890,50,27769,2025-11-03 01:12:50.42404,1,search_list,"{""currentListId"": 1352}"
1891,50,27772,2025-11-03 01:12:50.42404,1,search_list,"{""currentListId"": 1352}"
1892,50,27773,2025-11-03 01:12:50.42404,1,search_list,"{""currentListId"": 1352}"
1893,50,27771,2025-11-03 01:12:50.42404,1,search_list,"{""currentListId"": 1352}"
1894,50,27774,2025-11-03 01:12:50.42404,1,search_list,"{""currentListId"": 1352}"
1895,50,27775,2025-11-03 01:12:50.42404,1,search_list,"{""currentListId"": 1352}"
1896,50,27776,2025-11-03 01:12:50.42404,1,search_list,"{""currentListId"": 1352}"
1897,50,27759,2025-11-03 01:12:50.42404,1,search_list,"{""currentListId"": 1352}"
1898,50,27758,2025-11-03 01:12:50.42404,1,search_list,"{""currentListId"": 1352}"
1899,50,27760,2025-11-03 01:12:50.42404,1,search_list,"{""currentListId"": 1352}"
1900,50,27761,2025-11-03 01:12:50.42404,1,search_list,"{""currentListId"": 1352}"
1901,50,27762,2025-11-03 01:12:50.42404,1,search_list,"{""currentListId"": 1352}"
1902,50,27763,2025-11-03 01:12:50.42404,1,search_list,"{""currentListId"": 1352}"
1903,50,27757,2025-11-03 01:12:50.42404,1,search_list,"{""currentListId"": 1352}"
1904,50,27765,2025-11-03 01:12:50.42404,1,search_list,"{""currentListId"": 1352}"
1905,50,27766,2025-11-03 01:12:50.42404,1,search_list,"{""currentListId"": 1352}"
1906,50,27767,2025-11-03 01:12:50.42404,1,search_list,"{""currentListId"": 1352}"
1907,50,27768,2025-11-03 01:12:50.42404,1,search_list,"{""currentListId"": 1352}"
1908,50,27764,2025-11-03 01:12:50.42404,1,search_list,"{""currentListId"": 1352}"
1909,50,27748,2025-11-03 01:12:50.42404,1,search_list,"{""currentListId"": 1352}"
1910,50,27749,2025-11-03 01:12:50.42404,1,search_list,"{""currentListId"": 1352}"
1911,50,27750,2025-11-03 01:12:50.42404,1,search_list,"{""currentListId"": 1352}"
1912,50,27746,2025-11-03 01:12:50.42404,1,search_list,"{""currentListId"": 1352}"
1913,50,27744,2025-11-03 01:12:50.42404,1,search_list,"{""currentListId"": 1352}"
1914,50,27745,2025-11-03 01:12:50.42404,1,search_list,"{""currentListId"": 1352}"
1915,50,27747,2025-11-03 01:12:50.42404,1,search_list,"{""currentListId"": 1352}"
1916,50,27743,2025-11-03 01:12:50.42404,1,search_list,"{""currentListId"": 1352}"
2992,47,27878,2025-11-11 00:30:58.6591,1,manual,
2993,47,27890,2025-11-11 00:30:58.6591,1,manual,
2994,47,27892,2025-11-11 00:30:58.6591,1,manual,
2995,47,27904,2025-11-11 02:34:09.646197,1,manual,
2996,47,27907,2025-11-11 02:34:09.646197,1,manual,
2997,47,27879,2025-11-11 03:12:02.534305,1,manual,
3004,47,27880,2025-11-11 03:24:37.756223,1,campaign_addition,"{""campaignId"": 65, ""campaignName"": ""Freshen Up {{contact_company_name}} with Premium Oranges""}"
3010,51,27913,2025-11-11 05:56:24.98257,5,manual,
3011,51,27914,2025-11-11 05:56:24.98257,5,manual,
3013,51,27923,2025-11-11 05:56:24.98257,5,manual,
3014,51,27933,2025-11-11 05:56:24.98257,5,manual,
3015,51,27945,2025-11-11 05:56:24.98257,5,manual,
3016,51,27947,2025-11-11 05:56:24.98257,5,manual,
3017,51,27949,2025-11-11 05:59:49.697184,5,manual,
3018,51,27951,2025-11-11 05:59:49.697184,5,manual,
3019,51,27953,2025-11-11 05:59:49.697184,5,manual,
3020,51,27954,2025-11-11 05:59:49.697184,5,manual,
3021,51,27955,2025-11-11 05:59:49.697184,5,manual,
3022,51,27959,2025-11-11 05:59:49.697184,5,manual,
3023,51,27963,2025-11-11 05:59:49.697184,5,manual,
3024,51,27965,2025-11-11 05:59:49.697184,5,manual,
3025,51,27975,2025-11-11 05:59:49.697184,5,manual,
3026,51,27976,2025-11-11 05:59:49.697184,5,manual,
3027,51,27977,2025-11-11 05:59:49.697184,5,manual,
3028,51,27981,2025-11-11 05:59:49.697184,5,manual,
3029,51,27982,2025-11-11 06:06:30.58671,5,manual,
3030,51,27983,2025-11-11 06:06:30.58671,5,manual,
3031,51,27984,2025-11-11 06:06:30.58671,5,manual,
3032,51,27989,2025-11-11 06:06:30.58671,5,manual,
3033,51,27993,2025-11-11 06:06:30.58671,5,manual,
3034,51,28002,2025-11-11 06:06:30.58671,5,manual,
3035,51,28003,2025-11-11 06:06:30.58671,5,manual,
3036,51,28022,2025-11-11 06:10:49.754596,5,manual,
3037,51,28023,2025-11-11 06:10:49.754596,5,manual,
3038,51,28029,2025-11-11 06:10:49.754596,5,manual,
3039,51,28030,2025-11-11 06:10:49.754596,5,manual,
3040,51,28031,2025-11-11 06:10:49.754596,5,manual,
3041,51,28043,2025-11-11 06:10:49.754596,5,manual,
3042,51,28044,2025-11-11 06:12:51.720024,5,manual,
3043,51,28045,2025-11-11 06:12:51.720024,5,manual,
3044,51,28046,2025-11-11 06:12:51.720024,5,manual,
3045,51,28062,2025-11-11 06:12:51.720024,5,manual,
3046,51,28063,2025-11-11 06:12:51.720024,5,manual,
3047,51,28064,2025-11-11 06:12:51.720024,5,manual,
3048,51,28088,2025-11-11 06:14:01.252011,5,manual,
3049,51,28089,2025-11-11 06:14:01.252011,5,manual,
3050,51,28097,2025-11-11 06:14:01.252011,5,manual,
3051,52,28121,2025-11-11 20:12:59.154711,19,manual,
3052,52,28122,2025-11-11 20:12:59.154711,19,manual,
3053,52,28123,2025-11-11 20:12:59.154711,19,manual,
3063,51,28130,2025-11-13 00:51:30.605565,5,campaign_addition,"{""campaignId"": 87, ""campaignName"": ""Hi {{first_name}}, Your own CS Edu Platform with our White-label Partnership ""}"
3064,51,28132,2025-11-13 00:51:30.605565,5,campaign_addition,"{""campaignId"": 87, ""campaignName"": ""Hi {{first_name}}, Your own CS Edu Platform with our White-label Partnership ""}"
3065,51,28133,2025-11-13 00:51:30.605565,5,campaign_addition,"{""campaignId"": 87, ""campaignName"": ""Hi {{first_name}}, Your own CS Edu Platform with our White-label Partnership ""}"
3066,51,28134,2025-11-13 00:51:30.605565,5,campaign_addition,"{""campaignId"": 87, ""campaignName"": ""Hi {{first_name}}, Your own CS Edu Platform with our White-label Partnership ""}"
3067,51,28135,2025-11-13 00:51:30.605565,5,campaign_addition,"{""campaignId"": 87, ""campaignName"": ""Hi {{first_name}}, Your own CS Edu Platform with our White-label Partnership ""}"
3068,51,28136,2025-11-13 00:51:30.605565,5,campaign_addition,"{""campaignId"": 87, ""campaignName"": ""Hi {{first_name}}, Your own CS Edu Platform with our White-label Partnership ""}"
3069,51,28138,2025-11-13 00:51:30.605565,5,campaign_addition,"{""campaignId"": 87, ""campaignName"": ""Hi {{first_name}}, Your own CS Edu Platform with our White-label Partnership ""}"
3070,51,28142,2025-11-13 00:51:30.605565,5,campaign_addition,"{""campaignId"": 87, ""campaignName"": ""Hi {{first_name}}, Your own CS Edu Platform with our White-label Partnership ""}"
3071,51,28143,2025-11-13 00:51:30.605565,5,campaign_addition,"{""campaignId"": 87, ""campaignName"": ""Hi {{first_name}}, Your own CS Edu Platform with our White-label Partnership ""}"
3072,51,28144,2025-11-13 00:51:30.605565,5,campaign_addition,"{""campaignId"": 87, ""campaignName"": ""Hi {{first_name}}, Your own CS Edu Platform with our White-label Partnership ""}"
3073,51,28146,2025-11-13 00:51:30.605565,5,campaign_addition,"{""campaignId"": 87, ""campaignName"": ""Hi {{first_name}}, Your own CS Edu Platform with our White-label Partnership ""}"
3074,51,28148,2025-11-13 00:51:30.605565,5,campaign_addition,"{""campaignId"": 87, ""campaignName"": ""Hi {{first_name}}, Your own CS Edu Platform with our White-label Partnership ""}"
3075,51,28149,2025-11-13 00:51:30.605565,5,campaign_addition,"{""campaignId"": 87, ""campaignName"": ""Hi {{first_name}}, Your own CS Edu Platform with our White-label Partnership ""}"
3076,51,28150,2025-11-13 00:51:30.605565,5,campaign_addition,"{""campaignId"": 87, ""campaignName"": ""Hi {{first_name}}, Your own CS Edu Platform with our White-label Partnership ""}"
3077,51,28154,2025-11-13 00:51:30.605565,5,campaign_addition,"{""campaignId"": 87, ""campaignName"": ""Hi {{first_name}}, Your own CS Edu Platform with our White-label Partnership ""}"
3187,54,28633,2025-11-19 19:00:09.821083,5,manual,
3188,54,28634,2025-11-19 19:00:09.821083,5,manual,
3189,54,28635,2025-11-19 19:00:09.821083,5,manual,
3190,54,28636,2025-11-19 19:00:09.821083,5,manual,
3192,54,28676,2025-11-19 19:01:27.219705,5,manual,
3193,54,28677,2025-11-19 19:01:27.219705,5,manual,
3194,54,28678,2025-11-19 19:01:27.219705,5,manual,
3195,54,28680,2025-11-19 19:01:27.219705,5,manual,
3196,54,28681,2025-11-19 19:01:27.219705,5,manual,
3197,54,28682,2025-11-19 19:01:27.219705,5,manual,
3198,54,28683,2025-11-19 19:01:27.219705,5,manual,
3199,54,28684,2025-11-19 19:01:27.219705,5,manual,
3200,54,28685,2025-11-19 19:01:27.219705,5,manual,
3201,54,28688,2025-11-19 19:01:27.219705,5,manual,
3202,54,28689,2025-11-19 19:01:27.219705,5,manual,
3203,54,28690,2025-11-19 19:01:27.219705,5,manual,
3078,51,28155,2025-11-13 00:51:30.605565,5,campaign_addition,"{""campaignId"": 87, ""campaignName"": ""Hi {{first_name}}, Your own CS Edu Platform with our White-label Partnership ""}"
3079,51,28156,2025-11-13 00:51:30.605565,5,campaign_addition,"{""campaignId"": 87, ""campaignName"": ""Hi {{first_name}}, Your own CS Edu Platform with our White-label Partnership ""}"
3080,51,28164,2025-11-13 00:59:44.022694,5,campaign_addition,"{""campaignId"": 87, ""campaignName"": ""Hi {{first_name}}, Your own CS Edu Platform with our White-label Partnership ""}"
3081,51,28165,2025-11-13 00:59:44.022694,5,campaign_addition,"{""campaignId"": 87, ""campaignName"": ""Hi {{first_name}}, Your own CS Edu Platform with our White-label Partnership ""}"
3082,51,28166,2025-11-13 00:59:44.022694,5,campaign_addition,"{""campaignId"": 87, ""campaignName"": ""Hi {{first_name}}, Your own CS Edu Platform with our White-label Partnership ""}"
3083,51,28167,2025-11-13 00:59:44.022694,5,campaign_addition,"{""campaignId"": 87, ""campaignName"": ""Hi {{first_name}}, Your own CS Edu Platform with our White-label Partnership ""}"
3084,51,28168,2025-11-13 00:59:44.022694,5,campaign_addition,"{""campaignId"": 87, ""campaignName"": ""Hi {{first_name}}, Your own CS Edu Platform with our White-label Partnership ""}"
3085,51,28169,2025-11-13 00:59:44.022694,5,campaign_addition,"{""campaignId"": 87, ""campaignName"": ""Hi {{first_name}}, Your own CS Edu Platform with our White-label Partnership ""}"
3086,51,28170,2025-11-13 00:59:44.022694,5,campaign_addition,"{""campaignId"": 87, ""campaignName"": ""Hi {{first_name}}, Your own CS Edu Platform with our White-label Partnership ""}"
3087,51,28171,2025-11-13 00:59:44.022694,5,campaign_addition,"{""campaignId"": 87, ""campaignName"": ""Hi {{first_name}}, Your own CS Edu Platform with our White-label Partnership ""}"
3088,51,28173,2025-11-13 00:59:44.022694,5,campaign_addition,"{""campaignId"": 87, ""campaignName"": ""Hi {{first_name}}, Your own CS Edu Platform with our White-label Partnership ""}"
3089,51,28174,2025-11-13 00:59:44.022694,5,campaign_addition,"{""campaignId"": 87, ""campaignName"": ""Hi {{first_name}}, Your own CS Edu Platform with our White-label Partnership ""}"
3090,51,28175,2025-11-13 00:59:44.022694,5,campaign_addition,"{""campaignId"": 87, ""campaignName"": ""Hi {{first_name}}, Your own CS Edu Platform with our White-label Partnership ""}"
3091,51,28176,2025-11-13 00:59:44.022694,5,campaign_addition,"{""campaignId"": 87, ""campaignName"": ""Hi {{first_name}}, Your own CS Edu Platform with our White-label Partnership ""}"
3092,51,28177,2025-11-13 00:59:44.022694,5,campaign_addition,"{""campaignId"": 87, ""campaignName"": ""Hi {{first_name}}, Your own CS Edu Platform with our White-label Partnership ""}"
3093,51,28178,2025-11-13 00:59:44.022694,5,campaign_addition,"{""campaignId"": 87, ""campaignName"": ""Hi {{first_name}}, Your own CS Edu Platform with our White-label Partnership ""}"
3094,51,28179,2025-11-13 00:59:44.022694,5,campaign_addition,"{""campaignId"": 87, ""campaignName"": ""Hi {{first_name}}, Your own CS Edu Platform with our White-label Partnership ""}"
3095,51,28180,2025-11-13 00:59:44.022694,5,campaign_addition,"{""campaignId"": 87, ""campaignName"": ""Hi {{first_name}}, Your own CS Edu Platform with our White-label Partnership ""}"
3096,51,28184,2025-11-13 00:59:44.022694,5,campaign_addition,"{""campaignId"": 87, ""campaignName"": ""Hi {{first_name}}, Your own CS Edu Platform with our White-label Partnership ""}"
3097,51,28185,2025-11-13 01:04:57.891812,5,campaign_addition,"{""campaignId"": 87, ""campaignName"": ""Hi {{first_name}}, Your own CS Edu Platform with our White-label Partnership ""}"
3098,51,28186,2025-11-13 01:04:57.891812,5,campaign_addition,"{""campaignId"": 87, ""campaignName"": ""Hi {{first_name}}, Your own CS Edu Platform with our White-label Partnership ""}"
3099,51,28187,2025-11-13 01:04:57.891812,5,campaign_addition,"{""campaignId"": 87, ""campaignName"": ""Hi {{first_name}}, Your own CS Edu Platform with our White-label Partnership ""}"
3100,51,28188,2025-11-13 01:04:57.891812,5,campaign_addition,"{""campaignId"": 87, ""campaignName"": ""Hi {{first_name}}, Your own CS Edu Platform with our White-label Partnership ""}"
3101,51,28189,2025-11-13 01:04:57.891812,5,campaign_addition,"{""campaignId"": 87, ""campaignName"": ""Hi {{first_name}}, Your own CS Edu Platform with our White-label Partnership ""}"
3102,51,28190,2025-11-13 01:04:57.891812,5,campaign_addition,"{""campaignId"": 87, ""campaignName"": ""Hi {{first_name}}, Your own CS Edu Platform with our White-label Partnership ""}"
3103,51,28191,2025-11-13 01:04:57.891812,5,campaign_addition,"{""campaignId"": 87, ""campaignName"": ""Hi {{first_name}}, Your own CS Edu Platform with our White-label Partnership ""}"
3104,51,28201,2025-11-13 01:04:57.891812,5,campaign_addition,"{""campaignId"": 87, ""campaignName"": ""Hi {{first_name}}, Your own CS Edu Platform with our White-label Partnership ""}"
3105,51,28202,2025-11-13 01:04:57.891812,5,campaign_addition,"{""campaignId"": 87, ""campaignName"": ""Hi {{first_name}}, Your own CS Edu Platform with our White-label Partnership ""}"
3106,51,28203,2025-11-13 01:04:57.891812,5,campaign_addition,"{""campaignId"": 87, ""campaignName"": ""Hi {{first_name}}, Your own CS Edu Platform with our White-label Partnership ""}"
3107,51,28204,2025-11-13 01:04:57.891812,5,campaign_addition,"{""campaignId"": 87, ""campaignName"": ""Hi {{first_name}}, Your own CS Edu Platform with our White-label Partnership ""}"
3108,51,28205,2025-11-13 01:04:57.891812,5,campaign_addition,"{""campaignId"": 87, ""campaignName"": ""Hi {{first_name}}, Your own CS Edu Platform with our White-label Partnership ""}"
3109,51,28206,2025-11-13 01:04:57.891812,5,campaign_addition,"{""campaignId"": 87, ""campaignName"": ""Hi {{first_name}}, Your own CS Edu Platform with our White-label Partnership ""}"
3110,51,28207,2025-11-13 01:04:57.891812,5,campaign_addition,"{""campaignId"": 87, ""campaignName"": ""Hi {{first_name}}, Your own CS Edu Platform with our White-label Partnership ""}"
3111,51,28210,2025-11-13 01:04:57.891812,5,campaign_addition,"{""campaignId"": 87, ""campaignName"": ""Hi {{first_name}}, Your own CS Edu Platform with our White-label Partnership ""}"
3112,51,28212,2025-11-13 01:04:57.891812,5,campaign_addition,"{""campaignId"": 87, ""campaignName"": ""Hi {{first_name}}, Your own CS Edu Platform with our White-label Partnership ""}"
3113,51,28214,2025-11-13 01:04:57.891812,5,campaign_addition,"{""campaignId"": 87, ""campaignName"": ""Hi {{first_name}}, Your own CS Edu Platform with our White-label Partnership ""}"
3114,51,28216,2025-11-13 01:04:57.891812,5,campaign_addition,"{""campaignId"": 87, ""campaignName"": ""Hi {{first_name}}, Your own CS Edu Platform with our White-label Partnership ""}"
3115,51,28220,2025-11-13 01:10:53.545527,5,campaign_addition,"{""campaignId"": 87, ""campaignName"": ""Hi {{first_name}}, Your own CS Edu Platform with our White-label Partnership ""}"
3191,54,28675,2025-11-19 19:01:27.219705,5,manual,
3116,51,28222,2025-11-13 01:10:53.545527,5,campaign_addition,"{""campaignId"": 87, ""campaignName"": ""Hi {{first_name}}, Your own CS Edu Platform with our White-label Partnership ""}"
3117,51,28223,2025-11-13 01:10:53.545527,5,campaign_addition,"{""campaignId"": 87, ""campaignName"": ""Hi {{first_name}}, Your own CS Edu Platform with our White-label Partnership ""}"
3118,51,28224,2025-11-13 01:10:53.545527,5,campaign_addition,"{""campaignId"": 87, ""campaignName"": ""Hi {{first_name}}, Your own CS Edu Platform with our White-label Partnership ""}"
3119,51,28225,2025-11-13 01:10:53.545527,5,campaign_addition,"{""campaignId"": 87, ""campaignName"": ""Hi {{first_name}}, Your own CS Edu Platform with our White-label Partnership ""}"
3120,51,28226,2025-11-13 01:10:53.545527,5,campaign_addition,"{""campaignId"": 87, ""campaignName"": ""Hi {{first_name}}, Your own CS Edu Platform with our White-label Partnership ""}"
3121,51,28227,2025-11-13 01:10:53.545527,5,campaign_addition,"{""campaignId"": 87, ""campaignName"": ""Hi {{first_name}}, Your own CS Edu Platform with our White-label Partnership ""}"
3122,51,28228,2025-11-13 01:10:53.545527,5,campaign_addition,"{""campaignId"": 87, ""campaignName"": ""Hi {{first_name}}, Your own CS Edu Platform with our White-label Partnership ""}"
3123,51,28267,2025-11-13 01:21:01.983486,5,campaign_addition,"{""campaignId"": 87, ""campaignName"": ""Hi {{first_name}}, Your own CS Edu Platform with our White-label Partnership ""}"
3124,51,28269,2025-11-13 01:21:01.983486,5,campaign_addition,"{""campaignId"": 87, ""campaignName"": ""Hi {{first_name}}, Your own CS Edu Platform with our White-label Partnership ""}"
3125,51,28270,2025-11-13 01:21:01.983486,5,campaign_addition,"{""campaignId"": 87, ""campaignName"": ""Hi {{first_name}}, Your own CS Edu Platform with our White-label Partnership ""}"
3126,51,28271,2025-11-13 01:21:01.983486,5,campaign_addition,"{""campaignId"": 87, ""campaignName"": ""Hi {{first_name}}, Your own CS Edu Platform with our White-label Partnership ""}"
3127,51,28272,2025-11-13 01:21:01.983486,5,campaign_addition,"{""campaignId"": 87, ""campaignName"": ""Hi {{first_name}}, Your own CS Edu Platform with our White-label Partnership ""}"
3128,51,28275,2025-11-13 01:21:01.983486,5,campaign_addition,"{""campaignId"": 87, ""campaignName"": ""Hi {{first_name}}, Your own CS Edu Platform with our White-label Partnership ""}"
3129,51,28277,2025-11-13 01:21:01.983486,5,campaign_addition,"{""campaignId"": 87, ""campaignName"": ""Hi {{first_name}}, Your own CS Edu Platform with our White-label Partnership ""}"
3130,51,28278,2025-11-13 01:21:01.983486,5,campaign_addition,"{""campaignId"": 87, ""campaignName"": ""Hi {{first_name}}, Your own CS Edu Platform with our White-label Partnership ""}"
3131,51,28279,2025-11-13 01:21:01.983486,5,campaign_addition,"{""campaignId"": 87, ""campaignName"": ""Hi {{first_name}}, Your own CS Edu Platform with our White-label Partnership ""}"
3132,51,28280,2025-11-13 01:21:01.983486,5,campaign_addition,"{""campaignId"": 87, ""campaignName"": ""Hi {{first_name}}, Your own CS Edu Platform with our White-label Partnership ""}"
3133,51,28281,2025-11-13 01:21:01.983486,5,campaign_addition,"{""campaignId"": 87, ""campaignName"": ""Hi {{first_name}}, Your own CS Edu Platform with our White-label Partnership ""}"
3134,51,28282,2025-11-13 01:21:01.983486,5,campaign_addition,"{""campaignId"": 87, ""campaignName"": ""Hi {{first_name}}, Your own CS Edu Platform with our White-label Partnership ""}"
3135,51,28283,2025-11-13 01:21:01.983486,5,campaign_addition,"{""campaignId"": 87, ""campaignName"": ""Hi {{first_name}}, Your own CS Edu Platform with our White-label Partnership ""}"
3136,51,28284,2025-11-13 01:21:01.983486,5,campaign_addition,"{""campaignId"": 87, ""campaignName"": ""Hi {{first_name}}, Your own CS Edu Platform with our White-label Partnership ""}"
3137,51,28285,2025-11-13 01:21:01.983486,5,campaign_addition,"{""campaignId"": 87, ""campaignName"": ""Hi {{first_name}}, Your own CS Edu Platform with our White-label Partnership ""}"
3138,51,28287,2025-11-13 01:21:01.983486,5,campaign_addition,"{""campaignId"": 87, ""campaignName"": ""Hi {{first_name}}, Your own CS Edu Platform with our White-label Partnership ""}"
3139,51,28289,2025-11-13 01:21:01.983486,5,campaign_addition,"{""campaignId"": 87, ""campaignName"": ""Hi {{first_name}}, Your own CS Edu Platform with our White-label Partnership ""}"
3140,51,28291,2025-11-13 01:21:01.983486,5,campaign_addition,"{""campaignId"": 87, ""campaignName"": ""Hi {{first_name}}, Your own CS Edu Platform with our White-label Partnership ""}"
3141,51,28293,2025-11-13 01:21:01.983486,5,campaign_addition,"{""campaignId"": 87, ""campaignName"": ""Hi {{first_name}}, Your own CS Edu Platform with our White-label Partnership ""}"
3149,54,28546,2025-11-19 18:16:55.594731,5,manual,
3150,54,28548,2025-11-19 18:16:55.594731,5,manual,
3151,54,28550,2025-11-19 18:16:55.594731,5,manual,
3152,54,28554,2025-11-19 18:16:55.594731,5,manual,
3153,54,28556,2025-11-19 18:16:55.594731,5,manual,
3154,54,28557,2025-11-19 18:16:55.594731,5,manual,
3155,54,28641,2025-11-19 18:58:09.564832,5,manual,
3156,54,28642,2025-11-19 18:58:09.564832,5,manual,
3157,54,28643,2025-11-19 18:58:09.564832,5,manual,
3158,54,28644,2025-11-19 18:58:09.564832,5,manual,
3159,54,28646,2025-11-19 18:58:09.564832,5,manual,
3160,54,28648,2025-11-19 18:58:09.564832,5,manual,
3161,54,28649,2025-11-19 18:58:09.564832,5,manual,
3162,54,28650,2025-11-19 18:58:09.564832,5,manual,
3163,54,28654,2025-11-19 18:58:59.6651,5,manual,
3164,54,28657,2025-11-19 18:58:59.6651,5,manual,
3165,54,28658,2025-11-19 18:58:59.6651,5,manual,
3166,54,28659,2025-11-19 18:58:59.6651,5,manual,
3167,54,28660,2025-11-19 18:58:59.6651,5,manual,
3168,54,28661,2025-11-19 18:58:59.6651,5,manual,
3169,54,28662,2025-11-19 18:58:59.6651,5,manual,
3170,54,28663,2025-11-19 18:58:59.6651,5,manual,
3171,54,28666,2025-11-19 18:58:59.6651,5,manual,
3172,54,28667,2025-11-19 18:58:59.6651,5,manual,
3173,54,28669,2025-11-19 18:58:59.6651,5,manual,
3174,54,28670,2025-11-19 18:58:59.6651,5,manual,
3175,54,28671,2025-11-19 18:58:59.6651,5,manual,
3176,54,28612,2025-11-19 19:00:09.821083,5,manual,
3177,54,28613,2025-11-19 19:00:09.821083,5,manual,
3178,54,28618,2025-11-19 19:00:09.821083,5,manual,
3179,54,28619,2025-11-19 19:00:09.821083,5,manual,
3180,54,28621,2025-11-19 19:00:09.821083,5,manual,
3181,54,28623,2025-11-19 19:00:09.821083,5,manual,
3182,54,28625,2025-11-19 19:00:09.821083,5,manual,
3183,54,28626,2025-11-19 19:00:09.821083,5,manual,
3184,54,28628,2025-11-19 19:00:09.821083,5,manual,
3185,54,28629,2025-11-19 19:00:09.821083,5,manual,
3186,54,28632,2025-11-19 19:00:09.821083,5,manual,
3204,54,28691,2025-11-19 19:01:27.219705,5,manual,
3205,54,28692,2025-11-19 19:01:27.219705,5,manual,
3206,54,28693,2025-11-19 19:01:27.219705,5,manual,
3207,54,28694,2025-11-19 19:01:27.219705,5,manual,
3208,54,28695,2025-11-19 19:01:27.219705,5,manual,
3209,54,28696,2025-11-19 19:02:45.800572,5,manual,
3210,54,28697,2025-11-19 19:02:45.800572,5,manual,
3211,54,28698,2025-11-19 19:02:45.800572,5,manual,
3212,54,28700,2025-11-19 19:02:45.800572,5,manual,
3213,54,28701,2025-11-19 19:02:45.800572,5,manual,
3214,54,28703,2025-11-19 19:02:45.800572,5,manual,
3215,54,28704,2025-11-19 19:02:45.800572,5,manual,
3216,54,28705,2025-11-19 19:02:45.800572,5,manual,
3217,54,28708,2025-11-19 19:02:45.800572,5,manual,
3218,54,28711,2025-11-19 19:02:45.800572,5,manual,
3219,54,28712,2025-11-19 19:02:45.800572,5,manual,
3220,54,28715,2025-11-19 19:02:45.800572,5,manual,
3221,54,28717,2025-11-19 19:02:45.800572,5,manual,
3222,54,28720,2025-11-19 19:02:45.800572,5,manual,
3223,54,28721,2025-11-19 19:02:45.800572,5,manual,
3224,54,28722,2025-11-19 19:02:45.800572,5,manual,
3225,54,28723,2025-11-19 19:02:45.800572,5,manual,
3226,54,28724,2025-11-19 19:02:45.800572,5,manual,
3227,54,28741,2025-11-19 19:05:17.283013,5,manual,
3228,54,28743,2025-11-19 19:05:17.283013,5,manual,
3229,54,28746,2025-11-19 19:05:17.283013,5,manual,
3230,54,28747,2025-11-19 19:05:17.283013,5,manual,
3231,54,28748,2025-11-19 19:05:17.283013,5,manual,
3232,54,28750,2025-11-19 19:05:17.283013,5,manual,
3233,54,28751,2025-11-19 19:05:17.283013,5,manual,
3234,54,28752,2025-11-19 19:05:17.283013,5,manual,
3235,54,28753,2025-11-19 19:05:17.283013,5,manual,
3236,54,28755,2025-11-19 19:05:17.283013,5,manual,
3237,54,28782,2025-11-19 19:09:17.139762,5,manual,
3238,54,28783,2025-11-19 19:09:17.139762,5,manual,
3239,54,28784,2025-11-19 19:09:17.139762,5,manual,
3240,54,28786,2025-11-19 19:09:17.139762,5,manual,
3241,54,28788,2025-11-19 19:09:17.139762,5,manual,
3242,54,28790,2025-11-19 19:09:17.139762,5,manual,
3243,54,28791,2025-11-19 19:09:17.139762,5,manual,
3244,54,28835,2025-11-19 20:01:02.29193,5,manual,
3245,54,28836,2025-11-19 20:01:02.29193,5,manual,
3246,54,28838,2025-11-19 20:01:02.29193,5,manual,
3247,54,28839,2025-11-19 20:01:02.29193,5,manual,
3248,54,28840,2025-11-19 20:01:02.29193,5,manual,
3249,54,28841,2025-11-19 20:01:02.29193,5,manual,
3250,54,28842,2025-11-19 20:01:02.29193,5,manual,
3251,54,28843,2025-11-19 20:01:02.29193,5,manual,
3252,54,28844,2025-11-19 20:01:02.29193,5,manual,
3253,54,28845,2025-11-19 20:01:02.29193,5,manual,
3254,54,28849,2025-11-19 20:01:02.29193,5,manual,
3255,54,28850,2025-11-19 20:01:02.29193,5,manual,
3256,54,28851,2025-11-19 20:01:02.29193,5,manual,
3257,54,28852,2025-11-19 20:01:02.29193,5,manual,
3258,54,28853,2025-11-19 20:01:02.29193,5,manual,
3259,54,28854,2025-11-19 20:01:02.29193,5,manual,
3260,54,28855,2025-11-19 20:01:02.29193,5,manual,
3261,54,28856,2025-11-19 20:01:02.29193,5,manual,
3262,54,28857,2025-11-19 20:01:02.29193,5,manual,
3263,54,28787,2025-11-19 20:02:04.325612,5,manual,
3264,54,28799,2025-11-19 20:02:04.325612,5,manual,
3265,54,28800,2025-11-19 20:02:04.325612,5,manual,
3266,54,28909,2025-11-19 20:04:38.482205,5,manual,
3267,54,28910,2025-11-19 20:04:38.482205,5,manual,
3268,54,28912,2025-11-19 20:04:38.482205,5,manual,
3269,54,28913,2025-11-19 20:04:38.482205,5,manual,
3270,54,28914,2025-11-19 20:04:38.482205,5,manual,
3271,54,28918,2025-11-19 20:04:38.482205,5,manual,
3272,54,28921,2025-11-19 20:04:38.482205,5,manual,
3273,54,28922,2025-11-19 20:04:38.482205,5,manual,
3274,54,28923,2025-11-19 20:04:38.482205,5,manual,
3275,54,28925,2025-11-19 20:04:38.482205,5,manual,
3276,54,28926,2025-11-19 20:04:38.482205,5,manual,
3277,54,28927,2025-11-19 20:04:38.482205,5,manual,
3278,54,28928,2025-11-19 20:04:38.482205,5,manual,
3279,54,28930,2025-11-19 20:04:38.482205,5,manual,
3280,54,28933,2025-11-19 20:35:28.864292,5,manual,
3281,54,28934,2025-11-19 20:35:28.864292,5,manual,
3282,54,28935,2025-11-19 20:35:28.864292,5,manual,
3283,54,28936,2025-11-19 20:35:28.864292,5,manual,
3284,54,28937,2025-11-19 20:35:28.864292,5,manual,
3285,54,28940,2025-11-19 20:35:28.864292,5,manual,
3286,54,28943,2025-11-19 20:35:28.864292,5,manual,
3287,54,28945,2025-11-19 20:35:28.864292,5,manual,
3288,54,28947,2025-11-19 20:35:28.864292,5,manual,
3289,54,28950,2025-11-19 20:35:28.864292,5,manual,
3290,54,28951,2025-11-19 20:35:28.864292,5,manual,
3291,54,28952,2025-11-19 20:35:28.864292,5,manual,
3292,54,28954,2025-11-19 20:35:28.864292,5,manual,
3293,54,28955,2025-11-19 20:35:28.864292,5,manual,
3294,54,28956,2025-11-19 20:35:28.864292,5,manual,
3295,54,28959,2025-11-19 20:35:28.864292,5,manual,
3296,54,28962,2025-11-19 20:35:28.864292,5,manual,
3297,54,28963,2025-11-19 20:35:28.864292,5,manual,
3298,54,28964,2025-11-19 20:35:28.864292,5,manual,
3299,54,28868,2025-11-19 20:37:17.841984,5,manual,
3300,54,28869,2025-11-19 20:37:17.841984,5,manual,
3301,54,28870,2025-11-19 20:37:17.841984,5,manual,
3302,54,28871,2025-11-19 20:37:17.841984,5,manual,
3303,54,28872,2025-11-19 20:37:17.841984,5,manual,
3304,54,28873,2025-11-19 20:37:17.841984,5,manual,
3305,54,28874,2025-11-19 20:37:17.841984,5,manual,
3306,54,28876,2025-11-19 20:37:17.841984,5,manual,
3307,54,28877,2025-11-19 20:37:17.841984,5,manual,
3308,54,28887,2025-11-19 20:37:17.841984,5,manual,
3309,54,28888,2025-11-19 20:37:17.841984,5,manual,
3310,54,28891,2025-11-19 20:37:17.841984,5,manual,
3311,54,28892,2025-11-19 20:37:17.841984,5,manual,
3312,54,28893,2025-11-19 20:37:17.841984,5,manual,
3313,54,28894,2025-11-19 20:37:17.841984,5,manual,
3314,54,28895,2025-11-19 20:37:17.841984,5,manual,
3315,54,28896,2025-11-19 20:37:17.841984,5,manual,
3316,54,28897,2025-11-19 20:37:17.841984,5,manual,
3317,54,28898,2025-11-19 20:37:17.841984,5,manual,
3318,54,28900,2025-11-19 20:37:17.841984,5,manual,
3319,54,28901,2025-11-19 20:37:17.841984,5,manual,
3320,54,28902,2025-11-19 20:37:17.841984,5,manual,
3321,54,28904,2025-11-19 20:37:17.841984,5,manual,
3322,54,28907,2025-11-19 20:37:17.841984,5,manual,
3323,54,28908,2025-11-19 20:37:17.841984,5,manual,
3324,54,28995,2025-11-19 21:02:45.098429,5,manual,
3325,54,28996,2025-11-19 21:02:45.098429,5,manual,
3326,54,28997,2025-11-19 21:02:45.098429,5,manual,
3327,54,28998,2025-11-19 21:02:45.098429,5,manual,
3328,54,28999,2025-11-19 21:02:45.098429,5,manual,
3329,54,29002,2025-11-19 21:02:45.098429,5,manual,
3330,54,29004,2025-11-19 21:02:45.098429,5,manual,
3331,54,29006,2025-11-19 21:02:45.098429,5,manual,
3332,54,29011,2025-11-19 21:02:45.098429,5,manual,
3333,54,29039,2025-11-19 21:05:01.435485,5,manual,
3334,54,29044,2025-11-19 21:05:01.435485,5,manual,
3335,54,29045,2025-11-19 21:05:01.435485,5,manual,
3336,54,29049,2025-11-19 21:05:01.435485,5,manual,
3337,54,29051,2025-11-19 21:05:01.435485,5,manual,
3338,54,29052,2025-11-19 21:05:01.435485,5,manual,
3339,54,29060,2025-11-19 21:05:01.435485,5,manual,
3340,54,29061,2025-11-19 21:05:01.435485,5,manual,
3341,54,29064,2025-11-19 21:05:01.435485,5,manual,
3342,54,29065,2025-11-19 21:05:01.435485,5,manual,
3343,54,29066,2025-11-19 21:05:01.435485,5,manual,
3344,54,29070,2025-11-19 21:05:01.435485,5,manual,
3345,54,29071,2025-11-19 21:05:01.435485,5,manual,
3346,54,29072,2025-11-19 21:05:01.435485,5,manual,
3347,54,29074,2025-11-19 21:05:01.435485,5,manual,
3348,54,29075,2025-11-19 21:05:01.435485,5,manual,
3349,54,29076,2025-11-19 21:05:01.435485,5,manual,
3350,54,29081,2025-11-19 21:08:49.006057,5,manual,
3351,54,29082,2025-11-19 21:08:49.006057,5,manual,
3352,54,29083,2025-11-19 21:08:49.006057,5,manual,
3353,54,29085,2025-11-19 21:08:49.006057,5,manual,
3354,54,29087,2025-11-19 21:08:49.006057,5,manual,
3355,54,29088,2025-11-19 21:08:49.006057,5,manual,
3356,54,29116,2025-11-19 21:12:45.776961,5,manual,
3357,54,29117,2025-11-19 21:12:45.776961,5,manual,
3358,54,29118,2025-11-19 21:12:45.776961,5,manual,
3359,54,29119,2025-11-19 21:12:45.776961,5,manual,
3360,54,29120,2025-11-19 21:12:45.776961,5,manual,
3361,54,29121,2025-11-19 21:12:45.776961,5,manual,
3362,54,29126,2025-11-19 21:12:45.776961,5,manual,
3363,54,29128,2025-11-19 21:12:45.776961,5,manual,
3364,54,29142,2025-11-19 21:12:45.776961,5,manual,
3365,54,29144,2025-11-19 21:15:19.730692,5,manual,
3366,54,29146,2025-11-19 21:15:19.730692,5,manual,
3367,54,29156,2025-11-19 21:15:19.730692,5,manual,
3368,54,29157,2025-11-19 21:15:19.730692,5,manual,
3369,54,29160,2025-11-19 21:15:19.730692,5,manual,
3370,54,29162,2025-11-19 21:15:19.730692,5,manual,
3371,54,29163,2025-11-19 21:15:19.730692,5,manual,
3372,54,29171,2025-11-19 21:17:29.807231,5,manual,
3373,54,29176,2025-11-19 21:17:29.807231,5,manual,
3374,54,29178,2025-11-19 21:17:29.807231,5,manual,
3375,54,29180,2025-11-19 21:17:29.807231,5,manual,
3376,54,29181,2025-11-19 21:17:29.807231,5,manual,
3377,54,29183,2025-11-19 21:17:29.807231,5,manual,
3378,54,29185,2025-11-19 21:17:29.807231,5,manual,
3379,54,29186,2025-11-19 21:17:29.807231,5,manual,
3380,54,29189,2025-11-19 21:17:29.807231,5,manual,
3381,54,29196,2025-11-19 21:17:29.807231,5,manual,
3382,54,29199,2025-11-19 21:18:03.950037,5,manual,
3383,54,29201,2025-11-19 21:18:03.950037,5,manual,
3384,54,29203,2025-11-19 21:18:03.950037,5,manual,
3385,54,29205,2025-11-19 21:20:12.890392,5,manual,
3386,54,29206,2025-11-19 21:20:12.890392,5,manual,
3387,54,29217,2025-11-19 21:20:12.890392,5,manual,
3388,54,29218,2025-11-19 21:20:12.890392,5,manual,
3389,54,29220,2025-11-19 21:20:12.890392,5,manual,
3390,54,29226,2025-11-19 21:21:14.651982,5,manual,
3391,54,29228,2025-11-19 21:21:14.651982,5,manual,
3392,54,29230,2025-11-19 21:21:14.651982,5,manual,
3393,54,29232,2025-11-19 21:21:14.651982,5,manual,
3394,54,29233,2025-11-19 21:21:14.651982,5,manual,
3395,54,29236,2025-11-19 21:21:14.651982,5,manual,
3396,54,29237,2025-11-19 21:21:14.651982,5,manual,
3397,54,29239,2025-11-19 21:21:14.651982,5,manual,
3398,54,29240,2025-11-19 21:21:14.651982,5,manual,
3399,54,29289,2025-11-19 21:44:41.531027,5,manual,
3400,54,29290,2025-11-19 21:44:41.531027,5,manual,
3401,54,29291,2025-11-19 21:44:41.531027,5,manual,
3402,54,29292,2025-11-19 21:44:41.531027,5,manual,
3403,54,29294,2025-11-19 21:44:41.531027,5,manual,
3404,54,29295,2025-11-19 21:44:41.531027,5,manual,
3405,54,29247,2025-11-19 21:45:08.67688,5,manual,
3406,54,29252,2025-11-19 21:45:08.67688,5,manual,
3407,54,29255,2025-11-19 21:45:08.67688,5,manual,
3408,54,29256,2025-11-19 21:45:08.67688,5,manual,
3409,54,29257,2025-11-19 21:45:08.67688,5,manual,
3410,54,29259,2025-11-19 21:45:08.67688,5,manual,
3411,54,29260,2025-11-19 21:45:08.67688,5,manual,
3412,54,29261,2025-11-19 21:45:08.67688,5,manual,
3413,54,29265,2025-11-19 21:45:08.67688,5,manual,
3414,54,29269,2025-11-19 21:45:08.67688,5,manual,
3415,54,29280,2025-11-19 21:45:08.67688,5,manual,
3416,54,29281,2025-11-19 21:45:08.67688,5,manual,
3417,54,29305,2025-11-19 21:46:05.630009,5,manual,
3418,54,29310,2025-11-19 21:46:05.630009,5,manual,
3419,54,29311,2025-11-19 21:46:05.630009,5,manual,
3420,54,29312,2025-11-19 21:46:05.630009,5,manual,
3421,54,29313,2025-11-19 21:46:05.630009,5,manual,
3422,54,29315,2025-11-19 21:46:05.630009,5,manual,
3423,54,29316,2025-11-19 21:46:05.630009,5,manual,
3424,54,29318,2025-11-19 21:46:05.630009,5,manual,
3425,54,29323,2025-11-19 21:46:05.630009,5,manual,
3426,54,29325,2025-11-19 21:46:05.630009,5,manual,
3427,54,29321,2025-11-19 21:46:31.664747,5,manual,
3428,54,29333,2025-11-19 21:46:31.664747,5,manual,
3429,54,29339,2025-11-19 21:46:31.664747,5,manual,
3430,54,29340,2025-11-19 21:46:31.664747,5,manual,
3431,54,29351,2025-11-19 21:46:31.664747,5,manual,
3432,54,29352,2025-11-19 21:46:31.664747,5,manual,
3433,54,29361,2025-11-19 21:46:31.664747,5,manual,
3434,54,29362,2025-11-19 21:46:31.664747,5,manual,
3435,54,29370,2025-11-19 21:48:12.930918,5,manual,
3436,54,29382,2025-11-19 21:48:12.930918,5,manual,
3437,54,29383,2025-11-19 21:48:12.930918,5,manual,
3438,54,29384,2025-11-19 21:48:12.930918,5,manual,
3439,54,29385,2025-11-19 21:48:12.930918,5,manual,
3440,54,29388,2025-11-19 21:48:12.930918,5,manual,
3441,54,29389,2025-11-19 21:48:12.930918,5,manual,
3442,54,29390,2025-11-19 21:48:12.930918,5,manual,
3443,54,29394,2025-11-19 21:48:29.450755,5,manual,
3444,54,29395,2025-11-19 21:48:29.450755,5,manual,
3445,54,29396,2025-11-19 21:48:29.450755,5,manual,
3446,54,29398,2025-11-19 21:48:29.450755,5,manual,
3447,54,29399,2025-11-19 21:48:29.450755,5,manual,
3448,54,29400,2025-11-19 21:48:29.450755,5,manual,
3449,54,29401,2025-11-19 21:48:29.450755,5,manual,
3450,54,29404,2025-11-19 21:48:29.450755,5,manual,
3451,54,29409,2025-11-19 21:48:29.450755,5,manual,
3452,54,29410,2025-11-19 21:48:29.450755,5,manual,
3453,54,29411,2025-11-19 21:48:29.450755,5,manual,
3454,54,29412,2025-11-19 21:48:29.450755,5,manual,
3455,54,29415,2025-11-19 21:51:17.425775,5,manual,
3456,54,29421,2025-11-19 21:51:17.425775,5,manual,
3457,54,29422,2025-11-19 21:51:17.425775,5,manual,
3458,54,29424,2025-11-19 21:51:17.425775,5,manual,
3459,54,29425,2025-11-19 21:51:17.425775,5,manual,
3460,54,29426,2025-11-19 21:51:17.425775,5,manual,
3461,54,29434,2025-11-19 21:52:00.848187,5,manual,
3462,54,29435,2025-11-19 21:52:00.848187,5,manual,
3463,54,29436,2025-11-19 21:52:00.848187,5,manual,
3464,54,29442,2025-11-19 21:52:00.848187,5,manual,
3465,54,29443,2025-11-19 21:52:00.848187,5,manual,
3466,54,29445,2025-11-19 21:52:00.848187,5,manual,
3467,54,29449,2025-11-19 21:52:00.848187,5,manual,
3468,54,29450,2025-11-19 21:52:00.848187,5,manual,
3469,54,29451,2025-11-19 21:52:00.848187,5,manual,
3470,54,29460,2025-11-19 21:53:13.725372,5,manual,
3471,54,29462,2025-11-19 21:53:13.725372,5,manual,
3472,54,29464,2025-11-19 21:53:13.725372,5,manual,
3473,54,29465,2025-11-19 21:53:13.725372,5,manual,
3474,54,29466,2025-11-19 21:53:13.725372,5,manual,
3475,54,29470,2025-11-19 21:53:13.725372,5,manual,
3476,54,29472,2025-11-19 21:53:13.725372,5,manual,
3477,54,29482,2025-11-19 21:58:34.691698,5,manual,
3478,54,29484,2025-11-19 21:58:34.691698,5,manual,
3479,54,29485,2025-11-19 21:58:34.691698,5,manual,
3480,54,29487,2025-11-19 21:58:34.691698,5,manual,
3481,54,29501,2025-11-19 22:00:28.267012,5,manual,
3482,54,29505,2025-11-19 22:00:28.267012,5,manual,
3483,55,28435,2025-11-19 22:12:53.454079,5,csv_import,"{""errors"": 0, ""imported"": 199, ""totalAttempted"": 199}"
3484,55,28436,2025-11-19 22:12:53.454079,5,csv_import,"{""errors"": 0, ""imported"": 199, ""totalAttempted"": 199}"
3485,55,28485,2025-11-19 22:12:53.454079,5,csv_import,"{""errors"": 0, ""imported"": 199, ""totalAttempted"": 199}"
3486,55,28495,2025-11-19 22:12:53.454079,5,csv_import,"{""errors"": 0, ""imported"": 199, ""totalAttempted"": 199}"
3487,55,28496,2025-11-19 22:12:53.454079,5,csv_import,"{""errors"": 0, ""imported"": 199, ""totalAttempted"": 199}"
3488,55,28501,2025-11-19 22:12:53.454079,5,csv_import,"{""errors"": 0, ""imported"": 199, ""totalAttempted"": 199}"
3489,55,28502,2025-11-19 22:12:53.454079,5,csv_import,"{""errors"": 0, ""imported"": 199, ""totalAttempted"": 199}"
3490,55,28507,2025-11-19 22:12:53.454079,5,csv_import,"{""errors"": 0, ""imported"": 199, ""totalAttempted"": 199}"
3491,55,28546,2025-11-19 22:12:53.454079,5,csv_import,"{""errors"": 0, ""imported"": 199, ""totalAttempted"": 199}"
3492,55,28550,2025-11-19 22:12:53.454079,5,csv_import,"{""errors"": 0, ""imported"": 199, ""totalAttempted"": 199}"
3493,55,28554,2025-11-19 22:12:53.454079,5,csv_import,"{""errors"": 0, ""imported"": 199, ""totalAttempted"": 199}"
3494,55,28556,2025-11-19 22:12:53.454079,5,csv_import,"{""errors"": 0, ""imported"": 199, ""totalAttempted"": 199}"
3495,55,28557,2025-11-19 22:12:53.454079,5,csv_import,"{""errors"": 0, ""imported"": 199, ""totalAttempted"": 199}"
3496,55,28612,2025-11-19 22:12:53.454079,5,csv_import,"{""errors"": 0, ""imported"": 199, ""totalAttempted"": 199}"
3497,55,28613,2025-11-19 22:12:53.454079,5,csv_import,"{""errors"": 0, ""imported"": 199, ""totalAttempted"": 199}"
3498,55,28619,2025-11-19 22:12:53.454079,5,csv_import,"{""errors"": 0, ""imported"": 199, ""totalAttempted"": 199}"
3499,55,28621,2025-11-19 22:12:53.454079,5,csv_import,"{""errors"": 0, ""imported"": 199, ""totalAttempted"": 199}"
3500,55,28623,2025-11-19 22:12:53.454079,5,csv_import,"{""errors"": 0, ""imported"": 199, ""totalAttempted"": 199}"
3501,55,28626,2025-11-19 22:12:53.454079,5,csv_import,"{""errors"": 0, ""imported"": 199, ""totalAttempted"": 199}"
3502,55,28628,2025-11-19 22:12:53.454079,5,csv_import,"{""errors"": 0, ""imported"": 199, ""totalAttempted"": 199}"
3503,55,28629,2025-11-19 22:12:53.454079,5,csv_import,"{""errors"": 0, ""imported"": 199, ""totalAttempted"": 199}"
3504,55,28632,2025-11-19 22:12:53.454079,5,csv_import,"{""errors"": 0, ""imported"": 199, ""totalAttempted"": 199}"
3505,55,28635,2025-11-19 22:12:53.454079,5,csv_import,"{""errors"": 0, ""imported"": 199, ""totalAttempted"": 199}"
3506,55,28641,2025-11-19 22:12:53.454079,5,csv_import,"{""errors"": 0, ""imported"": 199, ""totalAttempted"": 199}"
3507,55,28642,2025-11-19 22:12:53.454079,5,csv_import,"{""errors"": 0, ""imported"": 199, ""totalAttempted"": 199}"
3508,55,28643,2025-11-19 22:12:53.454079,5,csv_import,"{""errors"": 0, ""imported"": 199, ""totalAttempted"": 199}"
3509,55,28644,2025-11-19 22:12:53.454079,5,csv_import,"{""errors"": 0, ""imported"": 199, ""totalAttempted"": 199}"
3510,55,28650,2025-11-19 22:12:53.454079,5,csv_import,"{""errors"": 0, ""imported"": 199, ""totalAttempted"": 199}"
3511,55,28654,2025-11-19 22:12:53.454079,5,csv_import,"{""errors"": 0, ""imported"": 199, ""totalAttempted"": 199}"
3512,55,28657,2025-11-19 22:12:53.454079,5,csv_import,"{""errors"": 0, ""imported"": 199, ""totalAttempted"": 199}"
3513,55,28658,2025-11-19 22:12:53.454079,5,csv_import,"{""errors"": 0, ""imported"": 199, ""totalAttempted"": 199}"
3514,55,28659,2025-11-19 22:12:53.454079,5,csv_import,"{""errors"": 0, ""imported"": 199, ""totalAttempted"": 199}"
3515,55,28662,2025-11-19 22:12:53.454079,5,csv_import,"{""errors"": 0, ""imported"": 199, ""totalAttempted"": 199}"
3516,55,28663,2025-11-19 22:12:53.454079,5,csv_import,"{""errors"": 0, ""imported"": 199, ""totalAttempted"": 199}"
3517,55,28666,2025-11-19 22:12:53.454079,5,csv_import,"{""errors"": 0, ""imported"": 199, ""totalAttempted"": 199}"
3518,55,28667,2025-11-19 22:12:53.454079,5,csv_import,"{""errors"": 0, ""imported"": 199, ""totalAttempted"": 199}"
3519,55,28669,2025-11-19 22:12:53.454079,5,csv_import,"{""errors"": 0, ""imported"": 199, ""totalAttempted"": 199}"
3520,55,28670,2025-11-19 22:12:53.454079,5,csv_import,"{""errors"": 0, ""imported"": 199, ""totalAttempted"": 199}"
3521,55,28675,2025-11-19 22:12:53.454079,5,csv_import,"{""errors"": 0, ""imported"": 199, ""totalAttempted"": 199}"
3522,55,28677,2025-11-19 22:12:53.454079,5,csv_import,"{""errors"": 0, ""imported"": 199, ""totalAttempted"": 199}"
3523,55,28678,2025-11-19 22:12:53.454079,5,csv_import,"{""errors"": 0, ""imported"": 199, ""totalAttempted"": 199}"
3524,55,28680,2025-11-19 22:12:53.454079,5,csv_import,"{""errors"": 0, ""imported"": 199, ""totalAttempted"": 199}"
3525,55,28682,2025-11-19 22:12:53.454079,5,csv_import,"{""errors"": 0, ""imported"": 199, ""totalAttempted"": 199}"
3526,55,28684,2025-11-19 22:12:53.454079,5,csv_import,"{""errors"": 0, ""imported"": 199, ""totalAttempted"": 199}"
3527,55,28689,2025-11-19 22:12:53.454079,5,csv_import,"{""errors"": 0, ""imported"": 199, ""totalAttempted"": 199}"
3528,55,28698,2025-11-19 22:12:53.454079,5,csv_import,"{""errors"": 0, ""imported"": 199, ""totalAttempted"": 199}"
3529,55,28703,2025-11-19 22:12:53.454079,5,csv_import,"{""errors"": 0, ""imported"": 199, ""totalAttempted"": 199}"
3530,55,28705,2025-11-19 22:12:53.454079,5,csv_import,"{""errors"": 0, ""imported"": 199, ""totalAttempted"": 199}"
3531,55,28708,2025-11-19 22:12:53.454079,5,csv_import,"{""errors"": 0, ""imported"": 199, ""totalAttempted"": 199}"
3532,55,28711,2025-11-19 22:12:53.454079,5,csv_import,"{""errors"": 0, ""imported"": 199, ""totalAttempted"": 199}"
3533,55,28712,2025-11-19 22:12:53.454079,5,csv_import,"{""errors"": 0, ""imported"": 199, ""totalAttempted"": 199}"
3534,55,28715,2025-11-19 22:12:53.454079,5,csv_import,"{""errors"": 0, ""imported"": 199, ""totalAttempted"": 199}"
3535,55,28720,2025-11-19 22:12:53.454079,5,csv_import,"{""errors"": 0, ""imported"": 199, ""totalAttempted"": 199}"
3536,55,28721,2025-11-19 22:12:53.454079,5,csv_import,"{""errors"": 0, ""imported"": 199, ""totalAttempted"": 199}"
3537,55,28722,2025-11-19 22:12:53.454079,5,csv_import,"{""errors"": 0, ""imported"": 199, ""totalAttempted"": 199}"
3538,55,28741,2025-11-19 22:12:53.454079,5,csv_import,"{""errors"": 0, ""imported"": 199, ""totalAttempted"": 199}"
3539,55,28743,2025-11-19 22:12:53.454079,5,csv_import,"{""errors"": 0, ""imported"": 199, ""totalAttempted"": 199}"
3540,55,28746,2025-11-19 22:12:53.454079,5,csv_import,"{""errors"": 0, ""imported"": 199, ""totalAttempted"": 199}"
3541,55,28747,2025-11-19 22:12:53.454079,5,csv_import,"{""errors"": 0, ""imported"": 199, ""totalAttempted"": 199}"
3542,55,28748,2025-11-19 22:12:53.454079,5,csv_import,"{""errors"": 0, ""imported"": 199, ""totalAttempted"": 199}"
3543,55,28750,2025-11-19 22:12:53.454079,5,csv_import,"{""errors"": 0, ""imported"": 199, ""totalAttempted"": 199}"
3544,55,28751,2025-11-19 22:12:53.454079,5,csv_import,"{""errors"": 0, ""imported"": 199, ""totalAttempted"": 199}"
3545,55,28782,2025-11-19 22:12:53.454079,5,csv_import,"{""errors"": 0, ""imported"": 199, ""totalAttempted"": 199}"
3546,55,28783,2025-11-19 22:12:53.454079,5,csv_import,"{""errors"": 0, ""imported"": 199, ""totalAttempted"": 199}"
3547,55,28784,2025-11-19 22:12:53.454079,5,csv_import,"{""errors"": 0, ""imported"": 199, ""totalAttempted"": 199}"
3548,55,28786,2025-11-19 22:12:53.454079,5,csv_import,"{""errors"": 0, ""imported"": 199, ""totalAttempted"": 199}"
3549,55,28787,2025-11-19 22:12:53.454079,5,csv_import,"{""errors"": 0, ""imported"": 199, ""totalAttempted"": 199}"
3550,55,28788,2025-11-19 22:12:53.454079,5,csv_import,"{""errors"": 0, ""imported"": 199, ""totalAttempted"": 199}"
3551,55,28790,2025-11-19 22:12:53.454079,5,csv_import,"{""errors"": 0, ""imported"": 199, ""totalAttempted"": 199}"
3552,55,28791,2025-11-19 22:12:53.454079,5,csv_import,"{""errors"": 0, ""imported"": 199, ""totalAttempted"": 199}"
3553,55,28799,2025-11-19 22:12:53.454079,5,csv_import,"{""errors"": 0, ""imported"": 199, ""totalAttempted"": 199}"
3554,55,28836,2025-11-19 22:12:53.454079,5,csv_import,"{""errors"": 0, ""imported"": 199, ""totalAttempted"": 199}"
3555,55,28838,2025-11-19 22:12:53.454079,5,csv_import,"{""errors"": 0, ""imported"": 199, ""totalAttempted"": 199}"
3556,55,28841,2025-11-19 22:12:53.454079,5,csv_import,"{""errors"": 0, ""imported"": 199, ""totalAttempted"": 199}"
3557,55,28843,2025-11-19 22:12:53.454079,5,csv_import,"{""errors"": 0, ""imported"": 199, ""totalAttempted"": 199}"
3558,55,28849,2025-11-19 22:12:53.454079,5,csv_import,"{""errors"": 0, ""imported"": 199, ""totalAttempted"": 199}"
3559,55,28851,2025-11-19 22:12:53.454079,5,csv_import,"{""errors"": 0, ""imported"": 199, ""totalAttempted"": 199}"
3560,55,28852,2025-11-19 22:12:53.454079,5,csv_import,"{""errors"": 0, ""imported"": 199, ""totalAttempted"": 199}"
3561,55,28853,2025-11-19 22:12:53.454079,5,csv_import,"{""errors"": 0, ""imported"": 199, ""totalAttempted"": 199}"
3562,55,28855,2025-11-19 22:12:53.454079,5,csv_import,"{""errors"": 0, ""imported"": 199, ""totalAttempted"": 199}"
3563,55,28856,2025-11-19 22:12:53.454079,5,csv_import,"{""errors"": 0, ""imported"": 199, ""totalAttempted"": 199}"
3564,55,28868,2025-11-19 22:12:53.454079,5,csv_import,"{""errors"": 0, ""imported"": 199, ""totalAttempted"": 199}"
3565,55,28869,2025-11-19 22:12:53.454079,5,csv_import,"{""errors"": 0, ""imported"": 199, ""totalAttempted"": 199}"
3566,55,28870,2025-11-19 22:12:53.454079,5,csv_import,"{""errors"": 0, ""imported"": 199, ""totalAttempted"": 199}"
3567,55,28871,2025-11-19 22:12:53.454079,5,csv_import,"{""errors"": 0, ""imported"": 199, ""totalAttempted"": 199}"
3568,55,28872,2025-11-19 22:12:53.454079,5,csv_import,"{""errors"": 0, ""imported"": 199, ""totalAttempted"": 199}"
3569,55,28873,2025-11-19 22:12:53.454079,5,csv_import,"{""errors"": 0, ""imported"": 199, ""totalAttempted"": 199}"
3570,55,28874,2025-11-19 22:12:53.454079,5,csv_import,"{""errors"": 0, ""imported"": 199, ""totalAttempted"": 199}"
3571,55,28876,2025-11-19 22:12:53.454079,5,csv_import,"{""errors"": 0, ""imported"": 199, ""totalAttempted"": 199}"
3572,55,28887,2025-11-19 22:12:53.454079,5,csv_import,"{""errors"": 0, ""imported"": 199, ""totalAttempted"": 199}"
3573,55,28888,2025-11-19 22:12:53.454079,5,csv_import,"{""errors"": 0, ""imported"": 199, ""totalAttempted"": 199}"
3574,55,28891,2025-11-19 22:12:53.454079,5,csv_import,"{""errors"": 0, ""imported"": 199, ""totalAttempted"": 199}"
3575,55,28894,2025-11-19 22:12:53.454079,5,csv_import,"{""errors"": 0, ""imported"": 199, ""totalAttempted"": 199}"
3576,55,28898,2025-11-19 22:12:53.454079,5,csv_import,"{""errors"": 0, ""imported"": 199, ""totalAttempted"": 199}"
3577,55,28900,2025-11-19 22:12:53.454079,5,csv_import,"{""errors"": 0, ""imported"": 199, ""totalAttempted"": 199}"
3578,55,28901,2025-11-19 22:12:53.454079,5,csv_import,"{""errors"": 0, ""imported"": 199, ""totalAttempted"": 199}"
3579,55,28902,2025-11-19 22:12:53.454079,5,csv_import,"{""errors"": 0, ""imported"": 199, ""totalAttempted"": 199}"
3580,55,28909,2025-11-19 22:12:53.454079,5,csv_import,"{""errors"": 0, ""imported"": 199, ""totalAttempted"": 199}"
3581,55,28922,2025-11-19 22:12:53.454079,5,csv_import,"{""errors"": 0, ""imported"": 199, ""totalAttempted"": 199}"
3582,55,28925,2025-11-19 22:12:53.454079,5,csv_import,"{""errors"": 0, ""imported"": 199, ""totalAttempted"": 199}"
3583,55,28926,2025-11-19 22:12:53.454079,5,csv_import,"{""errors"": 0, ""imported"": 199, ""totalAttempted"": 199}"
3584,55,28927,2025-11-19 22:12:53.454079,5,csv_import,"{""errors"": 0, ""imported"": 199, ""totalAttempted"": 199}"
3585,55,28928,2025-11-19 22:12:53.454079,5,csv_import,"{""errors"": 0, ""imported"": 199, ""totalAttempted"": 199}"
3586,55,28933,2025-11-19 22:12:53.454079,5,csv_import,"{""errors"": 0, ""imported"": 199, ""totalAttempted"": 199}"
3587,55,28935,2025-11-19 22:12:53.454079,5,csv_import,"{""errors"": 0, ""imported"": 199, ""totalAttempted"": 199}"
3588,55,28936,2025-11-19 22:12:53.454079,5,csv_import,"{""errors"": 0, ""imported"": 199, ""totalAttempted"": 199}"
3589,55,28937,2025-11-19 22:12:53.454079,5,csv_import,"{""errors"": 0, ""imported"": 199, ""totalAttempted"": 199}"
3590,55,28945,2025-11-19 22:12:53.454079,5,csv_import,"{""errors"": 0, ""imported"": 199, ""totalAttempted"": 199}"
3591,55,28947,2025-11-19 22:12:53.454079,5,csv_import,"{""errors"": 0, ""imported"": 199, ""totalAttempted"": 199}"
3592,55,28950,2025-11-19 22:12:53.454079,5,csv_import,"{""errors"": 0, ""imported"": 199, ""totalAttempted"": 199}"
3593,55,28954,2025-11-19 22:12:53.454079,5,csv_import,"{""errors"": 0, ""imported"": 199, ""totalAttempted"": 199}"
3594,55,28955,2025-11-19 22:12:53.454079,5,csv_import,"{""errors"": 0, ""imported"": 199, ""totalAttempted"": 199}"
3595,55,28956,2025-11-19 22:12:53.454079,5,csv_import,"{""errors"": 0, ""imported"": 199, ""totalAttempted"": 199}"
3596,55,28962,2025-11-19 22:12:53.454079,5,csv_import,"{""errors"": 0, ""imported"": 199, ""totalAttempted"": 199}"
3597,55,28963,2025-11-19 22:12:53.454079,5,csv_import,"{""errors"": 0, ""imported"": 199, ""totalAttempted"": 199}"
3598,55,28981,2025-11-19 22:12:53.454079,5,csv_import,"{""errors"": 0, ""imported"": 199, ""totalAttempted"": 199}"
3599,55,28987,2025-11-19 22:12:53.454079,5,csv_import,"{""errors"": 0, ""imported"": 199, ""totalAttempted"": 199}"
3600,55,28997,2025-11-19 22:12:53.454079,5,csv_import,"{""errors"": 0, ""imported"": 199, ""totalAttempted"": 199}"
3601,55,28998,2025-11-19 22:12:53.454079,5,csv_import,"{""errors"": 0, ""imported"": 199, ""totalAttempted"": 199}"
3602,55,28999,2025-11-19 22:12:53.454079,5,csv_import,"{""errors"": 0, ""imported"": 199, ""totalAttempted"": 199}"
3603,55,29002,2025-11-19 22:12:53.454079,5,csv_import,"{""errors"": 0, ""imported"": 199, ""totalAttempted"": 199}"
3604,55,29004,2025-11-19 22:12:53.454079,5,csv_import,"{""errors"": 0, ""imported"": 199, ""totalAttempted"": 199}"
3605,55,29006,2025-11-19 22:12:53.454079,5,csv_import,"{""errors"": 0, ""imported"": 199, ""totalAttempted"": 199}"
3606,55,29009,2025-11-19 22:12:53.454079,5,csv_import,"{""errors"": 0, ""imported"": 199, ""totalAttempted"": 199}"
3607,55,29011,2025-11-19 22:12:53.454079,5,csv_import,"{""errors"": 0, ""imported"": 199, ""totalAttempted"": 199}"
3608,55,29016,2025-11-19 22:12:53.454079,5,csv_import,"{""errors"": 0, ""imported"": 199, ""totalAttempted"": 199}"
3609,55,29045,2025-11-19 22:12:53.454079,5,csv_import,"{""errors"": 0, ""imported"": 199, ""totalAttempted"": 199}"
3610,55,29049,2025-11-19 22:12:53.454079,5,csv_import,"{""errors"": 0, ""imported"": 199, ""totalAttempted"": 199}"
3611,55,29052,2025-11-19 22:12:53.454079,5,csv_import,"{""errors"": 0, ""imported"": 199, ""totalAttempted"": 199}"
3612,55,29061,2025-11-19 22:12:53.454079,5,csv_import,"{""errors"": 0, ""imported"": 199, ""totalAttempted"": 199}"
3613,55,29064,2025-11-19 22:12:53.454079,5,csv_import,"{""errors"": 0, ""imported"": 199, ""totalAttempted"": 199}"
3614,55,29065,2025-11-19 22:12:53.454079,5,csv_import,"{""errors"": 0, ""imported"": 199, ""totalAttempted"": 199}"
3615,55,29072,2025-11-19 22:12:53.454079,5,csv_import,"{""errors"": 0, ""imported"": 199, ""totalAttempted"": 199}"
3616,55,29076,2025-11-19 22:12:53.454079,5,csv_import,"{""errors"": 0, ""imported"": 199, ""totalAttempted"": 199}"
3617,55,29082,2025-11-19 22:12:53.454079,5,csv_import,"{""errors"": 0, ""imported"": 199, ""totalAttempted"": 199}"
3618,55,29085,2025-11-19 22:12:53.454079,5,csv_import,"{""errors"": 0, ""imported"": 199, ""totalAttempted"": 199}"
3619,55,29116,2025-11-19 22:12:53.454079,5,csv_import,"{""errors"": 0, ""imported"": 199, ""totalAttempted"": 199}"
3620,55,29117,2025-11-19 22:12:53.454079,5,csv_import,"{""errors"": 0, ""imported"": 199, ""totalAttempted"": 199}"
3621,55,29118,2025-11-19 22:12:53.454079,5,csv_import,"{""errors"": 0, ""imported"": 199, ""totalAttempted"": 199}"
3622,55,29119,2025-11-19 22:12:53.454079,5,csv_import,"{""errors"": 0, ""imported"": 199, ""totalAttempted"": 199}"
3623,55,29120,2025-11-19 22:12:53.454079,5,csv_import,"{""errors"": 0, ""imported"": 199, ""totalAttempted"": 199}"
3624,55,29121,2025-11-19 22:12:53.454079,5,csv_import,"{""errors"": 0, ""imported"": 199, ""totalAttempted"": 199}"
3625,55,29142,2025-11-19 22:12:53.454079,5,csv_import,"{""errors"": 0, ""imported"": 199, ""totalAttempted"": 199}"
3626,55,29144,2025-11-19 22:12:53.454079,5,csv_import,"{""errors"": 0, ""imported"": 199, ""totalAttempted"": 199}"
3627,55,29146,2025-11-19 22:12:53.454079,5,csv_import,"{""errors"": 0, ""imported"": 199, ""totalAttempted"": 199}"
3628,55,29156,2025-11-19 22:12:53.454079,5,csv_import,"{""errors"": 0, ""imported"": 199, ""totalAttempted"": 199}"
3629,55,29157,2025-11-19 22:12:53.454079,5,csv_import,"{""errors"": 0, ""imported"": 199, ""totalAttempted"": 199}"
3630,55,29162,2025-11-19 22:12:53.454079,5,csv_import,"{""errors"": 0, ""imported"": 199, ""totalAttempted"": 199}"
3631,55,29163,2025-11-19 22:12:53.454079,5,csv_import,"{""errors"": 0, ""imported"": 199, ""totalAttempted"": 199}"
3632,55,29171,2025-11-19 22:12:53.454079,5,csv_import,"{""errors"": 0, ""imported"": 199, ""totalAttempted"": 199}"
3633,55,29176,2025-11-19 22:12:53.454079,5,csv_import,"{""errors"": 0, ""imported"": 199, ""totalAttempted"": 199}"
3634,55,29178,2025-11-19 22:12:53.454079,5,csv_import,"{""errors"": 0, ""imported"": 199, ""totalAttempted"": 199}"
3635,55,29180,2025-11-19 22:12:53.454079,5,csv_import,"{""errors"": 0, ""imported"": 199, ""totalAttempted"": 199}"
3636,55,29181,2025-11-19 22:12:53.454079,5,csv_import,"{""errors"": 0, ""imported"": 199, ""totalAttempted"": 199}"
3637,55,29185,2025-11-19 22:12:53.454079,5,csv_import,"{""errors"": 0, ""imported"": 199, ""totalAttempted"": 199}"
3638,55,29199,2025-11-19 22:12:53.454079,5,csv_import,"{""errors"": 0, ""imported"": 199, ""totalAttempted"": 199}"
3639,55,29203,2025-11-19 22:12:53.454079,5,csv_import,"{""errors"": 0, ""imported"": 199, ""totalAttempted"": 199}"
3640,55,29205,2025-11-19 22:12:53.454079,5,csv_import,"{""errors"": 0, ""imported"": 199, ""totalAttempted"": 199}"
3641,55,29206,2025-11-19 22:12:53.454079,5,csv_import,"{""errors"": 0, ""imported"": 199, ""totalAttempted"": 199}"
3642,55,29220,2025-11-19 22:12:53.454079,5,csv_import,"{""errors"": 0, ""imported"": 199, ""totalAttempted"": 199}"
3643,55,29226,2025-11-19 22:12:53.454079,5,csv_import,"{""errors"": 0, ""imported"": 199, ""totalAttempted"": 199}"
3644,55,29228,2025-11-19 22:12:53.454079,5,csv_import,"{""errors"": 0, ""imported"": 199, ""totalAttempted"": 199}"
3645,55,29230,2025-11-19 22:12:53.454079,5,csv_import,"{""errors"": 0, ""imported"": 199, ""totalAttempted"": 199}"
3646,55,29232,2025-11-19 22:12:53.454079,5,csv_import,"{""errors"": 0, ""imported"": 199, ""totalAttempted"": 199}"
3647,55,29233,2025-11-19 22:12:53.454079,5,csv_import,"{""errors"": 0, ""imported"": 199, ""totalAttempted"": 199}"
3648,55,29237,2025-11-19 22:12:53.454079,5,csv_import,"{""errors"": 0, ""imported"": 199, ""totalAttempted"": 199}"
3649,55,29239,2025-11-19 22:12:53.454079,5,csv_import,"{""errors"": 0, ""imported"": 199, ""totalAttempted"": 199}"
3650,55,29240,2025-11-19 22:12:53.454079,5,csv_import,"{""errors"": 0, ""imported"": 199, ""totalAttempted"": 199}"
3651,55,29252,2025-11-19 22:12:53.454079,5,csv_import,"{""errors"": 0, ""imported"": 199, ""totalAttempted"": 199}"
3652,55,29305,2025-11-19 22:12:53.454079,5,csv_import,"{""errors"": 0, ""imported"": 199, ""totalAttempted"": 199}"
3653,55,29310,2025-11-19 22:12:53.454079,5,csv_import,"{""errors"": 0, ""imported"": 199, ""totalAttempted"": 199}"
3654,55,29311,2025-11-19 22:12:53.454079,5,csv_import,"{""errors"": 0, ""imported"": 199, ""totalAttempted"": 199}"
3655,55,29312,2025-11-19 22:12:53.454079,5,csv_import,"{""errors"": 0, ""imported"": 199, ""totalAttempted"": 199}"
3656,55,29351,2025-11-19 22:12:53.454079,5,csv_import,"{""errors"": 0, ""imported"": 199, ""totalAttempted"": 199}"
3657,55,29352,2025-11-19 22:12:53.454079,5,csv_import,"{""errors"": 0, ""imported"": 199, ""totalAttempted"": 199}"
3658,55,29385,2025-11-19 22:12:53.454079,5,csv_import,"{""errors"": 0, ""imported"": 199, ""totalAttempted"": 199}"
3659,55,29388,2025-11-19 22:12:53.454079,5,csv_import,"{""errors"": 0, ""imported"": 199, ""totalAttempted"": 199}"
3660,55,29389,2025-11-19 22:12:53.454079,5,csv_import,"{""errors"": 0, ""imported"": 199, ""totalAttempted"": 199}"
3661,55,29390,2025-11-19 22:12:53.454079,5,csv_import,"{""errors"": 0, ""imported"": 199, ""totalAttempted"": 199}"
3662,55,29399,2025-11-19 22:12:53.454079,5,csv_import,"{""errors"": 0, ""imported"": 199, ""totalAttempted"": 199}"
3663,55,29421,2025-11-19 22:12:53.454079,5,csv_import,"{""errors"": 0, ""imported"": 199, ""totalAttempted"": 199}"
3664,55,29422,2025-11-19 22:12:53.454079,5,csv_import,"{""errors"": 0, ""imported"": 199, ""totalAttempted"": 199}"
3665,55,29424,2025-11-19 22:12:53.454079,5,csv_import,"{""errors"": 0, ""imported"": 199, ""totalAttempted"": 199}"
3666,55,29442,2025-11-19 22:12:53.454079,5,csv_import,"{""errors"": 0, ""imported"": 199, ""totalAttempted"": 199}"
3667,55,29449,2025-11-19 22:12:53.454079,5,csv_import,"{""errors"": 0, ""imported"": 199, ""totalAttempted"": 199}"
3668,55,29450,2025-11-19 22:12:53.454079,5,csv_import,"{""errors"": 0, ""imported"": 199, ""totalAttempted"": 199}"
3669,55,29462,2025-11-19 22:12:53.454079,5,csv_import,"{""errors"": 0, ""imported"": 199, ""totalAttempted"": 199}"
3670,55,29465,2025-11-19 22:12:53.454079,5,csv_import,"{""errors"": 0, ""imported"": 199, ""totalAttempted"": 199}"
3671,55,29466,2025-11-19 22:12:53.454079,5,csv_import,"{""errors"": 0, ""imported"": 199, ""totalAttempted"": 199}"
3672,55,29470,2025-11-19 22:12:53.454079,5,csv_import,"{""errors"": 0, ""imported"": 199, ""totalAttempted"": 199}"
3673,55,29472,2025-11-19 22:12:53.454079,5,csv_import,"{""errors"": 0, ""imported"": 199, ""totalAttempted"": 199}"
3674,55,29482,2025-11-19 22:12:53.454079,5,csv_import,"{""errors"": 0, ""imported"": 199, ""totalAttempted"": 199}"
3675,55,29484,2025-11-19 22:12:53.454079,5,csv_import,"{""errors"": 0, ""imported"": 199, ""totalAttempted"": 199}"
3676,55,29485,2025-11-19 22:12:53.454079,5,csv_import,"{""errors"": 0, ""imported"": 199, ""totalAttempted"": 199}"
3677,55,29487,2025-11-19 22:12:53.454079,5,csv_import,"{""errors"": 0, ""imported"": 199, ""totalAttempted"": 199}"
3678,55,29501,2025-11-19 22:12:53.454079,5,csv_import,"{""errors"": 0, ""imported"": 199, ""totalAttempted"": 199}"
3679,55,29505,2025-11-19 22:12:53.454079,5,csv_import,"{""errors"": 0, ""imported"": 199, ""totalAttempted"": 199}"
3680,55,29517,2025-11-19 22:12:53.454079,5,csv_import,"{""errors"": 0, ""imported"": 199, ""totalAttempted"": 199}"
3681,55,29518,2025-11-19 22:12:53.454079,5,csv_import,"{""errors"": 0, ""imported"": 199, ""totalAttempted"": 199}"
3683,57,29889,2025-11-26 00:28:28.047468,50,manual,
3684,57,29873,2025-11-26 00:29:50.298229,50,manual,
3685,57,29874,2025-11-26 00:29:50.298229,50,manual,
3686,57,29882,2025-11-26 00:29:50.298229,50,manual,
3687,57,29898,2025-11-26 00:29:50.298229,50,manual,
3688,57,29879,2025-11-26 00:30:26.184986,50,manual,
3689,57,29908,2025-11-26 03:36:17.701045,50,manual,
3690,57,29905,2025-11-26 03:39:41.737133,50,manual,
3691,57,29954,2025-11-26 03:43:25.838975,50,manual,
3692,57,29960,2025-11-26 03:45:40.529679,50,manual,
3693,57,30002,2025-11-26 03:47:49.100077,50,manual,
3694,57,30048,2025-11-26 03:49:56.823774,50,manual,
3695,57,30051,2025-11-26 03:49:56.823774,50,manual,
3696,57,30053,2025-11-26 03:49:56.823774,50,manual,
3697,57,30054,2025-11-26 03:49:56.823774,50,manual,
3698,57,30055,2025-11-26 03:49:56.823774,50,manual,
3699,57,30056,2025-11-26 03:49:56.823774,50,manual,
3700,57,30057,2025-11-26 03:49:56.823774,50,manual,
3701,57,30065,2025-11-26 03:52:39.208947,50,manual,
3702,57,30116,2025-11-26 04:10:18.279686,50,manual,
3703,57,30117,2025-11-26 04:10:18.279686,50,manual,
3704,57,30119,2025-11-26 04:10:18.279686,50,manual,
3705,57,30120,2025-11-26 04:10:18.279686,50,manual,
3706,57,30249,2025-11-26 04:18:21.838818,50,manual,
3707,58,30502,2025-11-26 04:59:32.850723,50,manual,
3708,58,30494,2025-11-26 05:00:04.241589,50,manual,
3709,58,30497,2025-11-26 05:00:04.241589,50,manual,
3710,58,30519,2025-11-26 05:00:04.241589,50,manual,
3711,58,30628,2025-11-26 21:36:48.021487,50,manual,
3712,58,30630,2025-11-26 21:36:48.021487,50,manual,
3713,57,29894,2025-12-02 18:37:00.669753,50,manual,
