id,batch_id,contact_id,company_id,status,email_generated,email_sent,created_at,email_subject,email_body,email_tone,sent_at,edited_content,communication_id
1,5,361,53,pending,f,f,2025-09-10 03:20:13.905019+00,Helping Betterment Drive Even Greater Success,"Hi there {{first_name}},

I hope this message finds you well! I wanted to introduce you to Car, a solution designed to complement Betterment’s innovative digital investment platform by streamlining key business processes and enhancing client engagement.

Given Betterment’s focus on automated investment management, retirement planning, and personalized financial advice, Car can help by providing seamless integration tools that improve operational efficiency and deliver an even smoother experience for your clients. Whether it’s optimizing workflow automation or enhancing data insights, Car is built to support companies like Betterment in scaling their impact while maintaining that personal touch your clients value.

I’d love to explore how Car could specifically support Betterment’s goals and contribute to your continued growth.

Looking forward to connecting soon!

Warmly,  
{{sender_name}}",professional,,,
2,5,364,56,pending,f,f,2025-09-10 03:20:13.905019+00,Helping Gemini Elevate Crypto Trading with Car,"Hi there {{first_name}},

I hope this message finds you well! I wanted to introduce you to Car, a solution designed to seamlessly enhance platforms like Gemini by streamlining crypto asset management and boosting user engagement.

Given Gemini’s commitment to secure, accessible crypto trading and staking, Car can help by providing advanced analytics and automation tools that simplify portfolio tracking and optimize trading strategies for your customers. This means your users can enjoy even smoother buying, selling, and staking experiences, while Gemini benefits from increased retention and satisfaction.

I’d love to explore how Car can support Gemini’s mission to make crypto simple and secure for everyone.

Looking forward to connecting, {{first_name}}!

Best regards,  
Jonathan Novotny",professional,,,
3,5,406,51,pending,f,f,2025-09-10 03:20:13.905019+00,"Matthew, a new way to support Landis renters on their path to homeownership","Hi there {{first_name}},

I hope this message finds you well! I’m Jonathan Novotny, and I wanted to introduce you to Car, a solution designed to help companies like {{company_name}} enhance how you guide renters toward mortgage readiness and home buying.

Car can streamline your process by providing personalized insights and tools that empower renters to confidently transition into homeowners. I believe it could complement the great work you’re already doing at Landis by making the journey smoother and more transparent for your clients.

I’d love to share more about how Car can support your mission and explore if it’s a good fit for {{company_name}}. Would you be open to a brief call next week?

Looking forward to hearing from you!

Warmly,  

{{sender_name}}",professional,,,
4,5,81,11,pending,f,f,2025-09-10 03:20:13.905019+00,Helping Leader Bank Drive Growth with Car,"Hi there {{first_name}},

I hope this message finds you well! I wanted to introduce you to Car, a solution designed to support innovative financial institutions like {{company_name}} in accelerating growth while enhancing client services.

Given {{company_name}}’s entrepreneurial spirit and commitment to delivering modern, personalized banking experiences, Car can help streamline your operations, improve customer engagement, and provide data-driven insights to fuel smarter lending and product innovation.

I’d love to explore how Car can align with your goals and contribute to {{company_name}}’s continued success in Massachusetts and beyond.

Looking forward to connecting soon!

Best regards,  

{{sender_name}}",professional,,,
5,5,397,52,pending,f,f,2025-09-10 03:20:13.905019+00,Unlock New Growth Opportunities for Pinwheel with Car,"Hi there {{first_name}},

I hope this message finds you well! I wanted to introduce you to Car, a solution designed to complement Pinwheel’s powerful payroll connectivity API by helping businesses like yours streamline operations and enhance customer engagement.

Car can help {{company_name}} by providing seamless integration capabilities that amplify your existing API’s strengths—making it even easier for financial institutions to securely access and utilize income and employment data. Together, we can help you accelerate innovation, improve user experience, and expand your reach in the fintech space.

I’d love to explore how Car can support Pinwheel’s mission to build a fairer financial system and drive meaningful results for your partners and customers.

Looking forward to connecting soon!

Best regards,  

{{sender_name}}",professional,,,
12,7,428,62,sent,f,f,2025-09-10 14:44:50.610899+00,Helping {{company_name}} Strengthen Fraud Protection with Car,"Hi there {{first_name}},

I hope this message finds you well! I wanted to introduce you to Car, a solution designed to complement Abrigo’s powerful fraud management software by enhancing your team’s ability to detect and prevent fraud even more efficiently.

Given Abrigo’s expertise in AI-powered fraud detection and real-time orchestration, Car can seamlessly integrate to provide additional layers of data insight and automation that help reduce manual reviews and accelerate decision-making. This means your analysts can focus on the highest-risk cases with confidence, improving both accuracy and speed in stopping fraud before it impacts your institution or customers.

I’d love to explore how Car can support Abrigo’s mission to protect financial institutions like yours from increasingly sophisticated fraud threats while maintaining a smooth customer experience.

Looking forward to connecting soon!

Best regards,  

{{sender_name}}",professional,2025-09-10 18:52:49.835+00,,
11,7,451,59,sent,f,f,2025-09-10 14:44:50.610899+00,Helping Rocket Dollar Expand Alternative Investment Opportunities,"Hi there {{first_name}},

I hope this message finds you well! I’m reaching out to introduce Car, a solution designed to complement Rocket Dollar’s mission of empowering investors with self-directed retirement accounts.

Car can help Rocket Dollar streamline and enhance how your users invest in alternative assets like real estate and startups by providing seamless integration, improved asset management tools, and increased operational efficiency. This means your clients can enjoy an even smoother, faster, and more secure experience while diversifying their retirement portfolios.

I’d love to explore how Car can support Rocket Dollar’s growth and help you continue shaking up the retirement investing space with innovative solutions.

Looking forward to connecting soon!

Best regards,  

{{sender_name}}",professional,2025-09-10 18:56:37.329+00,,
13,7,388,55,sent,f,f,2025-09-10 14:44:50.610899+00,Helping {{company_name}} Grow with Petal’s Credit Solutions,"Hi there {{first_name}},

I hope this message finds you well! I wanted to introduce you to Petal, a credit card company that’s truly changing the game by offering credit access to individuals without traditional credit histories—something that could be a great fit for {{company_name}}’s mission and growth.

Petal uses cash flow underwriting to provide responsible credit options, helping people build credit securely while avoiding fees like annual or late charges. With features like automatic credit reporting to major bureaus, fraud protection, and cash back rewards, Petal empowers users to improve their financial health and make smarter spending decisions. This approach not only supports your customers but also aligns with your goal of expanding credit access in a fair and innovative way.

I’d love to explore how Petal’s solutions can complement {{company_name}}’s operations and help you reach even more people who need credit opportunities.

Looking forward to hearing your thoughts, Ronald!

Take care,  
Jonathan Novotny  

Warmly,  
{{sender_name}}",professional,2025-09-10 19:23:17.378+00,,
14,7,437,60,sent,f,f,2025-09-10 14:44:50.610899+00,"Ben, how Car can boost Aquilan’s compliance and risk management","Hi there {{first_name}},

I hope this message finds you well! I’m Jonathan, and I wanted to introduce you to Car — a solution designed to help companies like Aquilan enhance their compliance, risk, and fraud management capabilities.

Given Aquilan’s impressive work supporting financial institutions and fintechs, Car can complement your software by streamlining data integration and automating key compliance workflows. This means your team can reduce manual effort, improve accuracy, and respond faster to emerging risks — all critical in today’s fast-paced regulatory environment.

I’d love to share how Car can specifically support Aquilan’s goals and explore if there’s a fit. Would you be open to a brief call next week?

Looking forward to connecting, {{contact_name}}.

Take care,  
Jonathan Novotny",professional,2025-09-10 19:29:40.502+00,,
15,7,76,9,pending,f,f,2025-09-10 14:44:50.610899+00,Helping Forward Financing Drive Even Greater Success,"Hi there {{first_name}},

I hope this message finds you well! I’m Jonathan, and I wanted to introduce you to Car — a solution designed to help innovative fintech companies like Forward Financing accelerate growth and streamline operations.

Given Forward Financing’s inspiring mission to unlock capital for underserved small businesses and your commitment to cutting-edge technology, Car can complement your efforts by enhancing your customer engagement and operational efficiency. Our platform offers tailored tools that can help you deepen relationships with your small business clients while simplifying internal workflows — all with the kind of flexibility and transparency that aligns perfectly with Forward’s values.

I’d love to explore how Car might support Forward Financing’s continued success and help you keep shooting for extraordinary.

Looking forward to connecting soon!

Warmly,  
{{sender_name}}",professional,,,
38,12,2311,565,pending,f,f,2025-09-13 09:01:10.869478+00,How Doggie Can Help Amazon Streamline and Grow,"Hi there, Brian,

I hope this message finds you well and thriving at Amazon!

I wanted to introduce you to Doggie, a smart solution designed to help companies like Amazon enhance operational efficiency and customer engagement. Given your extensive leadership in overseeing Amazon’s financial and operational activities, Doggie could be a valuable asset in optimizing workflows and driving innovation across your e-commerce and cloud services.

Doggie leverages advanced technology to simplify complex processes, reduce costs, and improve user experience—helping teams focus on what truly matters while boosting overall productivity. I’d love to explore how Doggie might support Amazon’s continued growth and excellence.

Please let me know if you’d be open to a brief chat. I’m excited about the possibility of working together to make a meaningful impact.

Take care,  

Demo User",professional,,,
18,8,457,63,sent,f,f,2025-09-11 03:21:14.208343+00,Helping FinTron Elevate Embedded Wealth Tech with Car,"Hi there {{first_name}},

I hope this message finds you well! I’m reaching out to introduce **Car**, a solution designed to seamlessly enhance embedded wealth technology platforms like FinTron’s.

Given FinTron’s impressive track record in delivering customizable SDKs and white-label investment experiences, Car can help streamline your integration process even further by boosting operational efficiency and enriching user engagement. Our technology complements your existing offerings by simplifying complex workflows and enabling faster deployment of self-directed and managed investing features—helping you stay ahead in the competitive fintech space.

I’d love to explore how Car can support FinTron’s mission to empower investors and advisors with elegant, turnkey investment experiences.

Looking forward to connecting soon!

Best regards,  

{{sender_name}}",professional,2025-09-11 03:23:15.69+00,,10
17,8,79,9,sent,f,f,2025-09-11 03:21:14.208343+00,"Alexis, a new way to support Forward Financing’s growth","Hi there, {{first_name}}!

I hope this message finds you well. I’m Jonathan Novotny, and I wanted to introduce you to Car, a solution designed to help fast-growing fintech companies like Forward Financing streamline operations and better serve under-served small businesses.

Given Forward Financing’s impressive growth and commitment to alternative financing, Car can help by simplifying your client onboarding process, improving data accuracy, and accelerating loan approvals—all tailored to meet the unique needs of your industry.

I’d love to share how Car can support your team’s goals and explore ways we might collaborate. Would you be open to a brief call next week?

Looking forward to hearing from you!

Warmly,  
{{sender_name}}",professional,2025-09-11 03:24:19.05+00,,12
20,8,128,19,sent,f,f,2025-09-11 03:21:14.208343+00,"{{first_name}}, a smart way to enhance Betterment’s investment platform","Hi there {{first_name}},

I hope this message finds you well! I’m Jonathan Novotny, and I wanted to introduce you to Car—a solution designed to seamlessly support innovative companies like Betterment.

Given Betterment’s leadership in online investment and robo-advisory services, Car can help streamline your client experience by enhancing automation and data insights, ultimately supporting smarter investment decisions and improving customer satisfaction.

I’d love to share how Car can complement your platform and contribute to Betterment’s continued growth. Would you be open to a brief chat sometime soon?

Looking forward to connecting!

Warmly,  
{{sender_name}}",professional,2025-09-11 03:23:57.146+00,,11
19,8,501,66,sent,f,f,2025-09-11 03:21:14.208343+00,Helping Prosperity Bancshares Drive Growth with Car Solutions,"Hi there {{first_name}},

I hope this message finds you well! I’m reaching out to introduce Car, a solution designed to streamline and enhance business operations, which I believe could be a great fit for {{company_name}}’s innovative approach to banking and treasury management.

Given Prosperity Bancshares’ strong commitment to integrating fintech innovations and supporting small to medium-sized businesses across Texas and Oklahoma, Car can help by simplifying your clients’ financial workflows, improving efficiency, and providing seamless digital experiences that align perfectly with your community banking philosophy.

I’d love to explore how Car can support your team’s goals and contribute to {{company_name}}’s continued success in delivering exceptional banking solutions.

Looking forward to the opportunity to connect!

Best regards,  

{{sender_name}}",professional,2025-09-11 03:24:40.761+00,,13
39,12,2334,570,pending,f,f,2025-09-13 09:01:10.869478+00,Helping DuckDuckGo Enhance Privacy with Doggie,"Hi there, Chris,

I hope this message finds you well and enjoying a peaceful day at DuckDuckGo!

I wanted to introduce you to Doggie, a solution designed to complement privacy-focused companies like yours by enhancing user engagement and streamlining workflows—all while respecting the highest standards of data protection. Given DuckDuckGo’s commitment to anonymous, tracker-free search experiences, Doggie can help your team by providing secure, privacy-conscious tools that integrate seamlessly without compromising your users’ trust.

Whether it’s improving internal collaboration or supporting your design team’s productivity, Doggie is built with privacy-first principles that align perfectly with DuckDuckGo’s mission. I’d love to explore how we can tailor Doggie to support your goals and keep your users’ privacy front and center.

Looking forward to the opportunity to chat more!

Warmly,  
{{full_sender_name}}",professional,,,
16,8,471,64,sent,f,f,2025-09-11 03:21:14.208343+00,Helping Houston Fintech Accelerate Capital Access for Real Estate Investors,"Hi there {{first_name}},

I hope this message finds you well! I’m Jonathan, and I wanted to introduce you to Car, a solution designed to complement Houston Fintech’s mission of fast, simple, and tech-driven capital access for real estate investors.

Car can help streamline your deal evaluation and lender matchmaking processes even further by automating key workflows and providing real-time analytics tailored to short-term financing and rental property loans. This means your team can close deals faster, reduce manual effort, and enhance the borrower experience — all while maintaining the high standards Houston Fintech is known for.

Given your focus on innovative financial technology and serving investors with flexible, rapid funding options, I believe Car could be a valuable asset to your operations and growth.

Would you be open to a brief conversation to explore how Car might support Houston Fintech’s goals?

Looking forward to hearing from you, {{first_name}}.

Best regards,  

{{sender_name}}",professional,2025-09-11 03:23:01.095+00,,9
25,9,2335,570,sent,f,f,2025-09-11 19:47:46.912523+00,Helping {{company_name}} Drive Growth with Our Innovative Car Solution,"Hi there {{first_name}},

I hope this message finds you well! I’m reaching out to introduce a unique car solution that I believe could be a great fit for {{company_name}}’s mission of delivering privacy-focused, user-trusted services.

Our car technology is designed to seamlessly integrate with businesses that prioritize user experience and security. Just as {{company_name}} champions privacy and trust in search, our solution offers enhanced connectivity and data protection features that can help streamline your operations, improve customer engagement, and support your commitment to safeguarding user information.

I’d love to explore how we can tailor this to support {{company_name}}’s goals and help you continue standing out in the market.

Looking forward to hearing your thoughts, Cristina!

Best regards,  

{{sender_name}}",professional,2025-09-11 19:54:31.905+00,,17
21,9,860,159,sent,f,f,2025-09-11 19:47:46.912523+00,Enhancing New York Life Investments’s Investment Solutions with Our Innovative Car,"Hi there Anthony,

I hope this message finds you well! I’m reaching out to introduce a unique opportunity that could complement New York Life Investments’s commitment to delivering integrated, forward-thinking investment solutions.

Our car is designed with cutting-edge technology and efficiency that can support your team’s mobility needs while reflecting the same values of reliability and long-term focus that New York Life Investments embodies in its asset management strategies. By integrating this vehicle into your operations, you could enhance your executives’ and specialists’ ability to connect seamlessly across your global boutiques and client meetings, ultimately supporting your mission to provide actionable expertise and powerful partnerships.

I’d love to explore how this solution can align with New York Life Investments’s goals and contribute to your continued success. Please let me know a convenient time for a brief conversation.

Warmly,  

User  

Take care,",professional,2025-09-11 19:54:09.806+00,"{""subject"":""Enhancing New York Life Investments’s Investment Solutions with Our Innovative Car"",""body"":""Hi there Anthony,\n\nI hope this message finds you well! I’m reaching out to introduce a unique opportunity that could complement New York Life Investments’s commitment to delivering integrated, forward-thinking investment solutions.\n\nOur car is designed with cutting-edge technology and efficiency that can support your team’s mobility needs while reflecting the same values of reliability and long-term focus that New York Life Investments embodies in its asset management strategies. By integrating this vehicle into your operations, you could enhance your executives’ and specialists’ ability to connect seamlessly across your global boutiques and client meetings, ultimately supporting your mission to provide actionable expertise and powerful partnerships.\n\nI’d love to explore how this solution can align with New York Life Investments’s goals and contribute to your continued success. Please let me know a convenient time for a brief conversation.\n\nWarmly,  \n\nUser  \n\nTake care,""}",16
23,9,855,155,sent,f,f,2025-09-11 19:47:46.912523+00,Driving Glenmede’s Success with Tailored Automotive Solutions,"Hi there {{first_name}},

I hope this message finds you well. I’m reaching out to introduce a car solution that I believe could complement Glenmede’s boutique approach to personalized service and help streamline your team’s mobility with style and efficiency.

Understanding Glenmede’s commitment to delivering customized, client-centric financial planning, our vehicles offer not just reliable transportation but also advanced features that enhance productivity and comfort for busy executives like yourself and your team. Whether it’s for client visits, corporate events, or day-to-day travel, this car can support your business by providing a seamless, professional experience on the road.

I’d love to share more about how this can align with Glenmede’s values of excellence and long-term partnership, helping you maintain that personal touch while optimizing your operational needs.

Looking forward to the opportunity to connect, {{first_name}}.

Take care,  
{{sender_name}}",professional,2025-09-11 19:54:41.939+00,,18
22,9,853,155,sent,f,f,2025-09-11 19:47:46.912523+00,Helping Glenmede Drive Efficiency and Client Excellence with Our Car Solutions,"Hi there {{first_name}},

I hope this message finds you well and thriving at Glenmede. I wanted to introduce you to a car solution that could seamlessly support your team’s busy schedules and enhance the personalized service Glenmede is known for.

Our vehicles are designed with comfort, reliability, and efficiency in mind—perfect for executives and advisors who need to move swiftly between client meetings, offices, and events. By integrating our car into your daily operations, Glenmede can further elevate the client experience through timely, stress-free transportation, allowing your team to focus fully on delivering those tailored financial strategies your clients value so deeply.

I’d love to explore how we can partner to support Glenmede’s commitment to excellence and client-centric service. Please let me know a convenient time for you, {{first_name}}, and I’ll be happy to share more details.

Take care,  

{{sender_name}}",professional,2025-09-11 19:52:34.3+00,,14
24,9,862,159,sent,f,f,2025-09-11 19:47:46.912523+00,Helping {{company_name}} Drive Investment Success with Our Car Solution,"Hi there {{first_name}},

I hope this message finds you well! I wanted to introduce you to a unique car solution that could bring real value to {{company_name}}’s operations and support your team’s dynamic work in delivering integrated investment strategies.

Our car is designed with efficiency, reliability, and comfort in mind—perfect for busy professionals like yourself and your team at New York Life Investments who often need to travel between meetings, client sites, or investment locations. By providing a dependable and smart transportation option, it can help save time, reduce stress, and enhance productivity, allowing you to focus more on what matters most: managing assets and creating long-term value for your clients.

I’d love to explore how this could fit into your current workflow and support your goals as Senior Managing Director and Head of Fixed Income Investors. Please let me know if you’d be open to a brief conversation.

Looking forward to connecting!

Best regards,  

{{sender_name}}",professional,2025-09-11 19:52:47.39+00,,15
26,10,3372,739,pending,f,f,2025-09-11 21:25:09.444873+00,Quick question for 6crickets,"Hi Helen Wang,

I noticed 6crickets and wanted to reach out about how we might be able to help with your business needs.

Would you be open to a brief conversation?

Best regards",professional,,,
27,10,3365,740,pending,f,f,2025-09-11 21:25:09.444873+00,Quick question for Copper Banking,"Hi Eddie Behringer,

I noticed Copper Banking and wanted to reach out about how we might be able to help with your business needs.

Would you be open to a brief conversation?

Best regards",professional,,,
28,10,3366,740,pending,f,f,2025-09-11 21:25:09.444873+00,Quick question for Copper Banking,"Hi Stefan Berglund,

I noticed Copper Banking and wanted to reach out about how we might be able to help with your business needs.

Would you be open to a brief conversation?

Best regards",professional,,,
29,10,3355,738,pending,f,f,2025-09-11 21:25:09.444873+00,Quick question for CreativeLive,"Hi Chase Jarvis,

I noticed CreativeLive and wanted to reach out about how we might be able to help with your business needs.

Would you be open to a brief conversation?

Best regards",professional,,,
30,10,3367,740,pending,f,f,2025-09-11 21:25:09.444873+00,Quick question for Copper Banking,"Hi Dmitry Tokarev,

I noticed Copper Banking and wanted to reach out about how we might be able to help with your business needs.

Would you be open to a brief conversation?

Best regards",professional,,,
31,11,3362,737,pending,f,f,2025-09-11 21:25:23.406213+00,Quick question for Kadama,"Hi Amin Shaykho,

I noticed Kadama and wanted to reach out about how we might be able to help with your business needs.

Would you be open to a brief conversation?

Best regards",professional,,,
32,11,3362,737,pending,f,f,2025-09-11 21:25:23.406213+00,Quick question for Kadama,"Hi Amin Shaykho,

I noticed Kadama and wanted to reach out about how we might be able to help with your business needs.

Would you be open to a brief conversation?

Best regards",professional,,,
33,11,3347,742,pending,f,f,2025-09-11 21:25:23.406213+00,Quick question for Apex Learning,"Hi Cheryl Vedoe,

I noticed Apex Learning and wanted to reach out about how we might be able to help with your business needs.

Would you be open to a brief conversation?

Best regards",professional,,,
34,11,3347,742,pending,f,f,2025-09-11 21:25:23.406213+00,Quick question for Apex Learning,"Hi Cheryl Vedoe,

I noticed Apex Learning and wanted to reach out about how we might be able to help with your business needs.

Would you be open to a brief conversation?

Best regards",professional,,,
35,11,3363,737,pending,f,f,2025-09-11 21:25:23.406213+00,Quick question for Kadama,"Hi Marwan El-Rukby,

I noticed Kadama and wanted to reach out about how we might be able to help with your business needs.

Would you be open to a brief conversation?

Best regards",professional,,,
36,12,2293,568,pending,f,f,2025-09-13 09:01:10.869478+00,Helping Adobe Elevate Digital Experiences with Doggie,"Hi there, Anil,

I hope this message finds you well and enjoying a bright day at Adobe!

I wanted to introduce you to Doggie, a smart solution designed to complement Adobe’s mission of delivering personalized, seamless digital experiences. Doggie can help streamline your workflows by enhancing data integration and automating routine tasks, freeing your team to focus on creativity and innovation.

Given Adobe’s leadership in digital marketing, analytics, and cloud services, Doggie’s capabilities can support your efforts by improving operational efficiency and accelerating content delivery—helping Adobe continue to set the pace in digital experience management.

I’d love to share more about how Doggie can fit into Adobe’s ecosystem and contribute to your ongoing success.

Take care,  
Demo",professional,,,
37,12,2294,568,pending,f,f,2025-09-13 09:01:10.869478+00,How Doggie Can Boost Adobe’s Marketing Power,"Hi there, Lara,

I hope this message finds you well and thriving at Adobe!

I wanted to introduce you to Doggie, a smart solution designed to complement and enhance powerful marketing platforms like Adobe Marketing Cloud. Doggie helps businesses streamline campaign orchestration and customer engagement by adding an intuitive layer of AI-driven personalization and automation that works seamlessly alongside your existing tools.

Given Adobe’s leadership in delivering personalized digital experiences and your focus on innovative marketing strategies, Doggie can help amplify those efforts by simplifying content management and optimizing cross-channel campaigns with even greater precision. It’s like having an extra set of hands to keep up with the fast pace of today’s marketing demands, helping your team save time while driving stronger customer connections.

I’d love to explore how Doggie can support Adobe’s goals and contribute to your continued success in creating meaningful, data-driven experiences.

Looking forward to hearing your thoughts!

Best regards,  

Demo User",professional,,,
40,12,2292,568,pending,f,f,2025-09-13 09:01:10.869478+00,Unlock New Growth Opportunities for Adobe with Doggie,"Hi there, {{first_name}}!

I hope this message finds you well. I wanted to introduce you to Doggie, a solution designed to help innovative companies like Adobe enhance their digital experiences and drive even greater business growth.

Given Adobe’s leadership in AI-powered creativity and analytics, Doggie can seamlessly complement your existing tools by boosting customer engagement through personalized, data-driven insights. Our platform is built to integrate smoothly with workflows like Adobe Analytics and Adobe Marketing Cloud, helping your teams deliver faster, smarter, and more tailored experiences that resonate deeply with your diverse user base.

I’d love to explore how Doggie can support Adobe’s mission to empower creativity and accelerate productivity in this exciting era of AI-driven digital transformation.

Looking forward to connecting soon!

Best regards,  

{{full_sender_name}}",professional,,,
41,13,479,65,pending,f,f,2025-09-15 09:01:15.070448+00,Helping FINBOA Streamline Operations with Car’s Smart Solutions,"Hi there {{first_name}},

I hope this message finds you well! I wanted to introduce you to Car, a solution designed to help innovative fintech companies like FINBOA enhance operational efficiency and customer engagement.

Given FINBOA’s impressive track record in automating dispute processing and improving regulatory compliance, Car can complement your efforts by streamlining key business workflows and boosting client satisfaction. Our technology integrates smoothly with existing platforms, helping reduce manual tasks and accelerate turnaround times—much like the intelligent automation FINBOA champions.

I’d love to explore how Car can support your mission to simplify financial operations and drive growth at FINBOA. Would you be open to a brief conversation next week?

Looking forward to connecting!

Best regards,  

Jonathan Novotny",professional,,,
42,13,528,71,pending,f,f,2025-09-15 09:01:15.070448+00,Helping Ditstek Innovations Drive Fintech Success with Car,"Hi there {{first_name}},

I hope this message finds you well! I wanted to introduce you to *Car*, a solution designed to complement Ditstek Innovations’ impressive fintech software expertise by streamlining your development workflows and enhancing collaboration across your teams.

Given Ditstek’s focus on secure, user-centric digital banking and regtech platforms, Car can help accelerate your project delivery while maintaining the highest standards of compliance and security. It offers intuitive tools that integrate seamlessly with your existing agile and cloud-native processes, helping your talented developers and consultants stay aligned and productive as you build scalable, innovative fintech solutions.

I’d love to explore how Car can support Ditstek’s mission to make life less difficult for your clients by boosting efficiency and reducing bottlenecks in your software development lifecycle.

Looking forward to hearing your thoughts, {{first_name}}!

Warmly,  
{{full_sender_name}}",professional,,,
43,13,494,68,pending,f,f,2025-09-15 09:01:15.070448+00,Unlocking New Opportunities for Capco with Car’s Innovative Solutions,"Hi there {{first_name}},

I hope this message finds you well! I wanted to introduce you to Car, a solution designed to complement Capco’s impressive fintech consultancy work, especially your digital transformation and technology delivery efforts in Houston and beyond.

Car can help {{company_name}} by streamlining complex workflows and enhancing operational efficiency through smart automation and data-driven insights. Given Capco’s commitment to disruptive, bespoke solutions and your deep expertise in financial services technology, Car’s capabilities could accelerate your clients’ digital initiatives and support your teams in delivering even more innovative, scalable results.

I’d love to explore how Car might fit into your current projects or future plans, and how it could help {{company_name}} continue to lead in fintech transformation.

Looking forward to the chance to chat!

Best regards,  

{{full_sender_name}}",professional,,,
44,13,129,19,pending,f,f,2025-09-15 09:01:15.070448+00,Helping Betterment Elevate Investment Experiences with Car,"Hi there {{first_name}},

I hope this message finds you well! I wanted to introduce you to Car, a solution designed to seamlessly enhance digital platforms like Betterment’s by boosting user engagement and streamlining personalized financial experiences.

Given Betterment’s focus on automated investing, personalized advice, and goal-based planning, Car can help your team deliver even more intuitive portfolio management and real-time insights to your customers. By integrating Car, Betterment could further simplify investment tracking and enrich client interactions—helping you maintain your edge in the competitive robo-advisory space.

I’d love to explore how Car can support Betterment’s mission to provide low-cost, diversified, and tax-efficient investing with a user-friendly platform.

Looking forward to connecting!

Best regards,  

{{full_sender_name}}",professional,,,
45,13,82,11,pending,f,f,2025-09-15 09:01:15.070448+00,Helping Leader Bank Drive Innovation and Growth with Car,"Hi there {{first_name}},

I hope this message finds you well! I wanted to introduce you to Car, a solution designed to support innovative financial institutions like Leader Bank in enhancing client services and accelerating growth.

Given Leader Bank’s entrepreneurial spirit and commitment to delivering modern, personalized banking experiences, Car can help streamline your operations, improve customer engagement, and provide data-driven insights to support your rapid expansion goals. Our platform is built to complement your existing digital and in-person services, making it easier to innovate while maintaining that personal touch your clients value.

I’d love to explore how Car can align with Leader Bank’s vision and contribute to your continued success.

Looking forward to connecting soon!

Best regards,  

Jonathan Novotny",professional,,,
46,14,3428,749,pending,f,f,2025-09-15 09:01:18.570974+00,Helping Aceable Make Learning Even More Engaging,"Hi there {{first_name}},

I hope this message finds you well! I wanted to introduce you to Doggie, a smart solution designed to help companies like Aceable enhance user engagement and streamline their educational content delivery.

Given Aceable’s innovative approach to mobile education and your focus on making learning fun and accessible, Doggie can support your mission by providing personalized learning experiences and improving course interaction through intuitive AI-driven tools. This means your students can enjoy even more engaging, tailored content that fits their pace and style—helping Aceable stand out even further in the education space.

I’d love to share how Doggie can complement your platform and contribute to your continued growth and success.

Looking forward to connecting soon!

Best regards,  

{{full_sender_name}}",professional,,,
47,14,3388,748,pending,f,f,2025-09-15 09:01:18.570974+00,Helping Plano ISD Enhance Technology Integration with Doggie,"Hi there, Nancy,

I hope this message finds you well and enjoying a wonderful day in Plano!

I wanted to introduce you to Doggie, a smart solution designed to support educational technology leaders like those at Plano ISD. Given your district’s strong commitment to empowering digitally fluent educators and creating future-ready classrooms, Doggie can help streamline technology integration and enhance the learning experience for both teachers and students.

Doggie offers intuitive tools that complement your existing instructional technology initiatives—like your 1:1 Chromebook rollout and digital learning platforms—by simplifying device management, boosting engagement, and providing actionable insights to support your Digital Learning Specialists and IT Projects teams.

I’d love to explore how Doggie can align with Plano ISD’s goals and support your talented teams in continuing to innovate and lead in educational technology.

Please let me know if you’d be open to a brief conversation.

Warmly,  
{{full_sender_name}}",professional,,,
48,14,3417,745,pending,f,f,2025-09-15 09:01:18.570974+00,Helping Screencastify Boost Engagement with Doggie,"Hi there, Alex!

I hope this message finds you well and thriving in the wonderful world of edtech. I wanted to introduce you to Doggie, a tool designed to complement innovative platforms like Screencastify by enhancing user engagement and streamlining video content interaction.

Given Screencastify’s incredible success in empowering educators with easy-to-use video recording and editing tools, Doggie can help take that experience even further. Our solution offers seamless integration that encourages more interactive and personalized learning experiences, helping educators and students connect more deeply with video content. Whether it’s boosting student participation or simplifying video assignment workflows, Doggie is built to support your mission of making learning accessible and engaging anytime, anywhere.

I’d love to explore how Doggie can add value to Screencastify’s already powerful platform and help you continue to lead the way in educational video technology.

Looking forward to chatting soon!

Warmly,  
{{full_sender_name}}",professional,,,
49,14,3378,744,pending,f,f,2025-09-15 09:01:18.570974+00,Helping Jones Software Elevate Learning with Doggie,"Hi there {{first_name}},

I hope this message finds you well! I wanted to introduce you to Doggie, a smart solution designed to complement innovative education platforms like Jones Software Corporation’s Velocity LMS and Virtual Classroom.

Doggie can help enhance your cloud-based learning ecosystem by streamlining user engagement and providing seamless support tools that boost collaboration and learner success. Whether it’s improving communication workflows or integrating with your AI-driven virtual classrooms, Doggie is built to help your team and users get the most out of your cutting-edge technology.

I’d love to explore how Doggie can support Jones Software’s mission to transform education and accelerate learning outcomes. Please let me know if you’d be open to a quick chat.

Take care,  
{{full_sender_name}}",professional,,,
50,14,3418,745,pending,f,f,2025-09-15 09:01:18.570974+00,Helping Screencastify Elevate Video Learning with Doggie,"Hi there {{first_name}},

I hope this message finds you well and thriving at Screencastify! I wanted to introduce you to Doggie, a solution designed to complement and enhance your already fantastic video tools for educators.

Doggie can help streamline your workflow by automating key video management tasks, improving user engagement analytics, and providing seamless integration options that align perfectly with Screencastify’s mission to make video creation and sharing effortless for teachers and students alike.

With Screencastify’s strong presence in education and Doggie’s capabilities, together we can help educators save time, personalize learning even more, and boost student success through smarter video use.

I’d love to explore how Doggie can support your team and users. Please let me know a good time to connect!

Warmly,  
{{full_sender_name}}",professional,,,
51,15,3410,746,pending,f,f,2025-09-16 05:08:29.858527+00,"Hi Erin, let’s explore how Doggie can support Parkway Schools!","Hi there Erin,

I hope this message finds you well and thriving at Parkway Schools! I’m Demo from Doggie, and I wanted to introduce you to how our platform can help enhance your educational technology and school management services.

Doggie is designed to streamline communication and engagement within educational environments, making it easier for teams like yours to connect, collaborate, and manage projects efficiently. With Parkway Schools’ impressive scale and commitment to innovation, I believe Doggie could be a great fit to support your Incubator Program and broader initiatives.

I’d love to share more about how we can tailor our solutions to meet your unique needs and help Parkway Schools continue delivering outstanding educational experiences. Would you be open to a quick chat sometime soon?

Looking forward to the opportunity to connect!

Warmly,  

Demo User",professional,,,
52,15,3411,746,pending,f,f,2025-09-16 05:08:29.858527+00,Helping Parkway Schools Elevate Digital Learning with Doggie,"Hi there {{first_name}},

I hope this message finds you well and thriving at Parkway Schools! I’m reaching out to introduce you to Doggie, a smart solution designed to enhance educational technology and streamline school management—right in line with Parkway’s mission to transform teaching and learning in the digital age.

Doggie can support your digital learning initiatives by providing seamless integration with existing platforms like Google for Education and virtual learning options. It helps improve communication between teachers, students, and parents while offering tools that boost student engagement and digital skills development. With Parkway’s commitment to expanding technology access and virtual programs, Doggie can be a valuable partner in making those experiences even more dynamic and accessible.

I’d love to explore how Doggie can complement your innovative programs and support your goals for Choice Programs and beyond.

Looking forward to connecting soon!

Best regards,  

{{full_sender_name}}",professional,,,
53,15,3389,748,pending,f,f,2025-09-16 05:08:29.858527+00,Helping Plano ISD Elevate EdTech with Doggie,"Hi there, Courtney!

I hope this message finds you well and thriving at Plano ISD. I wanted to introduce you to Doggie, a smart solution designed to support educational technology teams like yours in streamlining digital resource management and enhancing technology integration across campuses.

Given Plano ISD’s impressive commitment to empowering educators through your Instructional Technology and Digital Learning teams—especially with initiatives like the 1:1 Chromebook rollout and ETSI professional learning—Doggie can help by simplifying the coordination and support of these tech tools district-wide. Our platform offers seamless management of digital assets, real-time usage insights, and user-friendly support features that free up your team to focus on what matters most: creating future-ready classrooms.

I’d love to explore how Doggie can complement your existing efforts and help Plano ISD continue leading in educational technology innovation.

Looking forward to connecting soon!

Warmly,  
Demo  

Demo User",professional,,,
54,15,3410,746,pending,f,f,2025-09-16 05:08:29.858527+00,"Hi Erin, let’s explore how Doggie can support Parkway Schools!","Hi there Erin,

I hope this message finds you well and thriving at Parkway Schools! I’m Demo from Doggie, and I wanted to introduce you to how our platform can help enhance your educational technology and school management services.

Doggie is designed to streamline communication and engagement within educational environments, making it easier for teams like yours to collaborate, manage projects, and deliver outstanding results for students and staff alike. With Parkway Schools’ impressive scale and commitment to innovation, I believe Doggie could be a great fit to support your Incubator Program and beyond.

I’d love to share more about how we can tailor our solutions to meet your unique needs. Would you be open to a quick call or chat sometime soon?

Looking forward to the possibility of working together!

Warmly,  

Demo User",professional,,,
55,15,3411,746,pending,f,f,2025-09-16 05:08:29.858527+00,Helping Parkway Schools Enhance Digital Learning with Doggie,"Hi there {{first_name}},

I hope this message finds you well! I wanted to introduce you to Doggie, a solution designed to support innovative education leaders like Parkway Schools in elevating digital learning experiences.

With Parkway’s strong commitment to transforming teaching and learning through technology—providing students and teachers with access to digital tools and content—Doggie can help streamline and enhance your digital program management. Whether it’s improving communication, simplifying access to resources, or supporting student engagement beyond the classroom, Doggie is built to complement your existing initiatives like Access Learning for Today and your Chromebook rollout.

I’d love to explore how Doggie can align with your goals for Choice Programs and help make digital learning even more impactful for your students and staff.

Looking forward to connecting soon!

Best regards,  

{{full_sender_name}}",professional,,,
57,16,3478,765,pending,f,f,2025-09-16 05:32:51.120079+00,Helping Cognia Elevate Education Outcomes with Doggie,"Hi there, Patti!

I hope this message finds you well and thriving at Cognia. I wanted to introduce you to Doggie, a solution designed to support organizations like yours that are deeply committed to improving educational outcomes worldwide.

Doggie can help Cognia by streamlining data collection and analysis, enhancing communication among your global network of educators, and providing actionable insights to support your continuous improvement framework. With Doggie, your team can more easily diagnose challenges, track progress on accreditation and assessment goals, and foster collaboration that drives meaningful change in schools and districts.

Given Cognia’s mission to empower educators and improve learning experiences, Doggie could be a valuable partner in helping you deliver even greater impact through your accreditation, assessment, and professional learning solutions.

I’d love to explore how Doggie might fit into your work and support your goals at Cognia. Please let me know if you’d be open to a quick chat.

Take care,  

Demo User",professional,,,
58,16,3486,766,pending,f,f,2025-09-16 05:32:51.120079+00,Introducing a New Friend to Enhance Your Educational Journey,"Hello Nancy,

I hope this email finds you well I wanted to reach out to you at Progress Learning because I'm truly impressed by the incredible work your team does in providing curriculum support and personalized teaching tools for K-12 school districts. Your dedication to helping students master state standards is truly commendable.

 

I'd like to introduce you to a unique concept that could complement your mission: incorporating elements that bring joy and engagement to the learning process. Imagine if we could bring a friendly mascot, like a lovable dog named ""Doggie,"" into your educational resources. This could help create a more interactive and fun learning environment for students. I believe this could be a wonderful way to enhance student engagement and motivation.

 

If you're interested in exploring this idea further, I'd be more than happy to set up a call to discuss how ""Doggie"" could become a part of your educational journey. Please let me know if this is something you'd like to learn more about.

 

Warmly,

Demo User  
Demo  
[Your Email Address]  
[Your Phone Number]  

 

---

(Note: Please ensure to replace placeholders like [Your Email Address] and [Your Phone Number] with actual contact information.)",professional,,,
59,16,3487,770,pending,f,f,2025-09-16 05:32:51.120079+00,Helping Incident IQ Streamline IT Services with Doggie,"Hi there, Jason,

I hope this message finds you well and thriving at Incident IQ!

I wanted to introduce you to Doggie, a smart solution designed to help companies like yours enhance IT service management and streamline workflows. Given Incident IQ’s mission to simplify and automate complex processes for K-12 districts, Doggie can complement your platform by improving ticket handling efficiency, asset tracking accuracy, and maintenance scheduling — all tailored to support your team’s goals of operational excellence.

I’d love to explore how Doggie can fit into your existing ecosystem and help Incident IQ continue delivering seamless, scalable solutions to schools nationwide.

Looking forward to the chance to chat!

Warmly,  
{{full_sender_name}}",professional,,,
60,16,3482,764,pending,f,f,2025-09-16 05:32:51.120079+00,Bringing Doggie’s Magic to Make Music Count,"Hi there, Marcus,

I hope this message finds you well and your day is humming along beautifully!

I wanted to introduce you to Doggie, a tool designed to seamlessly support innovative educational platforms like Make Music Count. Since your app brilliantly blends math and music to engage students in learning equations through piano notes, Doggie can help amplify that impact by enhancing user engagement and streamlining communication with your growing community.

Doggie offers smart automation and personalized outreach that can nurture your users’ journey—from curious learners to confident math musicians—while freeing up your team’s time to focus on what you do best: creating inspiring lessons. Whether it’s sending timely reminders, sharing progress highlights, or gathering feedback, Doggie makes it easy to keep your students and educators connected and motivated.

I’d love to explore how Doggie can complement your mission of making math fun and accessible through music. Please let me know if you’d be open to a quick chat!

Warmly,  
{{full_sender_name}}",professional,,,
56,16,3489,770,sent,f,f,2025-09-16 05:32:51.120079+00,Helping Incident IQ Boost Efficiency with Doggie,"Hi there, {{first_name}}!

I hope this message finds you well. I wanted to introduce you to Doggie, a smart solution designed to complement platforms like Incident IQ by enhancing workflow automation and streamlining communication across your IT, facilities, and help desk teams.

Doggie can help Incident IQ by automating routine tasks, improving ticket routing, and providing real-time insights that empower your teams to resolve issues faster and keep your school district operations running smoothly. With Incident IQ already unifying asset management, help desk ticketing, and facilities workflows, Doggie adds an extra layer of efficiency and responsiveness that supports your mission to focus on what matters most—students.

I’d love to explore how Doggie can integrate seamlessly with your platform to help Incident IQ continue transforming K-12 district operations with ease and precision.

Looking forward to connecting soon!

Warmly,  
{{full_sender_name}}",professional,2025-09-16 05:33:09.595+00,,19
61,17,3419,747,skipped,f,f,2025-09-25 02:49:25.757968+00,Helping BenchPrep Elevate Learner Engagement and Growth with Doghouse,"Hi there {{first_name}},

I hope this message finds you well! I’m reaching out to introduce you to Doghouse, a solution designed to complement and enhance platforms like BenchPrep by driving deeper learner engagement and streamlining content impact analysis.

Given BenchPrep’s impressive personalized learning platform that empowers associations and training companies with adaptive learning, real-time insights, and gamification, Doghouse can help you take those strengths even further. Our tools focus on unlocking actionable learner data and optimizing content delivery to boost retention, confidence, and revenue growth—all while reducing operational complexity.

I’d love to explore how Doghouse can support BenchPrep’s mission to deliver impactful, scalable learning experiences that keep learners motivated and ready for their next career step.

Looking forward to connecting soon!

Best regards,  

{{full_sender_name}}",professional,,,
62,17,3613,803,skipped,f,f,2025-09-25 02:49:25.757968+00,Helping Learning A-Z Shine Even Brighter with Doghouse,"Hi there, Aaron!

I hope this message finds you well and full of that wonderful passion you bring to Learning A-Z. I’m reaching out to introduce you to Doghouse, a solution designed to support innovative education companies like yours in streamlining operations and enhancing collaboration—so your team can focus even more on helping teachers shine and students grow.

Given Learning A-Z’s inspiring commitment to providing flexible, practical literacy resources for K-6 students, Doghouse can help by simplifying project management and communication across your teams. This means less time spent on administrative tasks and more time dedicated to creating those joyful, impactful learning experiences you’re known for.

I’d love to explore how Doghouse can complement your mission and support your talented team in continuing to deliver award-winning educational tools. Please let me know if you’d be open to a quick chat!

Warmly,  
{{full_sender_name}}",professional,,,
63,17,3624,799,skipped,f,f,2025-09-25 02:49:25.757968+00,Helping Edgenuity Elevate Learning with Doghouse,"Hi there {{first_name}},

I hope this message finds you well and thriving at Edgenuity!

I wanted to introduce you to Doghouse, a solution designed to support innovative education companies like yours. Given Edgenuity’s commitment to personalized, digital learning experiences, Doghouse can help streamline your operations and enhance engagement by providing tailored tools that complement your curriculum and virtual learning models.

With Doghouse, you can empower your educators and students with seamless integration, data-driven insights, and flexible support that aligns perfectly with Edgenuity’s mission to make learning accessible and effective for every student.

I’d love to explore how Doghouse might fit into your vision and contribute to your continued success.

Warmly,  
{{full_sender_name}}",professional,,,
64,17,3641,802,skipped,f,f,2025-09-25 02:49:25.757968+00,Helping K16 Solutions Simplify LMS Transitions with Doghouse,"Hi there {{first_name}},

I hope this message finds you well! I wanted to introduce you to Doghouse, a solution designed to make content migration and data management smoother for companies like K16 Solutions that specialize in LMS transitions for educational institutions.

Doghouse can help your team by streamlining content migration workflows, reducing manual effort, and improving data accuracy during platform changes. This means less time spent troubleshooting and more focus on delivering exceptional service to your clients navigating complex LMS replacements and archiving.

Given K16 Solutions’ commitment to empowering educators with intuitive, cloud-based tools, I believe Doghouse could be a great complement to your offerings—helping you enhance efficiency and client satisfaction even further.

I’d love to explore how Doghouse might support your marketing and operational goals. Please let me know if you’re open to a quick chat!

Take care,  
{{full_sender_name}}",professional,,,
66,18,3645,802,pending,f,f,2025-09-25 04:30:55.703828+00,Helping K16 Solutions Streamline Your LMS Migration Process,"Hi there, Vincent,

I hope this message finds you well! I wanted to introduce you to Doghouse, a solution designed to complement and enhance the great work K16 Solutions is already doing in LMS content migration and archiving.

Doghouse can help your team by providing additional automation and efficiency tools that integrate smoothly with your Scaffold platform, making migrations even faster and reducing manual effort. This means your clients can enjoy an even more seamless transition between LMS platforms, with less downtime and more confidence in data accuracy.

I’d love to explore how Doghouse could support K16 Solutions in continuing to deliver top-notch migration services that save time and resources for educational institutions.

Looking forward to hearing your thoughts!

Take care,  
Demo User",professional,,,
65,17,3628,801,skipped,f,f,2025-09-25 02:49:25.757968+00,Helping Imagine Learning Elevate Literacy Success with Doghouse,"Hi there {{first_name}},

I hope this message finds you well! I’m reaching out to introduce you to Doghouse, a solution designed to support innovative education companies like Imagine Learning in enhancing their business impact.

Given Imagine Learning’s inspiring mission to accelerate language and literacy skills for K-12 students—especially English language learners and struggling readers—Doghouse can help streamline your business transformation efforts by optimizing operational workflows and improving stakeholder engagement. Our platform is built to complement your personalized learning programs by providing actionable insights and automation that free up your team to focus more on what matters most: student success.

I’d love to explore how Doghouse can align with your goals and support Imagine Learning’s continued growth and impact. Would you be open to a brief conversation next week?

Looking forward to connecting!

Best regards,  
{{full_sender_name}}",professional,,,
67,18,3631,805,pending,f,f,2025-09-25 04:30:55.703828+00,Helping EdTech Solutions Elevate Learning with Doghouse,"Hi there {{first_name}},

I hope this message finds you well! I’m reaching out to introduce you to Doghouse, a platform designed to simplify and enhance digital content management—something I believe could be a great fit for EdTech Solutions.

Given your commitment to empowering teachers, elevating schools, and equipping students with seamless access to educational resources, Doghouse can help streamline your ebook implementation and LMS integrations. Our solution offers easy content organization, quick updates, and improved accessibility across devices, giving your team more time to focus on what matters most—supporting students and educators.

I’d love to explore how Doghouse can complement your existing services and contribute to your mission of providing peace of mind and outstanding support to your clients.

Looking forward to the opportunity to chat!

Take care,  
{{full_sender_name}}",professional,,,
68,18,3636,804,pending,f,f,2025-09-25 04:30:55.703828+00,Helping Assessment Technology Enhance Educator Impact with Doghouse,"Hi there {{first_name}},

I hope this message finds you well! I’m reaching out to introduce you to Doghouse, a solution designed to help innovative companies like Assessment Technology, INC. amplify their impact in education through smarter, streamlined technology.

Given ATI’s dedication to advancing instructional improvement and effectiveness with tools like Galileo K-12 Online, Doghouse can complement your mission by simplifying collaboration, accelerating product development cycles, and enhancing data-driven decision-making. Our platform is built to support teams in delivering educational technology that truly transforms learning outcomes.

I’d love to explore how Doghouse can support your engineering and technology teams in driving even greater success for educators and students alike.

Looking forward to connecting soon!

Best regards,  
{{full_sender_name}}",professional,,,
69,18,3608,800,pending,f,f,2025-09-25 04:30:55.703828+00,Helping Shmoop Boost Student Success with Doghouse,"Hi there, Mike,

I hope this message finds you well and thriving at Shmoop!

I wanted to introduce you to Doghouse, a solution designed to complement and enhance the kind of engaging, personalized learning experience Shmoop already delivers. Since Shmoop excels at providing interactive courses, test prep, and progress tracking for students, Doghouse can help by streamlining your content delivery and improving user engagement through smart automation and analytics.

By integrating Doghouse, Shmoop could gain deeper insights into student behavior, optimize course workflows, and offer even more tailored learning paths—all while easing the workload on your team. It’s like adding a friendly helper that keeps everything running smoothly behind the scenes, so your educators and students can focus on what matters most: learning and growth.

I’d love to explore how Doghouse can support Shmoop’s mission to make learning easier and more fun for students everywhere.

Looking forward to hearing your thoughts!

Warmly,  
{{full_sender_name}}",professional,,,
70,18,3633,805,pending,f,f,2025-09-25 04:30:55.703828+00,Helping EdTech Solutions Elevate Learning with Doghouse,"Hi there, Peter,

I hope this message finds you well and enjoying a bright day with your family!

I wanted to introduce you to **Doghouse**, a platform designed to seamlessly support companies like EdTech Solutions in enhancing educational technology services. Given your inspiring leadership and EdTech’s commitment to empowering teachers and elevating schools through innovative e-book and digital curriculum solutions, Doghouse can help streamline your operations and boost engagement.

Doghouse offers tools that integrate smoothly with LMS and SIS systems, simplifying courseware setup and management—helping your team save time and focus more on what matters most: supporting students and educators. Plus, it enhances accessibility across devices, ensuring students can learn anytime, anywhere with ease.

I’d love to explore how Doghouse can complement EdTech Solutions’ mission and contribute to your continued success.

Looking forward to the opportunity to chat!

Take care,  
Demo User",professional,,,
71,19,3675,809,pending,f,f,2025-09-25 04:58:15.516034+00,Helping InScribe Elevate Student Success Even Further,"Hi there, Ronan,

I hope this message finds you well! I wanted to introduce you to Doghouse, a solution designed to complement and enhance platforms like InScribe by streamlining community engagement and boosting user interaction through smart automation and personalized support.

Given how InScribe beautifully connects students, educators, and alumni with AI-powered Q&A and community collaboration, Doghouse can help your team by automating routine tasks, improving response times, and providing deeper insights into user needs—all while freeing up your experts to focus on high-impact student support.

I’d love to explore how Doghouse can fit into InScribe’s mission to scale student success and foster meaningful connections across your community.

Looking forward to hearing your thoughts!

Take care,  
Demo User",professional,,,
72,19,3649,811,pending,f,f,2025-09-25 04:58:15.516034+00,Helping Peterson’s Empower Students with Doghouse,"Hi there, Mo,

I hope this message finds you well and thriving in beautiful Denver!

I’m reaching out to introduce you to Doghouse, a solution designed to support educational services companies like Peterson’s in enhancing student engagement and streamlining how you help students discover, prepare for, and fund their education beyond high school.

Doghouse can help your team by simplifying communication, organizing resources, and providing personalized support tools that align perfectly with your mission to guide students across various fields. I’d love to explore how we might tailor Doghouse to fit Peterson’s unique goals and make your impactful work even more efficient and rewarding.

Would you be open to a brief chat sometime soon? I’m excited about the possibility of partnering with you to help more students succeed.

Take care,  

Demo User",professional,,,
73,19,3655,812,pending,f,f,2025-09-25 04:58:15.516034+00,Helping Skill Distillery Boost Student Success with Doghouse,"Hi there {{first_name}},

I hope this message finds you well! I wanted to introduce you to Doghouse, a platform designed to support coding schools like Skill Distillery by enhancing student engagement and streamlining project collaboration.

Given Skill Distillery’s focus on preparing driven individuals for full stack Java careers through your intensive 16-week program, Doghouse can help your students deepen their hands-on coding experience and connect more effectively with peers and instructors. Our tools foster real-time feedback, project tracking, and community building—perfect for keeping motivated learners on track and ready for the job market.

I’d love to explore how Doghouse can complement Skill Distillery’s mission of equipping students with the skills and confidence to thrive in tech careers.

Looking forward to hearing your thoughts!

Take care,  
{{full_sender_name}}",professional,,,
74,19,3676,809,pending,f,f,2025-09-25 04:58:15.516034+00,Helping InScribe Elevate Student Engagement with Doghouse,"Hi there, Katy,

I hope this message finds you well and thriving in your inspiring work at InScribe. I’m reaching out to introduce you to Doghouse, a platform designed to complement and enhance intelligent Q&A and community-driven learning environments like yours.

Doghouse can help InScribe by streamlining community interactions and boosting engagement through intuitive tools that foster collaboration and knowledge sharing. By integrating Doghouse, your platform could see even greater student participation, deeper peer connections, and more efficient moderation—supporting your mission to help every learner thrive.

I’d love to explore how Doghouse can align with InScribe’s goals and contribute to your continued success in making education more accessible and impactful.

Looking forward to the chance to connect!

Best regards,  

Demo User",professional,,,
75,19,3672,808,pending,f,f,2025-09-25 04:58:15.516034+00,Helping Sympoz Elevate Online Learning Experiences,"Hi there {{first_name}},

I hope this message finds you well! I’m reaching out to introduce Doghouse, a platform designed to enhance online communities like Sympoz by streamlining engagement and deepening connections between passionate learners and experts.

Given Sympoz’s inspiring mission to create vibrant, interactive learning environments for enthusiasts on their own schedule, Doghouse can help amplify that impact by providing tools that boost real-time interaction, personalized content delivery, and seamless community management. This means your members can enjoy an even richer experience, while your team gains powerful insights and automation to grow and nurture your thriving communities.

I’d love to explore how Doghouse can support Sympoz’s continued success and innovation in passion-driven education.

Looking forward to connecting!

Warmly,  
{{full_sender_name}}",professional,,,
76,20,3666,810,pending,f,f,2025-09-25 07:04:31.975716+00,Helping Vital Learning Boost Engagement and Impact with Doghouse,"Hi there, Diane,

I hope this message finds you well and thriving in beautiful Denver!

I wanted to introduce you to Doghouse, a platform designed to help companies like Vital Learning deepen engagement and streamline communication with their teams and clients. Given your incredible work empowering managers and supervisors with practical leadership skills, Doghouse can complement your training programs by providing an easy-to-use tool that fosters ongoing connection, feedback, and collaboration beyond the classroom or online sessions.

By integrating Doghouse, Vital Learning could enhance how your clients sustain the momentum from your courses—helping leaders stay connected, share insights, and reinforce key skills in real time. It’s a simple yet powerful way to boost retention, engagement, and ultimately, the impact of your training solutions.

I’d love to explore how Doghouse might support your mission to develop effective leaders and create healthier, more productive workplaces.

Looking forward to hearing your thoughts!

Take care,  
Demo  

Demo User",professional,,,
77,20,3666,810,pending,f,f,2025-09-25 07:04:31.975716+00,Helping Vital Learning Boost Leadership Impact with Doghouse,"Hi there {{first_name}},

I hope this message finds you well and thriving in beautiful Denver!

I wanted to introduce you to Doghouse, a tool designed to complement and enhance leadership and management training like the exceptional programs Vital Learning offers. Doghouse helps organizations streamline communication, track progress, and foster engagement—making it easier for leaders and supervisors to apply new skills and drive real business results.

Given Vital Learning’s commitment to empowering managers and improving employee performance, I believe Doghouse could be a valuable addition to your training solutions, helping your clients sustain momentum and deepen their impact.

I’d love to share more about how Doghouse can support your mission and explore ways we might collaborate.

Looking forward to connecting!

Warmly,  
{{full_sender_name}}",professional,,,
78,20,3664,807,pending,f,f,2025-09-25 07:04:31.975716+00,Helping littleBits Spark Even More Creativity with Doghouse,"Hi there Ayah,

I hope this message finds you well and thriving in beautiful Boulder!

I wanted to introduce you to Doghouse, a platform designed to help innovative companies like littleBits amplify their impact and streamline their operations. Given littleBits’ inspiring mission to ignite creativity and hands-on STEAM learning through your electronic building blocks, Doghouse can support your team by simplifying project management, enhancing collaboration, and providing insightful analytics to better understand and grow your user engagement.

Whether it’s helping educators and parents connect more seamlessly with your resources or giving your team tools to track and optimize lesson delivery, Doghouse is built to complement and elevate the amazing work you’re already doing.

I’d love to explore how Doghouse can be tailored to support littleBits’ unique goals and help you continue empowering students and educators everywhere.

Looking forward to the possibility of working together!

Warmly,  
Demo User",professional,,,
79,20,3664,807,pending,f,f,2025-09-25 07:04:31.975716+00,Helping littleBits Spark Even More Creativity with Doghouse,"Hi there Ayah,

I hope this message finds you well and thriving in beautiful Boulder!

I wanted to introduce you to Doghouse, a platform designed to help innovative companies like littleBits amplify their impact by streamlining collaboration, project management, and community engagement. Given littleBits’ inspiring mission to empower educators, students, and parents through hands-on STEAM learning, Doghouse can support your team by simplifying how you manage lesson plans, share creative outcomes, and connect with your vibrant learning community.

By integrating Doghouse, littleBits could enhance the way you organize your extensive resources and interactive challenges, making it even easier for educators and students to access and contribute to your growing ecosystem of invention and creativity.

I’d love to explore how Doghouse might fit into your vision and help littleBits continue to inspire the next generation of problem-solvers and creators.

Warmly,  
Demo User",professional,,,
80,20,3429,749,pending,f,f,2025-09-25 07:04:31.975716+00,Helping Aceable Drive Even More Engagement with Doghouse,"Hi there, {{first_name}}!

I hope this message finds you well. I wanted to introduce you to Doghouse, a platform designed to help innovative companies like Aceable enhance user engagement and streamline content delivery. Given Aceable’s impressive mobile-first, gamified approach to education—especially in drivers ed, real estate, and healthcare—Doghouse can complement your efforts by providing tools that boost learner interaction and retention even further.

Doghouse specializes in creating seamless, interactive experiences that fit perfectly with your mission to make learning fun, accessible, and effective anytime, anywhere. Whether it’s through personalized learning paths, real-time progress tracking, or engaging multimedia integration, Doghouse can help Aceable deepen its connection with students and support your growth into new educational areas.

I’d love to explore how we can tailor Doghouse to support Aceable’s unique platform and goals. Please let me know if you’re open to a quick chat!

Take care,  
{{full_sender_name}}",professional,,,
81,21,3683,814,pending,f,f,2025-09-25 15:48:38.565669+00,Helping SocialPreneur Lab Grow with Doghouse,"Hi there, Jamela,

I hope this message finds you well and thriving in Atlanta’s vibrant community! I’m Demo from Doghouse, and I wanted to share how our platform can support SocialPreneur Lab’s inspiring mission to empower diverse youth through education and entrepreneurship.

Doghouse is designed to help organizations like yours streamline operations, enhance engagement, and create new economic opportunities for your participants. Whether it’s simplifying program management or providing tools to connect young entrepreneurs with resources and networks, we’re here to make your impactful work even more effective.

I’d love to explore how Doghouse can complement your efforts at SocialPreneur Lab and help you reach even more young changemakers. Would you be open to a quick chat sometime soon?

Looking forward to hearing from you!

Warmly,  

Demo User",professional,,,
82,21,3689,813,pending,f,f,2025-09-25 15:48:38.565669+00,Helping Progress Learning Shine Even Brighter with Doghouse,"Hi there, Nancy!

I hope this message finds you well and thriving in beautiful Atlanta. I’m reaching out to introduce you to Doghouse, a tool designed to complement and enhance the fantastic work Progress Learning is already doing to empower educators and students.

Doghouse can help your team by streamlining communication and collaboration across your curriculum and marketing efforts, making it easier to showcase your innovative, standards-aligned resources to schools and districts. With Doghouse, you’ll find it simpler to engage your audience, track outreach success, and ultimately support your mission of helping every student master state standards with personalized teaching tools.

I’d love to share more about how Doghouse can fit seamlessly with Progress Learning’s goals and help lighten your team’s load while boosting impact.

Looking forward to the chance to connect!

Warmly,  
Demo User",professional,,,
83,21,3695,817,pending,f,f,2025-09-25 15:48:38.565669+00,Helping Intellum Elevate Learning Experiences with Doghouse,"Hi there {{first_name}},

I hope this message finds you well! I wanted to introduce you to Doghouse, a solution designed to complement and enhance platforms like Intellum’s by streamlining content management and boosting learner engagement.

Given Intellum’s impressive track record in delivering personalized, scalable learning experiences for customers, partners, and employees, Doghouse can help simplify your content workflows and provide actionable insights to further improve learner outcomes. Our tools integrate smoothly with existing LMS platforms, helping teams save time while creating richer, more interactive learning journeys.

I’d love to explore how Doghouse can support Intellum’s mission to make enterprise learning effortless and even more impactful.

Looking forward to connecting!

Best regards,  
{{full_sender_name}}",professional,,,
84,21,3651,811,pending,f,f,2025-09-25 15:48:38.565669+00,Helping Peterson’s Elevate Educational Services with Doghouse,"Hi there {{first_name}},

I hope this message finds you well! I wanted to introduce you to Doghouse, a solution designed to streamline and enhance how educational services companies like Peterson’s connect with students and manage their resources.

Given Peterson’s passion for guiding students through their educational journeys—from discovery to funding—Doghouse can help by simplifying your workflow, improving communication, and providing actionable insights to better serve your diverse student base. Whether it’s managing data, personalizing student experiences, or optimizing your team’s collaboration, Doghouse is built to support your mission of making education accessible and navigable.

I’d love to explore how Doghouse can complement the incredible work Peterson’s is already doing from your Denver headquarters and help you continue to lead in educational services.

Looking forward to the opportunity to chat!

Best regards,  

{{full_sender_name}}",professional,,,
85,21,3665,807,pending,f,f,2025-09-25 15:48:38.565669+00,Helping littleBits Spark Even More Creativity with Doghouse,"Hi there, Leigh!

I hope this message finds you well and full of inspiration. I’m reaching out to introduce you to Doghouse, a tool designed to help innovative companies like littleBits amplify their impact and streamline their operations.

Given littleBits’ amazing work in providing hands-on STEAM and coding lessons through your interactive electronic building blocks, Doghouse can support your mission by enhancing collaboration, project management, and customer engagement — all tailored to the unique needs of education-focused tech companies.

I’d love to share how Doghouse can help littleBits continue to inspire creativity and learning for educators, students, and parents alike, making your processes smoother and your reach even broader.

Looking forward to the chance to connect and explore how we can support your exciting journey!

Take care,  
Demo  

Demo User",professional,,,
95,23,510,75,pending,f,f,2025-09-25 16:38:32.123437+00,Helping Avalon Advisors Drive Growth with Car Solutions,"Hi there {{first_name}},

I hope this message finds you well! I wanted to introduce you to Car, a solution designed to streamline operations and enhance client engagement for firms like Avalon Advisors.

Given Avalon’s impressive track record in delivering personalized investment management and financial advice, Car can help simplify your client interactions and improve efficiency, allowing your team to focus more on strategic growth and less on administrative tasks. With your firm’s commitment to exceeding expectations and providing customized solutions, Car’s intuitive platform could be a great fit to support your continued success.

I’d love to share more about how Car can specifically benefit Avalon Advisors and explore ways we can tailor it to your unique needs.

Looking forward to connecting soon!

Best regards,  

{{full_sender_name}}",professional,,,
91,23,509,75,pending,f,f,2025-09-25 16:38:32.123437+00,Helping Avalon Advisors Drive Success with Our Car Solutions,"Hi there, Colonel Lilly!

I hope this message finds you well. I wanted to introduce you to our car solutions that could bring real value to Avalon Advisors’ operations. Given Avalon’s commitment to personalized, high-level service and managing complex financial portfolios, our vehicles can enhance your team’s mobility, reliability, and professional presence—whether for client meetings, site visits, or day-to-day business needs.

Our cars combine comfort, efficiency, and advanced technology, helping your advisors stay connected and punctual while projecting the polished image Avalon is known for in Houston’s competitive financial landscape. I’d love to explore how we can tailor a solution that supports your team’s unique demands and helps Avalon Advisors continue exceeding client expectations.

Please let me know a convenient time to chat or if you’d like more details.

Take care,  
Jonathan  

Jonathan Novotny",professional,,,
92,23,511,75,pending,f,f,2025-09-25 16:38:32.123437+00,Helping Avalon Advisors Drive Efficiency and Growth with Car,"Hi there {{first_name}},

I hope this message finds you well! I wanted to introduce you to Car, a solution designed to streamline operations and enhance client engagement for firms like Avalon Advisors.

Given Avalon’s impressive track record in delivering personalized investment management and financial advice, Car can help simplify your internal workflows and provide your team with powerful tools to deepen client relationships—all while maintaining the high-touch service your clients expect.

I’d love to share how Car can support Avalon Advisors in continuing to exceed expectations and grow your business efficiently. Would you be open to a brief conversation?

Looking forward to connecting!

Best regards,  
{{full_sender_name}}",professional,,,
93,23,498,66,pending,f,f,2025-09-25 16:38:32.123437+00,Helping Prosperity Bancshares Drive Business Growth with Car Solutions,"Hi there, Kevin,

I hope this message finds you well and thriving at Prosperity Bancshares. I wanted to introduce you to Car, a solution designed to streamline and enhance business operations, which I believe could be a great fit for your bank’s innovative approach to serving clients.

Given Prosperity’s strong commitment to integrating fintech innovations and providing comprehensive financial services across Texas and Oklahoma, Car can help simplify your treasury management and loan processes, improve client engagement, and boost operational efficiency. Our solution is tailored to support community-focused banks like yours in delivering seamless, tech-forward experiences that align perfectly with your mission of taking care of customers and businesses.

I’d love to explore how Car can complement Prosperity’s existing digital banking and treasury management offerings to help you continue growing and serving your diverse client base with excellence.

Looking forward to the opportunity to chat more.

Best regards,  

Jonathan Novotny",professional,,,
94,23,495,68,pending,f,f,2025-09-25 16:38:32.123437+00,Driving Capco’s Digital Transformation Forward with Car,"Hi there {{first_name}},

I hope this message finds you well! I wanted to introduce you to Car, a solution designed to complement Capco’s expertise in fintech consulting and digital transformation.

Given Capco’s strong focus on blending management consulting with innovative technology delivery for financial services, Car can help accelerate your clients’ digital journeys by streamlining operational workflows and enhancing data-driven decision-making. Our platform integrates seamlessly with existing systems, empowering teams to deliver faster, more agile solutions—perfectly aligned with Capco’s commitment to thought leadership and cutting-edge fintech innovation.

I’d love to explore how Car can support Capco’s mission to transform financial services and add value to your clients’ businesses.

Looking forward to connecting soon!

Best regards,  

{{full_sender_name}}",professional,,,
96,24,544,72,pending,f,f,2025-09-25 17:57:47.828686+00,Unlocking New Efficiency for Quantlab’s Trading Operations,"Hi there {{first_name}},

I hope this message finds you well and thriving at Quantlab. I’m Jonathan, and I wanted to introduce you to Car, a solution designed to seamlessly enhance the efficiency and precision of technology-driven trading environments like yours.

Given Quantlab’s pioneering approach—where science and technology drive every decision and automation is key—Car can help streamline your engineering workflows, reduce operational friction, and accelerate deployment cycles. It’s built to support teams who thrive on innovation and rigorous performance, much like your talented group of scientists and technologists.

I’d love to explore how Car might complement your existing systems and contribute to pushing Quantlab’s edge even further in quantitative trading.

Looking forward to the possibility of working together, {{first_name}}.

Take care,  
Jonathan Novotny",professional,,,
97,24,560,76,pending,f,f,2025-09-25 17:57:47.828686+00,"Helping Salient Build Smarter, More Efficient Portfolios with Car","Hi there {{first_name}},

I hope this message finds you well! I wanted to introduce you to Car, a solution designed to enhance how companies like {{company_name}} manage and optimize their investment strategies.

Given Salient’s expertise in real asset and alternative investment strategies, Car can help streamline your portfolio management by providing advanced analytics and automation tailored to your unique approach. This means more efficient decision-making, improved risk management, and ultimately, smarter portfolio construction that aligns perfectly with your goal of building smarter, more efficient portfolios.

I’d love to explore how Car can support your team’s efforts and contribute to Salient’s continued success.

Looking forward to connecting soon!

Best regards,  
{{full_sender_name}}",professional,,,
98,24,527,71,pending,f,f,2025-09-25 17:57:47.828686+00,Helping Ditstek Innovations Drive Fintech Success with Car,"Hi there {{first_name}},

I hope this message finds you well! I’m reaching out to introduce **Car**, a solution designed to complement and enhance the innovative fintech software development work Ditstek Innovations is known for.

Given Ditstek’s expertise in digital banking, payment gateways, and regtech platforms—especially your focus on security and user-centric design—Car can help streamline your operations by integrating seamlessly with your existing systems. It offers robust automation and AI-driven features that can boost efficiency, improve compliance workflows, and elevate user experience without compromising security.

I’d love to explore how Car can support Ditstek’s mission to deliver scalable, secure, and compliant fintech solutions that empower your clients and accelerate your growth.

Looking forward to the opportunity to connect!

Best regards,  

{{full_sender_name}}",professional,,,
99,24,512,75,pending,f,f,2025-09-25 17:57:47.828686+00,Helping Avalon Advisors Elevate Client Investment Success,"Hi there Willie,

I hope this message finds you well and thriving in Houston’s vibrant financial scene!

I wanted to introduce you to Car, a solution designed to streamline and enhance investment management processes for firms like Avalon Advisors. Given Avalon’s impressive $8+ billion in assets under management and your commitment to delivering personalized, tax-efficient strategies, Car can help by automating portfolio analysis and providing deeper insights into client holdings—freeing up your team to focus more on strategic advice and client relationships.

With Car’s intuitive platform, your advisors can quickly identify opportunities and risks across diverse portfolios, helping Avalon maintain its reputation for exceptional service and customized solutions for high-net-worth clients. I’d love to explore how Car can support Avalon’s continued growth and client satisfaction.

Please let me know if you’d be open to a brief conversation—I’m confident this could be a valuable partnership.

Take care,  
Jonathan Novotny",professional,,,
100,24,148,15,pending,f,f,2025-09-25 17:57:47.828686+00,Helping Alloy Strengthen Fraud Prevention and Identity Verification,"Hi there {{first_name}},

I hope this message finds you well! I wanted to introduce you to Car, a solution designed to complement Alloy’s powerful identity verification platform by enhancing fraud detection and streamlining identity management even further.

Given Alloy’s focus on helping banks and fintechs automate onboarding, fraud prevention, and compliance with a rich ecosystem of data sources, Car can add value by providing additional layers of real-time analytics and risk intelligence tailored to your needs. Together, we can help Alloy’s clients reduce manual reviews, increase conversion rates, and stay ahead of evolving fraud threats without adding complexity to your existing workflows.

I’d love to explore how Car can support Alloy’s mission to deliver seamless, secure financial experiences while minimizing risk.

Looking forward to connecting soon!

Best regards,  

{{full_sender_name}}",professional,,,
199,44,1873,319,pending,f,f,2025-10-03 13:00:54.554179+00,Helping SDLC Corp Drive Even Greater Success with Car,"Hi there {{first_name}},

I hope this message finds you well! I wanted to introduce you to Car, a solution designed to complement SDLC Corp’s impressive software development expertise by streamlining your business operations and boosting efficiency.

Given SDLC Corp’s strong focus on custom enterprise software, mobile apps, and Odoo customization, Car can help automate routine workflows, enhance data integration, and optimize process management—freeing your talented team to focus on innovation and client success.

I’d love to explore how Car can support your goals at SDLC Corp and contribute to your continued growth. Please let me know a convenient time for a quick chat.

Take care,  
{{full_sender_name}}",professional,,,
121,29,543,72,pending,f,f,2025-09-26 13:00:22.123916+00,Helping Quantlab Elevate Trading Infrastructure with Car,"Hi there {{first_name}},

I hope this message finds you well! I wanted to introduce you to **Car**, a cutting-edge solution designed to enhance trading infrastructure resilience and scalability—something I believe aligns perfectly with Quantlab’s commitment to pioneering algorithmic trading through advanced technology and scientific research.

Given your role as Vice President of Infrastructure, I thought you’d appreciate how Car’s cloud-native, modular architecture can seamlessly integrate with Quantlab’s existing systems. It’s built to support live resilience, adapt quickly to market shifts, and scale effortlessly as trading volumes grow—helping your team maintain the high standards of performance and reliability that Quantlab is known for.

I’d love to explore how Car can support your infrastructure goals and contribute to Quantlab’s continued innovation in quantitative trading.

Looking forward to hearing your thoughts, Robert!

Best regards,  

{{full_sender_name}}",professional,,,
122,29,573,80,pending,f,f,2025-09-26 13:00:22.123916+00,Helping Growth Institute Scale Even Further with Car,"Hi there {{first_name}},

I hope this message finds you well! I’m reaching out to introduce you to *Car*, a solution designed to complement Growth Institute’s mission of empowering leaders and scaling businesses through executive education.

Given Growth Institute’s impressive track record in delivering world-class leadership development and your commitment to helping companies grow with less drama, Car can help by streamlining your operational workflows and enhancing team collaboration. This means your leadership and learning programs can run even more smoothly, freeing up your team to focus on what you do best—transforming businesses and developing leaders.

I’d love to explore how Car can support Growth Institute’s continued growth and help Daniel Marcos and your team maximize impact with less hassle.

Looking forward to connecting soon!

Take care,  
Jonathan  

Jonathan Novotny",professional,,,
123,29,533,74,pending,f,f,2025-09-26 13:00:22.123916+00,Helping FINBOA Elevate Dispute Management Efficiency,"Hi there {{first_name}},

I hope this message finds you well and thriving at FINBOA!

I wanted to introduce you to Car, a solution designed to complement and enhance your already impressive SaaS automation platform. Given FINBOA’s focus on streamlining payment dispute management and improving customer experience, Car can help by further automating workflows, reducing manual tasks, and providing deeper analytics to support your team’s decision-making.

By integrating Car, FINBOA could see even greater efficiency in handling disputes, faster resolution times, and an elevated digital experience for your banking clients—helping you maintain that trusted, compliant, and customer-friendly edge you’ve built so well.

I’d love to explore how Car can support your mission and add value to your platform. Please let me know a convenient time for a quick chat.

Warmly,  

Jonathan Novotny",professional,,,
124,29,565,76,pending,f,f,2025-09-26 13:00:22.123916+00,Helping Salient Elevate Portfolio Efficiency with Car,"Hi there Paul,

I hope this message finds you well and thriving at Salient!

I wanted to introduce you to **Car**, a solution designed to seamlessly enhance how companies like Salient manage and optimize their real asset and alternative investment strategies. Given Salient’s focus on building smarter, more efficient portfolios through real assets and liquid alternatives, Car can help streamline your operations by automating key workflows and providing actionable insights that improve decision-making and portfolio performance.

By integrating Car, your team could save valuable time on routine tasks, reduce operational friction, and unlock new efficiencies—helping Salient continue to deliver exceptional value to your clients and stay ahead in the competitive asset management space.

I’d love to explore how Car might complement Salient’s existing strengths and support your growth goals. Please let me know if you’d be open to a brief conversation.

Take care,  

Jonathan  

Jonathan Novotny",professional,,,
125,29,563,76,pending,f,f,2025-09-26 13:00:22.123916+00,Helping Salient Elevate Portfolio Efficiency with Car,"Hi there {{first_name}},

I hope this message finds you well! I wanted to introduce you to **Car**, a solution designed to seamlessly enhance how companies like {{company_name}} manage and optimize their investment strategies.

Given Salient’s impressive suite of real asset and alternative investment strategies, Car can help streamline your portfolio management by automating routine workflows and providing actionable insights that improve efficiency and decision-making. This means your team can focus more on strategic growth while Car handles the operational details with precision.

I’d love to explore how Car can complement Salient’s mission to build smarter, more efficient portfolios and support your continued success.

Looking forward to connecting soon!

Best regards,  
Jonathan  

Jonathan Novotny",professional,,,
126,30,588,83,pending,f,f,2025-09-29 13:00:18.916479+00,Helping CoachTube Elevate Athlete Success with Car,"Hi there {{first_name}},

I hope this message finds you well! I wanted to introduce you to **Car**, a solution designed to seamlessly support platforms like CoachTube in enhancing user engagement and streamlining course delivery.

Given CoachTube’s mission to provide athletes worldwide with top-tier coaching anytime, anywhere, Car can help by optimizing your content management and improving the athlete experience through smarter course recommendations and personalized learning paths. This means your coaches can focus more on creating great content while Car handles the tech side to boost athlete progress and satisfaction.

I’d love to explore how Car can complement CoachTube’s impressive platform and help you continue empowering athletes and coaches alike.

Looking forward to connecting!

Warmly,  
{{full_sender_name}}",professional,,,
127,30,634,92,pending,f,f,2025-09-29 13:00:18.916479+00,Helping Karat Financial Empower Creators Even More,"Hi there {{first_name}},

I hope this finds you well! I wanted to introduce you to Car, a solution designed to complement Karat Financial’s mission of supporting creators and influencers with tailored financial products.

Car can help {{company_name}} by streamlining financial workflows and providing deeper insights into creator spending and credit usage. This means you can offer even more personalized credit and banking experiences that truly understand the unique cash flow and business needs of creators—just like you’ve been doing so well.

Given Karat’s impressive track record of extending $1.5 billion in credit and launching creator-focused banking, Car could be a natural fit to help scale those services while enhancing user satisfaction and retention.

I’d love to explore how Car can support your vision for reconstructing the financial safety net for creators. Would you be open to a quick chat sometime soon?

Warmly,  
{{full_sender_name}}",professional,,,
128,30,514,75,pending,f,f,2025-09-29 13:00:18.916479+00,Helping Avalon Advisors Elevate Client Wealth Management,"Hi there {{first_name}},

I hope this message finds you well and thriving at Avalon Advisors. I wanted to introduce you to Car, a solution designed to streamline and enhance your investment management and financial advisory services.

Given Avalon’s impressive track record managing over $8 billion in assets and serving high-net-worth clients with tailored strategies, Car can help by providing advanced analytics and automation tools that simplify portfolio oversight and improve client reporting. This means your team can spend more time focusing on personalized advice and less on administrative tasks, ultimately helping Avalon continue exceeding client expectations with efficiency and precision.

I’d love to share how Car can complement Avalon’s proprietary investment management approach and support your mission of simplifying lives while delivering exceptional service.

Looking forward to connecting soon, {{contact_name}}.

Take care,  
{{full_sender_name}}",professional,,,
129,30,577,79,pending,f,f,2025-09-29 13:00:18.916479+00,Helping Aceable Drive Even More Success with Car,"Hi there, Blake,

I hope this message finds you well! I’m reaching out to introduce **Car**, a solution designed to complement Aceable’s innovative mobile-first education platform by enhancing your users’ driving experience beyond the classroom.

Given Aceable’s commitment to making driver’s education engaging, flexible, and effective, Car can help your business by providing seamless integration with your courses—offering real-time driving insights, safety feedback, and personalized coaching that empower learners to build confidence on the road faster.

By combining Aceable’s award-winning online curriculum with Car’s smart driving tools, you can elevate your students’ journey from learning to licensing, ensuring safer, more prepared drivers who are ready for whatever the road throws their way.

I’d love to explore how Car can support Aceable’s mission and help your learners thrive. When would be a good time to connect?

Warmly,  
{{full_sender_name}}",professional,,,
130,30,574,80,pending,f,f,2025-09-29 13:00:18.916479+00,Helping Growth Institute Scale Even Further with Car,"Hi there, Juan,

I hope this message finds you well and thriving at Growth Institute! I wanted to introduce you to **Car**, a solution designed to complement your mission of scaling businesses and sharpening leadership skills.

Car can help Growth Institute by streamlining how your executive education programs are delivered and managed, making it easier for your coaches and learners to engage deeply with the content and apply it effectively. By integrating Car, you could enhance participant experience, boost course completion rates, and provide your team with actionable insights to continuously improve your offerings.

Given Growth Institute’s commitment to impactful, practical learning that drives real business growth, I believe Car could be a valuable partner in helping you reduce the “drama” and accelerate results for your clients.

I’d love to explore how Car can support your vision and contribute to the success of your coaching and leadership development programs.

Warmly,  
{{full_sender_name}}",professional,,,
151,35,668,93,pending,f,f,2025-09-30 13:01:42.97078+00,Helping Scratch Financial Expand Access with Our Car Solution,"Hi there {{first_name}},

I hope this message finds you well! I’m reaching out to introduce a new car solution that I believe could complement Scratch Financial’s mission of improving access to credit and financial management for underserved communities.

Our car offering is designed to provide affordable, flexible transportation options that can empower your clients by enhancing their mobility and independence. This, in turn, supports financial stability and access to opportunities—key factors that align closely with Scratch Financial’s goals.

I’d love to explore how we can work together to bring this added value to {{company_name}} and the communities you serve. Please let me know a convenient time for a quick chat.

Take care,  
{{full_sender_name}}",professional,,,
146,34,588,83,pending,f,f,2025-09-29 13:01:39.009145+00,Helping CoachTube Elevate Athlete Success with Car,"Hi there {{first_name}},

I hope this message finds you well! I’m reaching out to introduce *Car*, a solution designed to complement CoachTube’s mission by enhancing how your platform supports athletes and coaches in their growth journey.

Car can seamlessly integrate with CoachTube’s existing technology to provide personalized insights and analytics that help athletes track their progress and optimize their training routines. By adding this layer of data-driven feedback, CoachTube can offer even more value to your users—helping them improve faster and stay motivated, anytime and anywhere.

I’d love to explore how Car can support CoachTube’s vision of making top-tier coaching accessible and impactful for athletes worldwide.

Looking forward to the possibility of working together!

Best regards,  
{{full_sender_name}}",professional,,,
147,34,634,92,pending,f,f,2025-09-29 13:01:39.009145+00,Helping Karat Financial Empower Creators Even More,"Hi there, {{first_name}}!

I hope this message finds you well. I wanted to introduce you to Car, a solution designed to complement Karat Financial’s mission of supporting creators and influencers with tailored financial products.

Car can help {{company_name}} by streamlining financial operations and enhancing the user experience for your creator clients. Given Karat’s focus on providing credit cards and business banking tailored to creators’ unique needs, Car’s capabilities can further simplify managing finances, improve cash flow visibility, and offer seamless integration with your existing services. This means your creators can focus more on growing their businesses while enjoying smoother financial management.

I’d love to explore how Car can support Karat’s vision of reconstructing the financial safety net for creators and help you continue delivering exceptional value to your community.

Looking forward to connecting soon!

Best regards,  
{{full_sender_name}}",professional,,,
148,34,514,75,pending,f,f,2025-09-29 13:01:39.009145+00,Helping Avalon Advisors Elevate Client Wealth Management,"Hi there {{first_name}},

I hope this message finds you well! I wanted to introduce you to Car, a solution designed to seamlessly support firms like Avalon Advisors in enhancing investment management and financial advisory services.

Given Avalon’s impressive track record managing over $8 billion in assets and your commitment to personalized, tax-efficient strategies for high-net-worth clients, Car can help streamline portfolio analysis and client reporting, freeing up more time for your advisors to focus on strategic planning and client relationships.

I’d love to explore how Car can complement Avalon’s proprietary approach and help you deliver even greater value to your clients.

Looking forward to connecting soon!

Warmly,  
{{full_sender_name}}",professional,,,
149,34,577,79,pending,f,f,2025-09-29 13:01:39.009145+00,Helping Aceable Drive Success Even Further,"Hi there, Blake,

I hope this message finds you well! I wanted to introduce you to Car, a solution that could complement Aceable’s innovative mobile-first education platform beautifully.

Given Aceable’s success in delivering engaging, state-approved driver’s ed and real estate licensing courses on the go, Car can help streamline your operations and enhance user experience by integrating smart vehicle technology that supports safe driving habits and real-time learning feedback. This could add a new layer of value for your students, making their learning journey even more interactive and practical.

I’d love to explore how Car can support Aceable’s mission to make learning flexible, fun, and effective—helping your users not just learn, but truly master the skills they need on the road and beyond.

Looking forward to chatting more!

Best regards,  
{{full_sender_name}}",professional,,,
150,34,574,80,pending,f,f,2025-09-29 13:01:39.009145+00,Helping Growth Institute Scale Even Further with CARO,"Hi there {{first_name}},

I hope this message finds you well and thriving at Growth Institute! I’m reaching out to introduce you to **CARO**, a powerful tool designed to help businesses like yours accelerate growth by streamlining leadership development and scaling strategies.

Given Growth Institute’s mission to empower executives and scale companies through top-tier education and coaching, CARO can complement your offerings by providing actionable insights and automation that enhance how your clients implement growth methodologies. It’s built to support busy leaders in applying what they learn—helping reduce overwhelm and boost execution, much like the transformational impact your Scaling Up program delivers.

I’d love to explore how CARO can align with your vision and help Growth Institute continue to lead the way in executive education and business scaling.

Looking forward to connecting soon!

Warmly,  
{{full_sender_name}}",professional,,,
152,35,664,94,pending,f,f,2025-09-30 13:01:42.97078+00,Helping Moov Financial Elevate Payments with Car,"Hi there {{first_name}},

I hope this message finds you well! I wanted to introduce you to **Car**, a solution designed to seamlessly integrate with platforms like Moov Financial to enhance payment infrastructure and streamline financial services.

Given Moov’s commitment to providing elegant, powerful APIs that simplify payments, banking, and money movement, Car can help your team by automating complex workflows, improving transaction speed, and reducing operational overhead. This means your developers can focus more on innovation while Car handles the heavy lifting behind the scenes.

I’d love to explore how Car can complement Moov’s existing offerings and support your mission to build the future of payments with ease and reliability.

Looking forward to the possibility of working together!

Best regards,  
{{full_sender_name}}",professional,,,
153,35,571,81,pending,f,f,2025-09-30 13:01:42.97078+00,Helping ReUp Education Boost Student Success with Car,"Hi there {{first_name}},

I hope this message finds you well! I wanted to introduce you to **Car**, a solution designed to complement the incredible work ReUp Education is doing to support adult learners.

Car can help {{company_name}} by streamlining personalized outreach and engagement efforts, making it easier to connect with students at the right time with the right message—just like your patented approach. By integrating Car’s technology, your Success Coaches could enhance their ability to track learner progress, automate timely communications, and provide even more tailored support that drives re-enrollment and persistence.

I’d love to explore how Car can partner with ReUp to help more learners thrive from re-enrollment all the way through graduation.

Looking forward to hearing your thoughts, {{first_name}}!

Take care,  
{{full_sender_name}}",professional,,,
154,35,644,98,pending,f,f,2025-09-30 13:01:42.97078+00,Helping Ledge Grow with Smarter P2P Lending Solutions,"Hi there {{first_name}},

I hope this message finds you well! I wanted to introduce you to Car, a cutting-edge solution designed to enhance peer-to-peer lending platforms like Ledge by integrating advanced AI-driven credit scoring and seamless transaction automation.

Car can help Ledge by improving borrower-lender matching accuracy through AI-powered risk assessment, reducing defaults, and streamlining loan processing with smart contract automation. This means your users enjoy faster, safer, and more transparent lending experiences, all while boosting platform trust and engagement.

Given Ledge’s innovative integration with Venmo, Car’s technology can complement your platform perfectly—helping you stay ahead in the rapidly growing P2P lending market projected to reach over $250 billion this year and beyond.

I’d love to explore how Car can support Ledge’s mission and growth. Let me know if you’re open to a quick chat!

Best regards,  

{{full_sender_name}}",professional,,,
155,35,661,94,pending,f,f,2025-09-30 13:01:42.97078+00,Helping Moov Financial Simplify and Scale Payments Seamlessly,"Hi there {{first_name}},

I hope this message finds you well! I’m reaching out to introduce Car, a solution designed to complement Moov Financial’s powerful API infrastructure by streamlining how your clients manage and scale their financial services.

Car can help Moov by enhancing user onboarding and payment workflows with an intuitive interface that reduces friction and accelerates transactions—perfectly aligned with Moov’s mission to simplify payments and compliance. By integrating Car, your team can offer even smoother experiences for your customers, from instant KYC/KYB verification to real-time ledger updates, helping Moov Financial continue to lead in delivering seamless, scalable financial services.

I’d love to explore how Car can support your product goals and contribute to Moov’s growth. Would you be open to a quick chat sometime soon?

Take care,  
{{full_sender_name}}",professional,,,
176,40,648,96,pending,f,f,2025-10-01 13:02:19.438+00,Helping {{company_name}} Simplify Leasing with LeaseLock,"Hi there {{first_name}},

I hope this message finds you well! I wanted to introduce you to LeaseLock, a game-changing lease insurance solution that could really streamline operations at {{company_name}}.

LeaseLock replaces traditional security deposits with innovative lease insurance, eliminating the upfront financial burden on renters while providing your team with enhanced protection against rent loss and damages. This means less administrative hassle, reduced bad debt, and a smoother leasing process overall. Plus, our AI-powered platform integrates seamlessly with your existing systems to automate compliance and claims, freeing up your staff to focus on what matters most.

I’d love to explore how LeaseLock can support your goals and make leasing simpler and more affordable for your residents. Please let me know if you’d be open to a quick chat or demo.

Take care,  
{{sender_first_name}}",professional,,,
177,40,713,106,pending,f,f,2025-10-01 13:02:19.438+00,Quick question for Moov Financial,"Hi Wade Arnold,

I noticed Moov Financial and wanted to reach out about how we might be able to help with your business needs.

Would you be open to a brief conversation?

Best regards",professional,,,
178,40,635,92,pending,f,f,2025-10-01 13:02:19.438+00,Helping Karat Financial Empower Creators Even More,"Hi there {{first_name}},

I hope this message finds you well! I wanted to introduce you to Car, a solution designed to complement Karat Financial’s mission of supporting creators and influencers with tailored financial products.

Car can help {{company_name}} by streamlining financial operations and enhancing the user experience for your creator clients. Given Karat’s focus on creator-specific credit cards and business banking, Car’s capabilities can provide seamless integration, improved financial insights, and automation that frees up your team to focus on what matters most—growing your unique creator community.

I’d love to explore how Car can support {{company_name}}’s continued innovation in creator finance and help you deliver even more value to your customers.

Looking forward to connecting!

Best regards,  

{{full_sender_name}}",professional,,,
179,40,673,93,pending,f,f,2025-10-01 13:02:19.438+00,Introducing a New Opportunity for Scratch Financial,"Hello Caleb,

I hope this email finds you well. I wanted to reach out to you at Scratch Financial because I've been following your innovative approach to financial services, and I must say, it's truly impressive. Your commitment to improving access to credit and financial management for underserved communities is something that resonates deeply with me.

 

I'd like to introduce you to an exciting opportunity that could further enhance your business offerings. Imagine integrating a car financing option into your existing platform. This could provide your clients with a comprehensive suite of financial services, making Scratch Financial a one-stop-shop for all their financial needs. By expanding into car financing, you could not only diversify your portfolio but also increase customer loyalty and retention.

 

I'd love to discuss this idea further and explore how it could benefit Scratch Financial. If you're interested, please let me know a good time to talk.

Warmly,

{{full_sender_name}}  
[Your Contact Information]  

 

---

(Note: Please ensure to replace [Your Contact Information] with your actual contact details.)",professional,,,
180,40,693,99,pending,f,f,2025-10-01 13:02:19.438+00,Helping Lumity Empower More STEM Futures with Car,"Hi there {{first_name}},

I hope this message finds you well! I’m reaching out to introduce Car, a solution designed to support organizations like Lumity in expanding their impact by streamlining operations and enhancing engagement with students and partners.

Given Lumity’s inspiring work in preparing underserved youth for lifelong STEM careers through programs like STEM Career Prep and STEMWorks, Car can help by simplifying program management, tracking student progress, and strengthening connections with industry partners. This means more time and resources can be focused on what truly matters—empowering your students and breaking down barriers in STEM education.

I’d love to explore how Car can complement Lumity’s mission and contribute to even greater success for your programs and students.

Looking forward to the opportunity to connect!

Warmly,  
{{full_sender_name}}",professional,,,
181,42,714,106,pending,f,f,2025-10-02 13:01:28.905264+00,Introducing a New Opportunity for Moov Financial,"Hello Bob,

I hope this email finds you well. I've been following Moov Financial's incredible journey in revolutionizing the payments infrastructure space, and I must say, your dedication to creating an open-source platform for fintech companies is truly inspiring. Your work in enabling businesses to build and scale payment solutions quickly and securely is a testament to innovation and collaboration.

 

I wanted to reach out to you today to introduce a new opportunity that I believe could complement Moov Financial's mission. Imagine integrating a car-sharing or car-rental service into your platform, allowing users to seamlessly manage transportation needs alongside their financial transactions. This could not only enhance user experience but also open up new revenue streams for your partners. I'd love to discuss how this integration could benefit Moov Financial and its clients.

 

If you're interested, I'd be more than happy to set up a call to explore this idea further. Please let me know if it's something you'd like to learn more about.

Warmly,

{{full_sender_name}}  
[Your Contact Information]  

---

(Note: Please replace [Your Contact Information] with your actual contact details.)",professional,,,
184,42,1875,315,pending,f,f,2025-10-02 13:01:28.905264+00,Helping {{company_name}} Drive Growth with Tailored Car Solutions,"Hi there {{first_name}},

I hope this message finds you well! I wanted to introduce you to Car, a solution designed to complement the innovative custom software development work you’re doing at {{company_name}}.

With your impressive track record of delivering bespoke, scalable software solutions to Fortune 500 companies and startups alike, Car can help streamline your operations even further by automating key workflows and enhancing user experience—allowing your talented team to focus on what they do best: creating impactful, future-ready software.

Car integrates seamlessly with existing platforms and supports flexible customization, making it a perfect fit for a company like yours that values tailored, client-focused development. I’d love to explore how Car can support {{company_name}}’s mission to drive digital transformation and deliver exceptional value to your clients.

Looking forward to the opportunity to chat!

Best regards,  

{{full_sender_name}}",professional,,,
185,42,665,94,pending,f,f,2025-10-02 13:01:28.905264+00,Helping Moov Financial Elevate Payments with Car,"Hi there {{first_name}},

I hope this message finds you well! I wanted to introduce you to **Car**, a solution designed to seamlessly integrate with innovative platforms like **Moov Financial** to enhance your payment and financial services infrastructure.

Car can help **Moov Financial** by simplifying complex payment workflows, automating compliance tasks, and improving user onboarding experiences—much like how Moov already excels at enabling companies to accept, store, send, and spend money with ease. By integrating Car, you could further streamline money movement, reduce administrative overhead, and accelerate your clients’ time to market with faster, more reliable transactions.

I’d love to explore how Car can complement your existing APIs and infrastructure to help you scale even more efficiently and deliver an even smoother financial experience for your customers.

Looking forward to the opportunity to chat!

Best regards,  

{{full_sender_name}}",professional,,,
186,42,716,112,pending,f,f,2025-10-02 13:01:28.905264+00,Introducing a Car Solution to Enhance Your Business at Closinglock,"Good morning, Andy!

I hope this email finds you well. My name is {{full_sender_name}}, and I am reaching out to introduce a unique opportunity that could complement the innovative work you're doing at Closinglock. As a leader in streamlining real estate transactions, I believe our car solution could offer an exciting way to enhance your clients' experiences, perhaps by providing a convenient transportation option for property viewings or other related services.

 

Our car solution is designed to be flexible and adaptable, ensuring that it integrates seamlessly with your existing platform. By offering this additional service, you could further differentiate Closinglock in the market and provide even more value to your clients. I'd love the chance to discuss how this could benefit your business and explore potential collaboration opportunities.

 

If you're open to learning more, I'd be delighted to set up a call at your convenience. Please let me know if this is something that interests you, and we can schedule a time that suits you best.

Warmly,

{{full_sender_name}}  
[Your Contact Information]  

 

---

(Note: Ensure to replace [Your Contact Information] with your actual contact details.)",professional,,,
187,42,735,111,pending,f,f,2025-10-02 13:01:28.905264+00,Enhancing Hudson River Trading’s Algorithmic Edge with Car,"Hi there {{first_name}},

I hope this message finds you well! I wanted to introduce you to Car, a cutting-edge solution designed to seamlessly integrate with quantitative trading firms like Hudson River Trading.

Given HRT’s leadership in developing automated trading algorithms and your commitment to innovation across global markets, Car can help enhance your research and development workflows by accelerating data processing and improving algorithmic efficiency. This means your talented team of mathematicians, engineers, and scientists can iterate faster and deploy even more precise trading strategies with confidence.

I’d love to explore how Car can support your mission to stay at the forefront of market innovation and contribute to the health and longevity of global markets.

Looking forward to connecting soon, {{contact_name}}!

Best regards,  
{{full_sender_name}}",professional,,,
196,44,1886,317,pending,f,f,2025-10-03 13:00:54.554179+00,Helping {{company_name}} Accelerate Growth with CARO,"Hi there {{first_name}},

I hope this message finds you well! I’m reaching out to introduce **CARO**, a powerful tool designed to streamline and elevate business operations—something I believe could be a great fit for {{company_name}}’s innovative approach to software development.

Given Closeloop Technologies’ impressive track record in delivering AI-powered, custom software solutions and your commitment to driving efficiency and scalability, CARO can complement your offerings by automating routine workflows, enhancing project tracking, and improving client engagement—all while freeing up your talented team to focus on high-impact innovation.

I’d love to explore how CARO can support your mission to empower businesses with cutting-edge technology and help {{company_name}} continue its remarkable growth journey.

Looking forward to connecting soon!

Best regards,  

{{full_sender_name}}",professional,,,
197,44,1905,318,pending,f,f,2025-10-03 13:00:54.554179+00,Helping SEVEN Elevate Your Software Development with Car,"Hi there {{first_name}},

I hope this message finds you well! I wanted to introduce you to **Car**, a solution designed to seamlessly support innovative development agencies like **SEVEN**.

Given SEVEN’s impressive track record in delivering custom software, web, and mobile app development—especially across complex industries like healthcare and telecommunications—Car can help streamline your project workflows, enhance team collaboration, and accelerate delivery timelines without compromising quality.

By integrating Car into your development process, your talented team of 70 can focus more on crafting exceptional products while Car handles the heavy lifting of project coordination and resource management. This means smoother communication, better visibility into progress, and ultimately, even more satisfied clients.

I’d love to explore how Car can specifically support SEVEN’s goals and contribute to your continued success.

Looking forward to connecting soon!

Warmly,  
{{full_sender_name}}",professional,,,
198,44,694,99,pending,f,f,2025-10-03 13:00:54.554179+00,Helping Lumity Empower STEM Careers Even More,"Hi there {{first_name}},

I hope this message finds you well! I wanted to introduce you to Car, a solution designed to support organizations like Lumity in expanding their impact by streamlining program management and enhancing student engagement.

Given Lumity’s inspiring work with STEM Career Prep and STEMWorks—helping underserved youth build lifelong STEM careers—Car can help by simplifying how you track student progress, coordinate industry connections, and measure outcomes in real time. This means more time for your team to focus on what matters most: empowering your students and breaking barriers in STEM education.

I’d love to explore how Car can complement Lumity’s mission and support your incredible programs in Chicago.

Looking forward to connecting!

Best regards,  
{{full_sender_name}}",professional,,,
200,44,1896,321,pending,f,f,2025-10-03 13:00:54.554179+00,Helping Azumo Build Even Smarter AI Solutions,"Hi there, Shirley,

I hope this message finds you well! I wanted to introduce you to Car, a powerful tool designed to help innovative companies like Azumo enhance their AI and software development projects.

Given Azumo’s expertise in building intelligent web and mobile applications with AI, data engineering, and PHP development, Car can seamlessly integrate into your workflow to boost productivity and streamline project management. It’s built to support teams working on complex AI solutions—like your generative AI, NLP, and MLOps services—by simplifying collaboration and accelerating development cycles.

I truly believe Car could be a great asset to your talented developers and project managers, helping Azumo continue delivering top-tier, cutting-edge applications with ease.

Would you be open to a quick chat to explore how Car might fit into your current processes?

Warmly,  
{{full_sender_name}}",professional,,,
201,45,1874,319,pending,f,f,2025-10-06 13:01:21.499665+00,Unlock New Efficiency for SDLC Corp with Our Car Solution,"Hi there {{first_name}},

I hope this message finds you well! I wanted to introduce you to **Car**, a solution designed to seamlessly complement SDLC Corp’s expertise in custom software and enterprise solutions.

Given SDLC Corp’s strong focus on scalable, efficient software development and system integration, Car can help streamline your internal workflows and client project management by automating routine tasks and enhancing data-driven decision-making. This means your talented team can focus more on innovation and delivering cutting-edge apps and enterprise software without getting bogged down in operational overhead.

I’d love to explore how Car can support SDLC Corp’s mission to drive efficiency and measurable business impact, especially alongside your work with Odoo customization and cloud-native applications.

Looking forward to the opportunity to chat!

Best regards,  
{{full_sender_name}}",professional,,,
202,45,1894,316,pending,f,f,2025-10-06 13:01:21.499665+00,Quick question for Mercury Development,"Hi Joshua Greenman,

I noticed Mercury Development and wanted to reach out about how we might be able to help with your business needs.

Would you be open to a brief conversation?

Best regards",professional,,,
203,45,1204,216,pending,f,f,2025-10-06 13:01:21.499665+00,Quick question for Rolling Hills Community Church,"Hi Jeff Simmons,

I noticed Rolling Hills Community Church and wanted to reach out about how we might be able to help with your business needs.

Would you be open to a brief conversation?

Best regards",professional,,,
204,45,1895,321,pending,f,f,2025-10-06 13:01:21.499665+00,Introducing a New Opportunity for Azumo,"Hello Chike,

I hope this email finds you well. I've been following Azumo's remarkable journey in the AI and software development space, and I must say, your team's work is truly impressive. The innovative solutions you've been creating for clients like Facebook and Twitter are a testament to your expertise.

 

I wanted to reach out to you today because I believe I have something that could complement your business beautifully. Imagine if your clients could experience the thrill of driving a car that not only reflects their personal style but also integrates seamlessly with the intelligent applications you develop. This could be a fantastic opportunity for Azumo to expand its offerings and enhance customer experiences.

 

Let's schedule a call to explore how this could benefit your business. I'm excited about the potential collaboration and look forward to hearing from you soon.

 

Warmly,

{{full_sender_name}}  
[Your Contact Information]  

 

---

(Note: Please replace [Your Contact Information] with your actual contact details.)",professional,,,
205,45,1897,321,pending,f,f,2025-10-06 13:01:21.499665+00,Helping Azumo Elevate AI Solutions with Our Car Technology,"Hi there {{first_name}},

I hope this message finds you well! I’m reaching out to introduce a cutting-edge car technology that I believe could complement Azumo’s impressive expertise in AI, data engineering, and intelligent app development.

Given Azumo’s focus on building AI-driven solutions that optimize workflows and enhance user experiences, our car technology can help your team accelerate innovation in areas like autonomous vehicle applications, real-time data processing, and AI-powered mobility services. By integrating our solution, Azumo could expand its offerings to clients seeking advanced automotive AI capabilities, creating new business opportunities and strengthening your position as a top-tier nearshore developer.

I’d love to explore how we can collaborate to bring this value to Azumo and your clients. Please let me know a convenient time for a quick chat.

Take care,  
{{full_sender_name}}",professional,,,
664,136,33444,3653,pending,f,f,2025-12-17 14:01:51.450106+00,A Sweet Introduction to asd!,"Hi there, Mischa!

I hope this email finds you in good spirits! I’m reaching out to introduce you to asd, a solution that could truly complement the wonderful work being done at Valudio GmbH.

With its innovative features tailored specifically for businesses like yours, asd can help streamline processes and enhance productivity. Imagine having tools that not only simplify your daily tasks but also foster a collaborative environment for your team. It’s all about making your life a little easier and your business even stronger!

I’d love the opportunity to discuss how asd can fit into your vision for Valudio. Let’s connect and explore the possibilities together!

Looking forward to hearing from you soon!

Warmly,  

User",professional,,,
216,48,1906,318,pending,f,f,2025-10-07 13:01:23.193692+00,How Car Can Drive Growth for SEVEN,"Hi there {{first_name}},

I hope this message finds you well! I wanted to introduce you to Car, a solution designed to streamline and enhance business operations, which I believe could be a great fit for SEVEN’s innovative development work.

Given SEVEN’s impressive track record in custom software and app development across healthcare, telecommunications, and manufacturing, Car can help by optimizing project workflows, improving team collaboration, and accelerating delivery timelines. It’s built to support dynamic teams like yours, helping to maintain the high standards and responsiveness SEVEN is known for.

I’d love to explore how Car can complement your current processes and contribute to even greater success at SEVEN.

Looking forward to connecting!

Best regards,  
{{full_sender_name}}",professional,,,
217,48,1948,328,pending,f,f,2025-10-07 13:01:23.193692+00,Introducing a New Partner for EdisonLearning,"Hello Chris,

I hope this email finds you well. I've been following the incredible work that EdisonLearning has been doing in providing digital learning solutions and promoting equitable academic opportunities. Your dedication to education is truly inspiring, and I'm excited to explore how we can support your mission.

As someone who's passionate about innovation and education, I wanted to introduce you to an exciting opportunity that could enhance your business operations. We've developed a car service designed specifically for companies like yours, aiming to streamline transportation needs for staff and students alike. This could not only improve efficiency but also contribute to a more sustainable and accessible educational environment.

I'd love to schedule a call to discuss how our car service can align with EdisonLearning's goals and values. Please let me know if you're interested, and we can set up a time that suits you best.

Warmly,

{{full_sender_name}}  
[Your Contact Information]  
[Your Company Name]  

---

(Note: Ensure to replace placeholders like [Your Contact Information] and [Your Company Name] with actual details.)",professional,,,
218,48,1887,317,pending,f,f,2025-10-07 13:01:23.193692+00,Unlock New Growth Opportunities for Closeloop with Our Car Solutions,"Hi there {{first_name}},

I hope this message finds you well! I wanted to introduce you to an exciting car solution that could complement Closeloop Technologies’ impressive portfolio of AI-powered and custom software services.

Given your leadership in delivering cutting-edge digital solutions across industries like automotive, finance, and healthcare, our car technology can help streamline operations, enhance connectivity, and boost efficiency for your clients. Whether it’s integrating smart vehicle data, improving fleet management, or enabling seamless mobile app interactions, this solution aligns perfectly with Closeloop’s mission to accelerate digital transformation and drive business growth.

I’d love to explore how we can partner to add even more value to your offerings and support your team’s innovative projects.

Looking forward to hearing your thoughts, {{first_name}}!

Take care,  
{{full_sender_name}}",professional,,,
219,48,1900,321,pending,f,f,2025-10-07 13:01:23.193692+00,Helping Azumo Boost Business with Smart AI Solutions,"Hi there, {{first_name}}!

I hope this message finds you well. I wanted to introduce you to Car, a powerful AI-driven tool designed to seamlessly enhance businesses like {{company_name}} by automating workflows, optimizing operations, and enriching customer interactions.

Given Azumo’s expertise in building intelligent web and mobile applications with AI and data engineering, Car could be a perfect fit to complement your offerings. It integrates smoothly with existing systems, much like the AI agents Azumo develops, helping to scale efficiency and deliver even smarter solutions to your clients.

I’d love to explore how Car can support your team’s mission to build top-tier AI applications and help {{company_name}} stay ahead in this fast-evolving space.

Looking forward to connecting!

Best regards,  
{{full_sender_name}}",professional,,,
220,48,1938,332,pending,f,f,2025-10-07 13:01:23.193692+00,Introducing a New Partner for Montessori Kids Universe,"Hello Nancy,

I hope this email finds you well. I wanted to reach out to you with a warm hello and express my admiration for the incredible work Montessori Kids Universe is doing in providing top-notch educational experiences for young minds. Your dedication to fostering curiosity and creativity in children is truly inspiring.

 

I'd like to introduce you to an innovative opportunity that could enhance your business operations. Our company has developed a unique transportation solution designed specifically for educational institutions like yours. This car service can help streamline daily pickups and drop-offs, ensuring the safety and comfort of your students while also reducing logistical challenges for parents. It's a thoughtful way to further enrich the experience for families involved with Montessori Kids Universe.

 

If you're interested in learning more about how this service can support your mission, I'd be delighted to schedule a call at your convenience. Please let me know if there's anything else I can do to assist you.

Warmly,

{{full_sender_name}}  
[Your Contact Information]  

 

---

(Note: Please replace [Your Contact Information] with your actual contact details.)",professional,,,
231,51,1961,340,pending,f,f,2025-10-08 13:03:49.689563+00,Helping Valencia College Boost Workforce Success with CAR,"Hi there {{first_name}},

I hope this message finds you well! I wanted to introduce you to CAR, a powerful tool designed to enhance workforce development and career education programs like those at Valencia College.

Given your leadership in Workforce, Career, and Professional Education, CAR can support your mission by streamlining skills training, improving job placement outcomes, and providing data-driven insights to align programs with evolving industry needs. It’s built to complement Valencia’s Accelerated Skills Training and Continuing Education initiatives by helping track student progress, employer engagement, and workforce trends more efficiently.

I’d love to explore how CAR can help Valencia College continue to prepare students for high-demand careers and strengthen your partnerships with local businesses.

Looking forward to the opportunity to chat!

Best regards,  
{{full_sender_name}}",professional,,,
232,51,1951,336,pending,f,f,2025-10-08 13:03:49.689563+00,Helping EdisonLearning Elevate Digital Learning with Car,"Hi there {{first_name}},

I hope this message finds you well! I wanted to introduce you to Car, a solution designed to complement EdisonLearning’s mission of delivering equitable and innovative digital learning experiences for grades 6-12.

Car can help {{company_name}} by streamlining your educational program management and enhancing student engagement through intuitive, data-driven tools. It supports personalized learning paths and simplifies administrative tasks, freeing your team to focus more on impactful teaching and less on logistics.

Given {{company_name}}’s commitment to expanding access and quality in education, I believe Car could be a valuable partner in helping you scale your digital offerings efficiently while maintaining the high standards you set.

I’d love to explore how Car can support your goals and contribute to the success of your programs.

Take care,  
{{full_sender_name}}",professional,,,
233,51,1899,321,pending,f,f,2025-10-08 13:03:49.689563+00,Helping Azumo Build Even Smarter AI Solutions,"Hi there, Mike!

I hope this message finds you well. I wanted to introduce you to Car, a powerful tool designed to help innovative companies like Azumo enhance their AI and software development projects.

Given Azumo’s expertise in building intelligent web and mobile applications—especially your work with AI, generative models, and data engineering—Car can seamlessly integrate to boost your development efficiency and accelerate delivery timelines. It’s built to complement teams like yours by automating routine tasks, improving code quality, and providing smart insights that help your developers focus on what they do best: creating cutting-edge solutions for your clients.

I’d love to explore how Car could support Azumo’s mission to deliver top-tier AI applications and nearshore development services with even greater speed and precision.

Looking forward to hearing your thoughts, Mike!

Take care,  
{{full_sender_name}}",professional,,,
234,51,1945,330,pending,f,f,2025-10-08 13:03:49.689563+00,Helping {{company_name}} Drive Student Success,"Hi there, Marcel!

I hope this note finds you well down in sunny Miami. I’m reaching out to introduce you to Car, a new partner that’s all about making life a little easier—and a whole lot more productive—for folks like you at One On One Learning.

Car specializes in reliable, on-demand transportation solutions designed with busy professionals and students in mind. We know how precious time is when you’re helping students reach their full potential, and we’d love to help your team and your students get where they need to be, safely and on time. Whether it’s shuttling tutors between sessions, getting students to and from your centers, or supporting your staff with hassle-free commutes, Car is here to lend a hand (and a ride).

We’d be delighted to chat more about how Car can fit into your operations and support your mission. If you’re open to it, I’d love to set up a quick call to share more about what we do and hear how we might be able to help {{company_name}} shine even brighter.

Thank you so much for your time, Marcel. I’m truly looking forward to the possibility of working together.

Warmly,  
{{full_sender_name}}",professional,,,
235,51,1960,340,pending,f,f,2025-10-08 13:03:49.689563+00,Helping Valencia College Enhance Tech Success with Car,"Hi there {{first_name}},

I hope this message finds you well! I wanted to introduce you to Car, a solution designed to support innovative educational institutions like Valencia College in advancing technology integration and student success.

Given Valencia’s strong focus on hands-on IT training, cutting-edge labs, and preparing students for careers in tech fields, Car can help streamline your technology management and enhance faculty support. By simplifying system maintenance and boosting security, Car allows your team to focus more on empowering students and less on technical hurdles.

I’d love to explore how Car can complement Valencia’s mission and contribute to your continued success. Please let me know a convenient time to connect.

Take care,  
{{full_sender_name}}",professional,,,
236,52,1981,338,pending,f,f,2025-10-09 13:01:18.156919+00,Helping Rasmussen University Elevate Learning with Car Technology,"Hi there {{first_name}},

I hope this message finds you well! I wanted to introduce you to Car, a technology solution designed to enhance operational efficiency and support innovative learning environments like those at Rasmussen University’s Orlando campus.

Given Rasmussen’s commitment to technology-driven education and expanding academic spaces, Car can help streamline your campus operations, improve student engagement, and provide seamless support for both in-person and online learning programs. Whether it’s optimizing facility management or enhancing instructional technology, Car is built to align with your mission of empowering students and faculty every step of the way.

I’d love to explore how Car can specifically support your goals at Rasmussen University and contribute to your continued success in the Orlando area.

Looking forward to connecting soon!

Best regards,  

{{full_sender_name}}",professional,,,
237,52,2003,342,pending,f,f,2025-10-09 13:01:18.156919+00,Introducing a New Way to Drive Success at Parkway Schools,"Hello Deborah,

I hope this email finds you well. I wanted to reach out to you today because I believe I have something that could truly enhance the educational journey for the students at Parkway Schools. As someone who's deeply passionate about education and innovation, I'm excited to introduce you to a unique opportunity that combines technology with a familiar concept: the car.

Imagine if we could transform the way students learn by integrating educational experiences into everyday life, like during car rides. This could involve interactive learning apps, educational podcasts, or even AI-driven educational tools that make learning fun and engaging on-the-go. By leveraging such technology, Parkway Schools could further its mission of providing innovative learning experiences that extend beyond the classroom.

 

I'd love the chance to discuss this idea further and explore how it might align with your goals at Parkway Schools. Please let me know if you're available for a quick call or meeting. I'm always here to help and look forward to hearing from you.

Warmly,

{{full_sender_name}}  
[Your Contact Information]  

 

---

(Note: You can adjust the signature to include your actual contact information.)",professional,,,
238,52,1946,328,pending,f,f,2025-10-09 13:01:18.156919+00,Helping EdisonLearning Drive Equity with Innovative Solutions,"Hi there {{first_name}},

I hope this message finds you well! I wanted to introduce you to Car, a powerful tool designed to support organizations like EdisonLearning in advancing equitable academic opportunities through innovative digital solutions.

Given EdisonLearning’s inspiring mission to eliminate disparities in education and your leadership in creating sustainable, effective programs, Car can help enhance your impact by streamlining data insights, improving student engagement, and supporting professional development for educators. Our solution aligns with your commitment to accessible, affordable tools that empower every student, regardless of background.

I’d love to explore how Car can complement EdisonLearning’s efforts and contribute to your ongoing success in transforming education equity.

Looking forward to connecting soon!

Best regards,  
{{full_sender_name}}",professional,,,
239,52,1955,336,pending,f,f,2025-10-09 13:01:18.156919+00,"Carly, a new way to boost EdisonLearning’s impact","Hi there, Carly,

I hope this message finds you well and thriving at EdisonLearning! I’m reaching out because I truly admire how your team is dedicated to creating equitable academic opportunities for students in grades 6-12 through innovative digital learning solutions.

I’d love to introduce you to Car, a smart tool designed to enhance educational program delivery by streamlining course management and personalizing student engagement. Car can help EdisonLearning by simplifying how you track student progress, tailor learning paths, and analyze outcomes—all in one easy-to-use platform. This means more time for your team to focus on innovation and less time wrestling with administrative tasks.

If you’re open to it, I’d be delighted to share a quick demo or chat about how Car could support your mission at EdisonLearning.

Looking forward to hearing from you!

Warmly,  
{{full_sender_name}}",professional,,,
240,52,1982,338,pending,f,f,2025-10-09 13:01:18.156919+00,Helping Rasmussen University Enhance Student Experience with Car,"Hi there {{first_name}},

I hope this message finds you well! I’m reaching out to introduce you to Car, a solution designed to support institutions like Rasmussen University in elevating student engagement and streamlining technology-driven learning support.

Given your role as VP & Chief Student Experience Officer at Rasmussen University - Orlando Campus, I believe Car can be a valuable asset in enhancing advisory services and instructional technology. Our platform helps simplify communication, improve student interaction, and optimize administrative workflows, ultimately enriching the overall student experience.

I’d love to explore how Car can specifically support your team’s goals and contribute to Rasmussen’s mission. Would you be open to a brief call next week to discuss this further?

Looking forward to connecting!

Warmly,  
{{full_sender_name}}",professional,,,
246,54,2020,346,pending,f,f,2025-10-10 13:00:33.051803+00,Enhancing Plano ISD’s Digital Learning with CARO,"Hi there, Nancy,

I hope this message finds you well! I wanted to introduce you to **CARO**, a cutting-edge solution designed to seamlessly support educational technology initiatives like those at Plano ISD.

Given Plano ISD’s commitment to empowering educators and students through innovative digital tools and your robust Instructional Technology and Digital Learning teams, CARO can help by streamlining technology integration and enhancing classroom engagement. CARO’s intuitive platform supports remote and in-class instruction, enabling teachers to be truly “untethered” while delivering personalized learning experiences that boost student outcomes.

I’d love to explore how CARO can complement your existing technology services and support your district’s 2024-2029 Digital Learning Plan goals. Please let me know a convenient time for a brief conversation.

Looking forward to connecting!

Best regards,  
{{full_sender_name}}",professional,,,
247,54,2039,344,pending,f,f,2025-10-10 13:00:33.051803+00,Helping Goldstar Learning Elevate Educator Impact with Car,"Hi there, {{first_name}}!

I hope this message finds you well. I wanted to introduce you to **Car**, a solution designed to complement Goldstar Learning’s mission by enhancing how educators engage with assessment and data tools.

Given Goldstar Learning’s dedication to providing K-12 educators with real-time, actionable data through Mastery Manager, Car can help streamline your workflow by integrating seamlessly with your existing platform. This means teachers and administrators can save time on data management and focus more on what truly matters—improving student achievement.

I’d love to explore how Car can support Goldstar Learning’s innovative approach and help your team continue making a meaningful impact in classrooms across the country.

Looking forward to connecting soon!

Best regards,  

{{full_sender_name}}",professional,,,
248,54,1988,339,pending,f,f,2025-10-10 13:00:33.051803+00,Enhancing Training Impact at International SOS with CAR Technology,"Hi there {{first_name}},

I hope this message finds you well and thriving at International SOS Government Medical Services.

I wanted to introduce you to **CAR**, a cutting-edge solution designed to elevate learning and development programs like yours in Orlando. CAR integrates seamlessly with educational technology to create immersive, interactive training experiences that can enhance knowledge retention and engagement for your facilitators and trainees alike.

Given your vital role in supporting government medical services training, CAR can help streamline content delivery, provide real-time feedback, and adapt to diverse learner needs—ultimately boosting the effectiveness of your educational initiatives and supporting your mission to prepare medical professionals for critical roles.

I’d love to explore how CAR can complement your current programs and contribute to even greater success at {{company_name}}.

Looking forward to the opportunity to connect!

Warmly,  
{{full_sender_name}}",professional,,,
249,54,2000,342,pending,f,f,2025-10-10 13:00:33.051803+00,Introducing a New Way to Enhance Your Educational Experience,"Hello Jeff,

I hope this email finds you well. I wanted to reach out to you with a warm welcome and express my admiration for the incredible work that Parkway Schools is doing to enhance the educational experience for your students. As someone who is passionate about innovative solutions, I am excited to introduce you to a new concept that could further enrich your students' learning journey.

We are exploring the integration of electric vehicles into educational settings, which can serve as a unique tool for teaching STEM subjects, sustainability, and environmental awareness. This initiative not only aligns with Parkway's mission to provide personalized and innovative learning experiences but also fosters a deeper understanding of the importance of sustainable practices in our daily lives.

I would love the opportunity to discuss this idea further and explore how it can benefit your community. Please let me know if you're available for a brief call to learn more.

Warmly,

{{full_sender_name}}  
  

(Note: I've adjusted the email to better fit the context of introducing a car-related concept to Parkway Schools, focusing on educational benefits and sustainability.)",professional,,,
250,54,1995,341,pending,f,f,2025-10-10 13:00:33.051803+00,Introducing a Solution to Boost Your Business at Jones Software Corporation,"Hello Kevin,

I hope this email finds you well. I wanted to reach out to you today because I believe I have something that could really make a difference for Jones Software Corporation. As a leader in the edtech space, I know how important it is to stay ahead of the curve and find innovative solutions to enhance your operations.

 

I'd like to introduce you to a cutting-edge car solution that can help streamline your team's travel needs, whether it's for business meetings or events. This could not only save time but also increase productivity, allowing your team to focus more on what matters most—developing exceptional learning management systems like Velocity LMS and iLikeMath.

 

If you're interested in learning more about how this solution can benefit your business, I'd be more than happy to set up a call. Please let me know if that sounds good to you, and we can schedule something that fits your schedule.

 

Warmly,

{{full_sender_name}}  
[Your Contact Information]  

 

---

(Note: Please ensure to replace [Your Contact Information] with your actual contact details.)",professional,,,
251,55,2038,344,pending,f,f,2025-10-13 13:01:25.304665+00,Helping Goldstar Learning Drive Even Greater Success,"Hi there {{first_name}},

I hope this message finds you well! I wanted to introduce you to Car, a solution designed to complement the incredible work Goldstar Learning is doing to support K-12 educators with assessment and data analysis.

Car can help your team streamline workflows and enhance collaboration, freeing up more time to focus on what matters most—empowering educators and improving student achievement. Given Goldstar Learning’s passion for innovation and your commitment to providing real-time, actionable data, I believe Car could be a great fit to boost efficiency and support your ongoing growth.

I’d love to share more details and explore how Car might align with your goals at Goldstar Learning. Please let me know a convenient time for you or Diane to chat!

Warmly,  
{{full_sender_name}}",professional,,,
252,55,2047,353,pending,f,f,2025-10-13 13:01:25.304665+00,Helping Whooo’s Reading Boost Student Engagement with Car,"Hi there {{first_name}},

I hope this message finds you well! I’m reaching out to introduce **Car**, a tool designed to complement innovative platforms like Whooo’s Reading by enhancing user engagement and streamlining data insights.

Given Whooo’s Reading’s impressive use of AI and behavior change techniques to empower educators and support student reading comprehension, Car can help your team by providing seamless integration that tracks user interactions and delivers actionable analytics. This means you can gain even deeper insights into how students engage with your platform, helping to tailor experiences that boost motivation and learning outcomes.

I’d love to explore how Car could support your mission at Whooo’s Reading and make your tech lead role a little easier, {{first_name}}. Would you be open to a quick chat?

Looking forward to hearing from you!

Warmly,  
{{full_sender_name}}",professional,,,
253,55,1980,338,pending,f,f,2025-10-13 13:01:25.304665+00,Helping Rasmussen University Thrive with Car’s Support,"Hi there, {{first_name}}!

I hope this message finds you well. I wanted to introduce you to Car, a solution designed to support innovative organizations like Rasmussen University’s Orlando Campus. Given your commitment to technology-driven learning and community enrichment, Car can help streamline your operations and enhance the educational experience for both staff and students.

Car offers tailored tools that improve advisory and instructional technology workflows, helping your team focus more on student success and less on administrative hurdles. Whether it’s optimizing scheduling, managing resources, or facilitating communication, Car is built to support your mission of empowering students and enriching the community.

I’d love to explore how Car can specifically benefit Rasmussen University and contribute to your ongoing growth and impact in Orlando.

Looking forward to connecting soon!

Best regards,  
{{full_sender_name}}",professional,,,
254,55,1996,343,pending,f,f,2025-10-13 13:01:25.304665+00,Helping EF Education First Drive Success with Car Solutions,"Hi there, {{first_name}}!

I hope this message finds you well. I wanted to introduce you to Car, a solution designed to support innovative companies like {{company_name}} in enhancing operational efficiency and expanding your global reach.

Given EF Education First’s inspiring mission of opening the world through education and your impressive portfolio of language training, cultural exchange, and academic programs, Car can help streamline your logistics and transportation needs—whether for educational travel, staff mobility, or event coordination. By integrating Car’s smart, reliable services, EF can focus more on delivering immersive learning experiences while we handle the complexities of transportation.

I’d love to explore how Car can complement EF’s commitment to connecting people worldwide and support your continued growth and success.

Looking forward to the opportunity to chat!

Best regards,  
{{full_sender_name}}",professional,,,
255,55,2035,345,pending,f,f,2025-10-13 13:01:25.304665+00,Helping Honest Game Elevate Student-Athlete Success,"Hi there {{first_name}},

I hope this message finds you well and thriving at Honest Game! I’m reaching out to introduce a solution that could beautifully complement your mission of leveling the playing field for student-athletes.

Our car technology is designed to streamline operations and enhance connectivity, which could support Honest Game’s SaaS platform by improving real-time data access and user engagement for schools, families, and coaches. By integrating this technology, your team could further simplify the complex NCAA eligibility tracking process and empower even more students with timely, actionable insights.

I’d love to explore how we can help Honest Game continue to spark hope and unlock opportunities for student-athletes nationwide.

Looking forward to the chance to chat!

Warmly,  
{{full_sender_name}}",professional,,,
261,57,2049,348,pending,f,f,2025-10-14 13:01:55.808154+00,Helping Aceable Drive Even Greater Success with Car,"Hi there {{first_name}},

I hope this message finds you well! I’m reaching out to introduce Car, a solution designed to complement Aceable’s mission of delivering accessible, engaging online education.

Given Aceable’s impressive track record in creating mobile-friendly, DMV-approved driver education courses that make learning fun and effective, Car can help enhance your platform by streamlining course delivery and boosting learner engagement even further. Our tools integrate seamlessly with digital education platforms, helping companies like Aceable expand reach, personalize learning experiences, and improve completion rates—all while maintaining that delightful, bite-sized approach your users love.

I’d be thrilled to explore how Car can support Aceable’s continued growth and innovation in online learning, especially as you expand into new fields like real estate and healthcare education.

Looking forward to the opportunity to chat!

Best regards,  
{{full_sender_name}}",professional,,,
262,57,2428,588,pending,f,f,2025-10-14 13:01:55.808154+00,Introducing a Game-Changing Car Solution for Softeq,"Hello Christopher,

I hope this email finds you well. I wanted to reach out to you today because I believe we have something truly special that could enhance Softeq's innovative work in IoT and custom hardware solutions. Our team has been working on a cutting-edge car system that integrates seamlessly with IoT technology, offering advanced connectivity and automation features that could revolutionize the way vehicles interact with smart environments.

 

This car system is designed to leverage AI, machine learning, and computer vision to create a more efficient, safe, and connected driving experience. By integrating this technology with Softeq's expertise in embedded software and IoT solutions, we envision a future where vehicles can communicate more effectively with their surroundings, enhancing both safety and user experience.

 

I would love the opportunity to discuss how this technology can align with Softeq's mission to deliver innovative solutions. If you're interested, we could schedule a call to explore the possibilities further.

 

Warmly,

{{full_sender_name}}  
[Your Contact Information]  

---

(Note: Ensure to replace [Your Contact Information] with your actual contact details.)",professional,,,
263,57,2034,345,pending,f,f,2025-10-14 13:01:55.808154+00,Helping Honest Game Elevate College Sports Eligibility Guidance,"Hi there, {{first_name}}!

I hope this message finds you well. I’m reaching out to introduce Car, a solution designed to complement Honest Game’s mission by enhancing how you deliver individualized academic roadmaps and real-time eligibility guidance for college sports access.

Car can help streamline your processes by providing seamless integration and data insights that empower your team to support student-athletes even more effectively. We believe this partnership could boost your platform’s impact and ease operational demands, helping Honest Game continue to lead in this important space.

I’d love to share more about how Car can support your goals and explore ways we might collaborate. Would you be open to a quick call next week?

Looking forward to hearing from you, {{first_name}}.

Take care,  
{{full_sender_name}}",professional,,,
264,57,2046,353,pending,f,f,2025-10-14 13:01:55.808154+00,Helping Whooo’s Reading Elevate Student Engagement and Insights,"Hi there {{first_name}},

I hope this message finds you well! I wanted to introduce you to Car, a solution designed to complement and enhance platforms like Whooo’s Reading by providing deeper insights and streamlined management tools that empower educators even further.

Car can help {{company_name}} by integrating seamlessly with your AI-driven reading platform to offer advanced analytics on student engagement and progress, making it easier for product teams like yours to tailor features that boost independent reading and comprehension outcomes. With Car’s capabilities, you can gain richer data to support behavior change techniques and help educators focus on what matters most—student growth and motivation.

I’d love to explore how Car can support your mission to cultivate a culture of engaged, thoughtful reading and help {{company_name}} continue inspiring students to love reading.

Looking forward to connecting soon!

Best regards,  
{{full_sender_name}}",professional,,,
265,57,2052,350,pending,f,f,2025-10-14 13:01:55.808154+00,Helping Blue Sky eLearn Elevate Learning Experiences with Car,"Hi there, Philip,

I hope this message finds you well and thriving at Blue Sky eLearn!

I wanted to introduce you to **Car**, a solution designed to complement and enhance your award-winning Path LMS™ platform. Just like Path LMS makes managing and delivering engaging eLearning and virtual events seamless, Car can help streamline your business operations and boost your team’s productivity—freeing you up to focus on what you do best: creating exceptional learning experiences.

Car integrates smoothly with platforms like Path LMS, helping you automate routine tasks, manage workflows, and gain insightful data analytics that can drive smarter decisions. Whether it’s simplifying course management, enhancing learner engagement, or expanding your reach with external organizations, Car is built to support your growth without adding complexity.

I’d love to explore how Car can specifically support Blue Sky eLearn’s mission and help you continue delivering those top-notch, personalized learning journeys your clients rave about.

Looking forward to connecting soon!

Warmly,  
{{full_sender_name}}",professional,,,
271,59,2434,583,pending,f,f,2025-10-15 13:02:06.158369+00,Quick question for Aceable,"Hi Howard Schaffer,

I noticed Aceable and wanted to reach out about how we might be able to help with your business needs.

Would you be open to a brief conversation?

Best regards",professional,,,
272,59,2427,584,pending,f,f,2025-10-15 13:02:06.158369+00,Helping {{company_name}} Empower Youth with CARO,"Hi there {{first_name}},

I hope this message finds you well! I wanted to introduce you to **CARO**, a solution designed to support organizations like {{company_name}} in enhancing their impact through streamlined operations and improved engagement.

Given {{company_name}}’s inspiring mission to empower inner-city high school students through professional development and internships, CARO can help by simplifying your program management, tracking student progress, and strengthening communication between your team, students, and corporate partners.

By integrating CARO, you could save valuable time and resources, allowing your team to focus even more on what matters most—building meaningful relationships and creating pathways to career success for your students.

I’d love to explore how CARO can support {{company_name}}’s goals and contribute to the incredible work you’re doing in Houston.

Looking forward to connecting soon!

Best regards,  

{{full_sender_name}}",professional,,,
273,59,2045,353,pending,f,f,2025-10-15 13:02:06.158369+00,Quick question for Whooo's Reading,"Hi Hayley Brooks,

I noticed Whooo's Reading and wanted to reach out about how we might be able to help with your business needs.

Would you be open to a brief conversation?

Best regards",professional,,,
274,59,2417,585,pending,f,f,2025-10-15 13:02:06.158369+00,Quick question for Microschool Revolution,"Hi Tory Gattis,

I noticed Microschool Revolution and wanted to reach out about how we might be able to help with your business needs.

Would you be open to a brief conversation?

Best regards",professional,,,
275,59,2437,583,pending,f,f,2025-10-15 13:02:06.158369+00,Introducing a New Opportunity for Aceable,"Hello Blake,

I hope this email finds you well. I've been following Aceable's remarkable journey in providing innovative educational content, and I must say, your dedication to making learning accessible and engaging is truly inspiring. As someone who appreciates the value of education and innovation, I wanted to reach out and explore how we might collaborate to enhance your offerings.

 

I'd like to introduce you to an exciting opportunity that could complement your existing courses. Imagine integrating a comprehensive car education program into your platform. This could include detailed guides on car maintenance, safety features, and even eco-friendly driving practices. Such a program would not only enrich your current driver's education courses but also appeal to a broader audience interested in automotive knowledge.

 

I believe this collaboration could be a win-win for both parties, allowing Aceable to expand its reach while providing valuable content to your users. I'd love the chance to discuss this idea further and explore how we can work together to make it a reality.

 

Warmly,

{{full_sender_name}}  
[Your Contact Information]  

 

---

(Note: Please replace [Your Contact Information] with your actual contact details.)",professional,,,
281,61,2440,587,pending,f,f,2025-10-16 13:01:37.941582+00,Introducing a New Partner for Cambium Learning Group,"Hello Ashley,

I hope this email finds you well. I wanted to reach out to you with a warm hello from our team. We've been following the incredible work that Cambium Learning Group is doing in the education technology space, and we're truly impressed by your dedication to improving student outcomes.

 

We'd like to introduce you to a new concept that we believe could complement your existing solutions: integrating electric vehicles into your business operations. This could not only enhance your company's sustainability profile but also provide a unique opportunity for educational content creation around STEM topics like renewable energy and transportation technology. Imagine using these vehicles as a real-world example to teach students about innovation and environmental responsibility.

 

We'd love the chance to discuss how this could align with your mission to empower educators and students alike. Please let us know if you're interested in exploring this further.

 

Warmly,

{{full_sender_name}}  
[Your Contact Information]  

 

---

(Note: Replace [Your Contact Information] with your actual contact details.)",professional,,,
282,61,2643,621,pending,f,f,2025-10-16 13:01:37.941582+00,Helping Advantiv Enhance ERP Success with Car,"Hi there {{first_name}},

I hope this message finds you well! I wanted to introduce you to **Car**, a solution designed to complement Advantiv’s expertise in ERP system assessment and vendor selection for higher education.

Car can help your team streamline collaboration among stakeholders and accelerate decision-making during complex ERP projects. By integrating with your existing processes, it enhances transparency and reduces the time spent on requirements gathering and vendor evaluation—helping Advantiv deliver even greater value and confidence to your clients.

I’d love to explore how Car can support Advantiv’s mission to guide institutions through successful ERP transformations with clarity and speed.

Looking forward to connecting!

Best regards,  
{{full_sender_name}}",professional,,,
283,61,2054,350,pending,f,f,2025-10-16 13:01:37.941582+00,Introducing a New Opportunity for Blue Sky eLearn,"Good morning, Dan!

I hope this email finds you well. I wanted to reach out to you at Blue Sky eLearn because I've been following your incredible work with Path LMS, and I must say, it's truly impressive. Your dedication to delivering high-quality eLearning experiences is something to be admired.

 

I'd like to introduce you to an innovative idea that could further enhance your business offerings. Imagine integrating a unique, interactive learning experience centered around cars. This could involve creating engaging courses or virtual events focused on automotive education, which could appeal to a wide range of learners. By leveraging Path LMS's robust features, such as AI-enhanced content creation and seamless integrations, you could expand your educational offerings and attract new audiences interested in automotive learning.

 

I believe this could be a fantastic opportunity for Blue Sky eLearn to grow and diversify its portfolio. I'd love to discuss this idea further and explore how it might align with your strategic goals.

 

Warmly,

{{full_sender_name}}  
{{Your Company Name}}  
{{Your Contact Information}}  

 

(Note: Please replace placeholders like {{full_sender_name}} and {{Your Company Name}} with your actual information.)",professional,,,
284,61,2441,587,pending,f,f,2025-10-16 13:01:37.941582+00,Helping ExploreLearning Elevate Student Success with Car,"Hi there {{first_name}},

I hope this message finds you well! I wanted to introduce you to Car, a solution designed to complement Cambium Learning Group’s mission of improving student outcomes through innovative digital learning.

Car can help ExploreLearning by streamlining your educational content delivery and enhancing student engagement with personalized, data-driven insights. By integrating Car into your existing platforms, you could see improved efficiency in how students interact with your tools, ultimately supporting better learning results across K-12.

I’d love to explore how Car might fit into your vision for ExploreLearning and contribute to Cambium’s impactful work in education technology.

Looking forward to the opportunity to chat!

Best regards,  
{{full_sender_name}}",professional,,,
285,61,2636,623,pending,f,f,2025-10-16 13:01:37.941582+00,Helping Picmonic Boost Learning Engagement with Car,"Hi there {{first_name}},

I hope this message finds you well! I’m reaching out because I’ve been truly impressed by how Picmonic uses visual storytelling to make learning memorable and effective.

I wanted to introduce you to **Car**, a tool designed to complement platforms like yours by enhancing user engagement and retention through personalized, interactive experiences. By integrating Car, Picmonic could deepen learner interaction and provide even more tailored educational journeys that align perfectly with your mission.

I’d love to explore how Car can support Picmonic’s goals and help your team continue delivering outstanding educational content. Would you be open to a quick chat sometime soon?

Looking forward to connecting!

Warmly,  
{{full_sender_name}}",professional,,,
291,63,2653,627,pending,f,f,2025-10-17 13:01:02.789287+00,Helping FPD Drive Even Greater Success with Our Car Solutions,"Hi there {{first_name}},

I hope this message finds you well! I wanted to introduce you to our car solutions that could be a great fit for Foreign Parts Distributors. Given FPD’s impressive legacy of delivering premium quality replacement automotive parts with a focus on OE fit, form, and function since 1972, we believe our offerings can complement and enhance your product lineup.

Our car solutions are designed to streamline inventory management and improve parts availability, helping you maintain those industry-leading fill rates you’re known for. By integrating our technology, FPD can continue to provide your customers with the superior value and reliability they expect, while also boosting operational efficiency and customer satisfaction.

I’d love to explore how we can support your team and contribute to FPD’s ongoing success. Please let me know a convenient time for a quick chat.

Take care,  
{{full_sender_name}}",professional,,,
292,63,17406,1806,pending,f,f,2025-10-17 13:01:02.789287+00,Helping {{company_name}} Drive Forward with a New Car Solution,"Hi there, Bobby!

I hope this note finds you well. I’ve been admiring the innovative work y’all are doing at OpenComp, and I wanted to reach out with a friendly introduction to a new car solution that I believe could be a real asset to your team.

At {{company_name}}, I imagine you’re always looking for ways to make life easier for your employees and keep your business running smoothly. Our car program is designed to do just that—offering flexible, cost-effective options for company vehicles that can help your team stay mobile, productive, and happy. Whether it’s for sales visits, client meetings, or just getting around town, we’d love to help y’all find the perfect fit for your needs.

I’d be delighted to set up a quick call or send over more details—whatever works best for you. It’d be a real pleasure to chat and see how we can support OpenComp’s continued success.

Warmly,  
{{full_sender_name}}",professional,,,
293,63,2414,586,pending,f,f,2025-10-17 13:01:02.789287+00,Helping iCert Global Elevate Learning with Car,"Hi there {{first_name}},

I hope this message finds you well! I wanted to introduce you to *Car*, a solution designed to seamlessly support innovative companies like {{company_name}} in enhancing their e-learning and certification services.

Car can help {{company_name}} by streamlining course management, improving learner engagement, and providing insightful analytics to track professional development progress. With your commitment to flexible, accessible training, Car’s tools can empower your team to deliver even more personalized and impactful learning experiences to your global audience.

I’d love to explore how Car can complement iCert Global’s mission to make certification convenient and effective for professionals everywhere.

Looking forward to connecting soon!

Best regards,  

{{full_sender_name}}",professional,,,
294,63,2632,620,pending,f,f,2025-10-17 13:01:02.789287+00,Helping StrongMind Elevate Learning with Car’s Innovative Solutions,"Hi there {{first_name}},

I hope this message finds you well! I wanted to introduce you to Car, a solution designed to complement StrongMind’s impressive digital curriculum offerings by enhancing operational efficiency and engagement for schools and districts.

Car can help {{company_name}} by streamlining administrative workflows and providing actionable insights that support your mission of delivering innovative, personalized learning experiences. With Car’s tools, your team can focus more on empowering educators and students while simplifying complex processes behind the scenes.

I’d love to explore how Car can align with StrongMind’s vision and contribute to your continued success in hybrid, remote, and online learning environments.

Looking forward to connecting soon!

Warmly,  
{{full_sender_name}}",professional,,,
295,63,2656,627,pending,f,f,2025-10-17 13:01:02.789287+00,Introducing a New Opportunity for Foreign Parts Distributors,"Hello Kenneth,

I hope this email finds you well. I wanted to reach out to you at Foreign Parts Distributors (FPD) because I believe we have something that could really enhance your business operations. As a supplier of premium quality replacement automotive parts, I know how important it is to stay ahead of the curve and offer the best solutions to your customers.

 

We've recently introduced a new car model that aligns perfectly with your commitment to OE fit, form, and function. This vehicle is designed with the latest technology and features that would complement your existing product line. By partnering with us, you could expand your offerings and attract even more customers looking for high-quality automotive parts.

 

I'd love to schedule a call to discuss how this new car model can benefit FPD. Please let me know if you're available for a quick chat this week.

 

Warmly,

{{full_sender_name}}  
[Your Contact Information]  

---

(Note: Replace [Your Contact Information] with your actual contact details.)",professional,,,
296,64,17399,1805,pending,f,f,2025-10-20 13:01:24.194268+00,How Car Can Drive Growth for Casa,"Hi there {{first_name}},

I hope this message finds you well! I wanted to introduce you to **Car**, a solution designed to streamline operations and boost efficiency—something that could be a great fit for **Casa**’s innovative approach to property management and real estate services.

Given Casa’s impressive use of technology to enhance client engagement and operational efficiency, Car can complement your platform by simplifying key workflows, improving communication, and ultimately helping your team save time and focus on what matters most—delivering outstanding service to your clients.

I’d love to share more about how Car can support Casa’s continued growth and success. Would you be open to a quick chat sometime soon?

Looking forward to connecting!

Best regards,  
{{full_sender_name}}",professional,,,
297,64,17394,1803,pending,f,f,2025-10-20 13:01:24.194268+00,Helping Maxwell Financial Labs Boost Efficiency with Car,"Hi there {{first_name}},

I hope this message finds you well! I wanted to introduce you to **Car**, a solution designed to complement Maxwell Financial Labs’ mission of modernizing mortgage lending for small to midsize lenders.

Car can help {{company_name}} by streamlining your workflow through intelligent automation and seamless integration—much like how Maxwell enhances efficiency and agility with machine learning. By incorporating Car, your team can reduce administrative overhead, accelerate loan processing, and improve borrower experience, all while maintaining the high standards Maxwell is known for.

I’d love to explore how Car can support your innovative platform and help {{company_name}} continue leading the way in mortgage technology.

Looking forward to connecting soon!

Best regards,  

{{full_sender_name}}",professional,,,
298,64,2634,623,pending,f,f,2025-10-20 13:01:24.194268+00,Introducing a Car Solution to Enhance Picmonic's Business,"Good morning, Ron!

I hope this email finds you well. I'm reaching out today because I believe we might have a solution that could complement Picmonic's innovative approach to learning. As someone who admires how Picmonic uses social visual platforms to make education more engaging and memorable, I wanted to introduce you to an idea that could further enhance your team's productivity and mobility.

 

Our car solution is designed to provide your team with the flexibility they need to travel efficiently, whether it's for meetings, events, or simply commuting. This could be particularly beneficial for your team members who often need to travel to different locations to collaborate with educators or attend conferences. By offering a reliable and comfortable transportation option, we can help ensure that your team stays focused on what matters most—creating impactful educational content.

 

If you're interested in learning more about how our car solution can support Picmonic's mission, I'd love to set up a call to discuss further. Please let me know if that sounds good to you, and we can schedule a time that works best for your schedule.

 

Warmly,

{{full_sender_name}}  
[Your Contact Information]  

 

---

(Note: Ensure to replace [Your Contact Information] with your actual contact details.)",professional,,,
299,64,17400,1805,pending,f,f,2025-10-20 13:01:24.194268+00,Introducing a Car Solution for Casa,"Hello Jameson,

I hope this email finds you well. I wanted to reach out to you at Casa because I believe we might have a solution that could really benefit your business. Our car service is designed to help companies like yours streamline transportation needs, whether it's for employees or clients. We're passionate about providing a seamless experience that enhances productivity and satisfaction.

 

I'd love to discuss how our car service can specifically support Casa's goals. Perhaps we could schedule a quick call to explore the possibilities? I'm genuinely excited about the potential for collaboration and look forward to hearing from you.

 

Warmly,

{{full_sender_name}}  
[Your Contact Information]  

 

(Note: Ensure to replace [Your Contact Information] with your actual contact details.)",professional,,,
300,64,17404,1806,pending,f,f,2025-10-20 13:01:24.194268+00,Helping OpenComp Drive Even Greater Success with Car,"Hi there, Nancy,

I hope this message finds you well and thriving at OpenComp!

I wanted to introduce you to Car, a solution designed to complement and enhance the great work you’re already doing in compensation management. Just like OpenComp simplifies pay decisions and builds trust through transparency, Car can help streamline your business operations, improve efficiency, and support your team’s growth—freeing you up to focus on what matters most: empowering your customers and your people.

Given OpenComp’s commitment to innovation and clarity in compensation, I believe Car’s capabilities could be a perfect fit to help you scale smoothly and maintain that culture of trust and excellence you’ve built.

I’d love to share more about how Car can support OpenComp’s continued success whenever you have a moment.

Take care,  
{{full_sender_name}}",professional,,,
306,66,17420,1808,pending,f,f,2025-10-21 13:00:59.902921+00,Helping {{company_name}} Boost Growth with CARO’s Smart Solutions,"Hi there {{first_name}},

I hope this message finds you well! I’m reaching out to introduce you to **CARO**, a powerful tool designed to help innovative companies like {{company_name}} enhance their business operations and customer experience.

Given Signifyd’s impressive leadership in ecommerce fraud protection and your commitment to helping merchants grow confidently, CARO can complement your efforts by streamlining key processes and providing actionable insights that drive efficiency and customer satisfaction. Our solution is built to integrate smoothly with your existing systems, helping you scale securely while maintaining the high standards your customers expect.

I’d love to explore how CARO can support {{company_name}}’s mission and contribute to your continued success. Would you be open to a brief conversation sometime soon?

Looking forward to connecting!

Best regards,  

{{full_sender_name}}",professional,,,
307,66,17439,1813,pending,f,f,2025-10-21 13:00:59.902921+00,Helping {{company_name}} Drive Even Greater Success,"Hi there, Will!

I hope this note finds you well. I’ve been admiring the innovative work y’all are doing at {{company_name}}—automating yield strategies and making DeFi more accessible is no small feat, and it’s clear your team is leading the charge.

I’m reaching out to introduce you to car, a solution I believe could be a real game-changer for your business. With your focus on seamless, automated portfolio management, car is designed to help companies like yours streamline operations even further, reduce friction, and unlock new efficiencies—so you can keep your eyes on the big picture while the details take care of themselves.

I’d love to schedule a quick chat to share how car could complement your platform and support your mission. No pressure, just a friendly conversation to explore what’s possible. Does next week work for you, or would you prefer another time?

Looking forward to connecting, and to hearing more about the exciting things happening at {{company_name}}.

Warmly,  
{{full_sender_name}}",professional,,,
308,66,2651,622,pending,f,f,2025-10-21 13:00:59.902921+00,Helping {{company_name}} Drive Student Success Even Further,"Hi there, Brian!

I hope this note finds you well. I’ve long admired how {{company_name}} brings such heart and innovation to higher education—helping students from all walks of life reach their dreams. It’s clear y’all put students first, and that’s something I truly respect.

I’m reaching out to introduce you to Car, a new partner that’s all about making life easier for institutions like yours. Car specializes in seamless, reliable transportation solutions tailored for campuses and online learners alike. Whether it’s helping students get to class, supporting faculty commutes, or ensuring your team can focus on what matters most (without worrying about logistics), Car is here to lend a hand—or a set of wheels!

We’d love to explore how Car can support {{company_name}}’s mission, whether through cost-effective shuttle services, flexible ride options for remote students, or even custom programs that fit your unique needs. I’d be delighted to set up a quick call to share more and hear how we might help y’all keep driving student success forward.

Thank you for considering this partnership. I’m genuinely excited about the possibility of working together and supporting the wonderful work you do every day.

Warmly,  
{{full_sender_name}}",professional,,,
309,66,17412,1809,pending,f,f,2025-10-21 13:00:59.902921+00,Helping FinTron Elevate Digital Wealth Experiences,"Hi there {{first_name}},

I hope this message finds you well! I wanted to introduce you to Car, a solution designed to seamlessly enhance digital wealth management platforms like FinTron’s.

Given FinTron’s reputation for creating intuitive, customizable embedded components and SDKs that empower brokerages and advisors, Car can help streamline your client onboarding and investment processes even further. By integrating Car, FinTron could offer an even more engaging, efficient, and scalable experience for your users—helping your team reduce time to market and boost customer engagement.

I’d love to explore how Car can complement FinTron’s innovative platform and support your mission to deliver top-tier digital investing experiences.

Looking forward to connecting!

Best regards,  
{{full_sender_name}}",professional,,,
310,66,17427,1807,pending,f,f,2025-10-21 13:00:59.902921+00,Helping {{company_name}} Go Further—Introducing Our Car Solutions,"Hi there, Nathaniel!

I hope this note finds you well. I’ve been truly inspired by the work you and your team at {{company_name}} are doing—bringing financial security to folks who need it most, no matter where life takes them. It’s not every day you come across a company making such a heartfelt difference, and I wanted to reach out personally to see how we might lend a hand.

Here at our company, we specialize in providing reliable, efficient car solutions tailored for businesses like yours. Whether it’s keeping your team mobile as you expand across borders, ensuring safe transport for your field staff, or simply making day-to-day operations a little smoother, we believe the right vehicle can be a real game-changer. We’d love to chat about how our cars could support your mission—helping you reach more communities, deliver services with ease, and keep your team safe on the road.

If you’re open to it, I’d be delighted to set up a quick call or send over some more information. No pressure, of course—just a friendly offer from one neighbor to another.

Wishing you all the best as you continue to do such important work. Here’s to making the world a little kinder, one mile (and one transaction) at a time.

Warmly,  
{{full_sender_name}}",professional,,,
311,67,353,46,pending,f,f,2025-10-22 13:01:27.59257+00,Helping Gusto Simplify and Grow with Car,"Hi there, {{first_name}}!

I hope this message finds you well. I wanted to introduce you to Car, a solution designed to complement Gusto’s mission of simplifying payroll, benefits, and HR management for businesses. Car can help streamline your operations even further by enhancing automation and integration capabilities, making it easier for your team to manage financial workflows and employee data seamlessly.

Given Gusto’s impressive growth and commitment to taming the chaos of payroll and HR, Car could be a valuable partner in boosting efficiency and supporting your expanding client base with even more robust tools.

I’d love to explore how Car can support Gusto’s continued success and make your platform even more powerful for your customers.

Take care,  
{{full_sender_name}}",professional,,,
312,67,17449,1812,pending,f,f,2025-10-22 13:01:27.59257+00,"Helping Propel, Inc Enhance Financial Empowerment with Car","Hi there {{first_name}},

I hope this message finds you well! I wanted to introduce you to Car, a solution designed to complement Propel’s mission of empowering low-income families through your Fresh EBT app.

Car can help Propel, Inc by streamlining financial data integration and enhancing user engagement with personalized insights and tools that make managing benefits even easier. By partnering with Car, you could offer your users an even more seamless experience—helping them track, plan, and optimize their benefits with greater confidence and convenience.

I’d love to explore how Car can support Propel’s vision of making America’s safety net more user-friendly and impactful.

Looking forward to connecting soon!

Warmly,  
{{full_sender_name}}",professional,,,
313,67,17405,1806,pending,f,f,2025-10-22 13:01:27.59257+00,Helping OpenComp Simplify and Strengthen Compensation Management,"Hi there {{first_name}},

I hope this message finds you well! I wanted to introduce you to Car, a solution designed to complement and enhance compensation management efforts like those at OpenComp.

Given OpenComp’s impressive platform that brings clarity and fairness to pay decisions through benchmarking, merit cycles, and pay equity tools, Car can help streamline your workflows even further by automating key processes and providing actionable insights tailored to your unique compensation strategy.

By integrating Car, your team could save valuable time on data management and focus more on strategic pay planning that drives employee satisfaction and retention—helping OpenComp continue to empower high-growth companies with confidence and transparency in compensation.

I’d love to explore how Car can support your mission and contribute to OpenComp’s ongoing success. Would you be open to a brief conversation?

Warmly,  
{{full_sender_name}}",professional,,,
314,67,17451,1812,pending,f,f,2025-10-22 13:01:27.59257+00,"Helping Propel, Inc Enhance Financial Empowerment with Car","Hi there {{first_name}},

I hope this message finds you well! I’m reaching out to introduce **Car**, a solution designed to complement Propel’s mission of empowering low-income families through innovative financial technology.

Given Propel’s incredible work with Fresh EBT—making government benefits more accessible and user-friendly for millions—Car can help enhance your platform by streamlining benefit management and improving user engagement through advanced automation and personalized financial insights. Our technology integrates seamlessly, helping your users better navigate their benefits and financial options with ease and confidence.

I’d love to explore how Car can support Propel’s vision of strengthening the social safety net and making a real difference in the lives of families nationwide.

Looking forward to the opportunity to chat!

Warmly,  
{{full_sender_name}}",professional,,,
315,67,17421,1808,pending,f,f,2025-10-22 13:01:27.59257+00,Helping {{company_name}} Boost Security and Growth with Car,"Hi there {{first_name}},

I hope this message finds you well! I wanted to introduce you to Car, a solution designed to complement and enhance the kind of robust fraud protection Signifyd already provides.

Given Signifyd’s impressive track record in safeguarding ecommerce merchants from fraud and abuse, Car can help {{company_name}} by streamlining your business operations and improving efficiency—freeing up your team to focus on growth and customer success. Whether it’s automating key workflows or providing actionable insights, Car is built to support companies like yours in scaling securely and smoothly.

I’d love to explore how Car can fit into your current setup and help {{company_name}} continue to thrive without added friction.

Looking forward to hearing your thoughts, Michael!

Take care,  
{{full_sender_name}}",professional,,,
316,68,485,69,pending,f,f,2025-10-23 13:11:42.880752+00,Helping {{company_name}} Drive Even Greater Success,"Hi there, {{first_name}}!

I hope this note finds you well. I’ve been admiring how {{company_name}} is making financial management simpler and more accessible for folks—truly a breath of fresh air in today’s busy world.

I’m reaching out to introduce you to our latest vehicle, designed with innovative companies like yours in mind. This car isn’t just about getting from point A to point B; it’s built to support your team’s hustle, whether that’s zipping between meetings, transporting equipment, or representing your brand out in the community. With features focused on reliability, comfort, and smart technology, it’s ready to be a trusted partner in your day-to-day operations.

I’d love to chat about how this vehicle could fit right into your workflow, making life a little easier for your talented team. Would you have a few minutes this week for a quick call or coffee? I’m happy to come by your office or meet wherever’s convenient for you.

Looking forward to connecting and exploring how we can help {{company_name}} keep rolling smoothly ahead.

Warmly,  
{{full_sender_name}}",professional,,,
317,68,429,62,pending,f,f,2025-10-23 13:11:42.880752+00,Helping Abrigo Enhance Fraud Detection with Car,"Hi there {{first_name}},

I hope this message finds you well! I wanted to introduce you to Car, a solution designed to complement Abrigo’s powerful fraud management software by further streamlining fraud detection and prevention efforts.

Car integrates seamlessly with platforms like yours to enhance data ingestion, accelerate transaction inspection, and provide actionable insights—all while maintaining a smooth customer experience. By combining AI-driven analytics with configurable rules, Car can help your team detect sophisticated fraud patterns faster and reduce false positives, allowing Abrigo to protect financial institutions even more effectively.

I’d love to explore how Car can support Abrigo’s mission to keep fraudsters at bay and empower your analysts with smarter tools. Please let me know if you’d be open to a brief conversation.

Take care,  
{{full_sender_name}}",professional,,,
318,68,17432,1811,pending,f,f,2025-10-23 13:11:42.880752+00,Unlocking New Possibilities for ConsenSys with CAR Blockchain Solutions,"Hi there {{first_name}},

I hope this message finds you well! I’m reaching out to introduce CAR, a cutting-edge blockchain solution designed to elevate businesses like {{company_name}} by harnessing the power of decentralized technology tailored for the automotive ecosystem.

Given ConsenSys’s pioneering work in Ethereum-based decentralized applications, CAR can seamlessly complement your mission by enhancing transparency, security, and efficiency across automotive supply chains, vehicle lifecycle management, and digital identity verification. Our platform empowers businesses to combat counterfeit parts, streamline claims processing, and create personalized customer experiences—all while leveraging blockchain’s immutable and trustless nature.

I’d love to explore how CAR can support {{company_name}} in driving innovation and unlocking new value streams within the automotive sector. Please let me know a convenient time for a quick chat.

Looking forward to connecting!

Warmly,  
{{full_sender_name}}",professional,,,
319,68,121,18,pending,f,f,2025-10-23 13:11:42.880752+00,Introducing a New Partner for Chainalysis,"Hello Jonathan,

I hope this email finds you well. I wanted to reach out to you at Chainalysis because I believe we have an exciting opportunity that could complement your innovative work in blockchain analytics. As someone who's been following your company's growth and impact, I'm impressed by the critical role Chainalysis plays in helping governments, banks, and businesses navigate the complex world of cryptocurrencies.

 

I'd like to introduce you to a unique concept that could enhance your team's mobility and efficiency: integrating electric vehicles into your company's fleet. Not only do they offer a sustainable alternative, but they can also provide a sleek, modern image that aligns with the cutting-edge technology you're pioneering. Imagine your team zipping around in style, while also contributing to a greener future. It's a small step that can make a big difference in how your company is perceived and how it operates.

 

If you're interested in exploring this idea further, I'd be more than happy to set up a call to discuss how electric vehicles can support Chainalysis's mission. Please let me know if this is something you'd like to learn more about.

 

Warmly,

{{full_sender_name}}  
[Your Contact Information]  

---

(Note: Please replace [Your Contact Information] with your actual contact details.)",professional,,,
320,68,17430,1810,pending,f,f,2025-10-23 13:11:42.880752+00,Helping Teamshares Empower Employee Ownership Even More,"Hi there {{first_name}},

I hope this message finds you well! I wanted to introduce you to Car, a solution designed to complement Teamshares’ inspiring mission of transitioning small businesses to employee ownership.

Car can help {{company_name}} by streamlining your acquisition and ownership transition processes with smart automation and data insights tailored for employee-owned businesses. It supports your proprietary software and educational efforts by making equity management and financial tracking even easier for your network companies, helping employees engage more deeply with their ownership stakes.

I’d love to explore how Car can support Teamshares in creating even more durable, employee-owned businesses that thrive for generations.

Looking forward to connecting soon!

Warmly,  
{{full_sender_name}}",professional,,,
321,69,338,45,pending,f,f,2025-10-24 13:06:16.461231+00,Introducing a New Way to Drive Your Fintech Solutions Forward,"Hi there, Sergii!

I hope this message finds you well. My name is {{sender_first_name}}, and I’m reaching out from {{company_name}} with a little something I believe could make a real difference for Computools and the incredible work y’all are doing in Seattle’s fintech space.

We’ve been admirers of how Computools crafts custom software that helps financial institutions stay ahead of the curve—truly impressive stuff. That’s why I wanted to personally introduce you to our latest innovation: the {{car}}.

Now, I know what you’re thinking—what does a car have to do with fintech development? Well, the {{car}} isn’t just any vehicle; it’s designed to support businesses like yours by making team mobility seamless, client meetings more convenient, and even those cross-town sprints between offices a breeze. Whether it’s ferrying your talented engineers to collaborative sessions, impressing clients with a comfortable ride to your next big demo, or simply giving your team a reliable way to keep the momentum going, the {{car}} is built to help y’all focus on what you do best—building the future of finance.

We’d love to show you how the {{car}} can fit right into Computools’ culture of innovation and care. If you’re open to a quick chat or even a test drive, just say the word—I’ll have the sweet tea ready!

Warmly,  
{{full_sender_name}}  
{{company_name}}



P.S. If now’s not the right time, no worries at all. Just know we’re here whenever y’all are ready to explore something new. Take care!",professional,,,
322,69,17428,1807,pending,f,f,2025-10-24 13:06:16.461231+00,Helping Leaf Global Fintech Enhance Financial Access with Car,"Hi there {{first_name}},

I hope this message finds you well! I wanted to introduce you to Car, a solution designed to complement Leaf Global Fintech’s mission of providing secure, affordable, and accessible financial services to vulnerable populations crossing borders.

Car can help {{company_name}} by streamlining your digital wallet operations and enhancing user experience across both smartphones and feature phones. With Car’s capabilities, you can further reduce transaction costs, improve currency exchange efficiency, and strengthen security measures—helping your customers manage their money seamlessly no matter where they are.

Given Leaf’s innovative use of blockchain and USSD technology to serve unbanked and displaced communities, Car’s tools can support your growth and impact by making cross-border financial services even more reliable and user-friendly.

I’d love to explore how Car can support your goals at {{company_name}} and contribute to your ongoing success.

Take care,  
{{full_sender_name}}",professional,,,
323,69,86,10,pending,f,f,2025-10-24 13:06:16.461231+00,Introducing a New Way to Support {{company_name}}’s Trading Innovation,"Hi there, {{first_name}}!

I hope this note finds you well. I’ve long admired how {{company_name}} brings such a thoughtful, scientific approach to the markets—building some of the most advanced trading systems out there[1][2]. It’s clear y’all are passionate about innovation, and that’s something I truly respect.

I’m reaching out to introduce a new solution that I believe could be a real asset to your team. Our car is designed to streamline logistics for firms that value precision, reliability, and a touch of modern convenience—qualities I know matter at {{company_name}}. Whether it’s getting your brilliant minds where they need to be, supporting your global offices, or simply making the day-to-day a little smoother, we’re here to help.

I’d love to chat more about how we can tailor our offering to fit your needs. Would you have a few minutes for a quick call or coffee (virtual or in-person—your pick!) next week? I’m all ears and eager to learn how we can support {{company_name}}’s continued success.

Thank you so much for your time, {{first_name}}. I’m looking forward to connecting!

Warmly,  
{{full_sender_name}}",professional,,,
324,69,17808,1898,pending,f,f,2025-10-24 13:06:16.461231+00,Introducing a New Opportunity for Owl Ventures,"Hello Andrew,

I hope this email finds you well. I wanted to reach out to you at Owl Ventures because I've been following your incredible work in the education technology space, and I must say, it's truly inspiring. Your dedication to improving educational outcomes globally is something to be admired, and I believe I might have something that could complement your mission.

I'd like to introduce you to an innovative concept that involves integrating cars into your business model. Now, you might wonder how cars could fit into education technology, but bear with me. Imagine if we could use cars as mobile learning centers or even as a unique way to transport educational resources to remote areas. This could be a game-changer for reaching underserved communities and enhancing accessibility to quality education.

I'd love the chance to discuss this idea further and explore how it could align with your vision at Owl Ventures. Let's schedule a call to dive deeper into the possibilities.

Warmly,

{{full_sender_name}}  
[Your Contact Information]  

---

(Note: Please replace [Your Contact Information] with your actual contact details.)",professional,,,
325,69,340,44,pending,f,f,2025-10-24 13:06:16.461231+00,Helping {{company_name}} Simplify Crypto Tax & Accounting with Car,"Hi there {{first_name}},

I hope this message finds you well! I wanted to introduce you to Car, a solution designed to complement the great work TaxBit is doing in crypto tax and accounting software.

Car can help {{company_name}} by streamlining your workflow even further—automating data aggregation, enhancing transaction categorization, and providing seamless integration with your existing systems. This means less manual effort for your team and more accurate, real-time insights into crypto tax liabilities and financial reporting.

Given TaxBit’s leadership in simplifying complex crypto tax challenges, I believe Car could be a valuable partner in boosting efficiency and accuracy for your customers and internal operations alike.

Would you be open to a quick chat to explore how Car can support {{company_name}}’s mission?

Warmly,  
{{full_sender_name}}",professional,,,
326,70,18005,1947,pending,f,f,2025-10-27 13:01:20.92236+00,Helping {{company_name}} Shine Brighter with a New Fleet Partner,"Hi there, Wayne!

I hope this note finds you well. My name is {{sender_first_name}}, and I’m reaching out from [Your Company Name] with a warm Southern hello and a genuine interest in supporting the great work y’all do at Abra Auto Body & Glass.

We’ve long admired how {{company_name}} goes the extra mile to deliver top-notch collision repair, painting, and glass services—always putting quality and customer convenience first. That’s the kind of dedication we love to see, and it’s exactly why I wanted to introduce you to our latest fleet vehicle, the [Car Make & Model].

This car isn’t just reliable and efficient—it’s built to help businesses like yours stay on the move, whether you’re shuttling parts, running errands for customers, or heading out to estimate a job. With plenty of cargo space, advanced safety features, and a smooth ride, it’s designed to make your team’s day a little easier and a whole lot more comfortable. Plus, we offer flexible leasing options and maintenance plans tailored to busy shops, so you can focus on what you do best: keeping your customers happy and their vehicles looking like new.

I’d be delighted to arrange a quick test drive at your convenience or answer any questions you might have. We’re here to help y’all succeed, and I truly believe this partnership could make a real difference for your team.

Take care, and I look forward to hearing from you soon.

Warmly,  
{{full_sender_name}}  
[Your Position]  
[Your Company Name]  
[Your Contact Information]",professional,,,
327,70,18011,1941,pending,f,f,2025-10-27 13:01:20.92236+00,Helping Christian Brothers Automotive Drive Even Greater Success,"Hi there {{first_name}},

I hope this message finds you well! I wanted to introduce you to Car, a solution designed to support businesses like Christian Brothers Automotive in enhancing operational efficiency and customer satisfaction.

Given Christian Brothers Automotive’s inspiring commitment to transparency, integrity, and putting people first, Car can help streamline your service processes and improve communication with your valued guests. By integrating Car into your workflow, your team can focus even more on delivering that *Nice Difference*® experience your customers appreciate, while we handle the behind-the-scenes details that keep your operations running smoothly.

I’d love to explore how Car can complement your mission of loving your neighbor through exceptional auto care and help Christian Brothers Automotive continue to shine as a leader in the industry.

Looking forward to connecting soon!

Best regards,  
{{full_sender_name}}",professional,,,
328,70,18012,1941,pending,f,f,2025-10-27 13:01:20.92236+00,Helping Christian Brothers Automotive Smyrna Drive Even Greater Success,"Hi there {{first_name}},

I hope this message finds you well! I wanted to introduce you to Car, a solution designed to support businesses like Christian Brothers Automotive by enhancing operational efficiency and customer satisfaction.

Given Christian Brothers Automotive’s strong commitment to transparency, integrity, and exceptional service across your 300+ locations, Car can help streamline your service processes and improve communication with your valued customers. This means even smoother repair estimates, quicker diagnostics, and an elevated customer experience that aligns perfectly with your mission of loving your neighbors through honest and reliable auto care.

I’d love to share how Car can specifically support your Smyrna location and help you continue delivering that Nice Difference® your customers appreciate so much.

Looking forward to connecting soon!

Best regards,  
{{full_sender_name}}",professional,,,
329,70,17996,1945,pending,f,f,2025-10-27 13:01:20.92236+00,Introducing a New Partner for Midas International,"Hello Leonard,

I hope this email finds you well. I wanted to reach out to you today because I believe I have something that could truly enhance the exceptional service Midas International provides to its customers. As a leader in automotive services, your company has built a reputation for trust and reliability, and I'd like to introduce a new car model that aligns perfectly with your values.

 

This car is designed with advanced technology and sustainability in mind, making it an ideal choice for customers looking for both performance and eco-friendliness. By partnering with us, Midas International could offer exclusive maintenance and repair services for this vehicle, further solidifying your position as a go-to destination for car owners seeking top-notch care.

 

I'd love the opportunity to discuss this further and explore how we can work together to benefit both our businesses. Please let me know if you're interested in learning more.

 

Warmly,

{{full_sender_name}}  
[Your Contact Information]  

 

---

(Note: Please ensure to replace [Your Contact Information] with your actual contact details.)",professional,,,
330,70,17998,1942,pending,f,f,2025-10-27 13:01:20.92236+00,Introducing a New Partner for Meineke's Success,"Hello Keith,

I hope this email finds you well. I wanted to reach out to you with a warm hello and introduce a fantastic opportunity that I believe could enhance the excellent services Meineke Car Care Centers already provide. As someone who admires the dedication to quality and customer satisfaction that Meineke embodies, I'm excited to share how our car can support your business goals.

 

Our car is designed with innovative features that can help streamline operations, improve efficiency, and enhance customer experience. Whether it's through advanced diagnostic tools or enhanced safety features, we believe our vehicle can be a valuable asset for your team. By integrating our car into your fleet or using it as a demonstration model for customers, you can showcase the latest in automotive technology while reinforcing Meineke's commitment to excellence.

 

I'd love the chance to discuss this further and explore how we can work together to drive success for Meineke. Please let me know if you're available for a quick call or meeting.

Warmly,

{{full_sender_name}}  
[Your Contact Information]  

---

(Note: Please replace [Your Contact Information] with your actual contact details.)",professional,,,
331,71,100,12,pending,f,f,2025-10-28 13:19:32.572743+00,Discover How Car Can Help {{company_name}} Drive Even Greater Success,"Hi there, Mike!

I hope this message finds you well and that things are humming along nicely up in Boston. I’ve been admiring the innovative work {{company_name}} is doing in the fintech space—y’all are truly making waves with your software development and IT services.

I’m reaching out to introduce you to Car, a new solution that I believe could be a real game-changer for your team. Car is designed to help fintech companies like yours streamline operations, enhance security, and deliver even more value to your clients. Whether it’s automating routine tasks, integrating seamlessly with your existing systems, or providing actionable insights to help you stay ahead of the curve, Car is built to support your mission of delivering top-notch financial technology solutions.

I’d love to set up a quick call or send over some more details—whatever works best for you. My goal is to make sure you have all the information you need to see if Car could be a good fit for {{company_name}}. No pressure, just a friendly conversation to explore how we might help y’all shine even brighter.

Thanks so much for your time, Mike. I’m genuinely excited about the possibility of working together and supporting {{company_name}}’s continued success.

Warmly,  
{{full_sender_name}}",professional,,,
332,71,17811,1894,pending,f,f,2025-10-28 13:19:32.572743+00,"{{first_name}}, a new way to inspire STEM learning at {{company_name}}","Hi there {{first_name}},

I hope this message finds you well! I’m reaching out to introduce you to Car, a solution designed to complement and enhance the incredible STEM education programs at {{company_name}}.

Car offers hands-on, interactive experiences that align perfectly with your mission to engage elementary and middle school students in STEM. By integrating Car into your mobile engineering labs, you can provide even more dynamic learning opportunities that inspire future innovators and help close the STEM opportunity gap.

I’d love to explore how Car can support your goals and bring added value to your programs. Would you be open to a brief conversation sometime soon?

Looking forward to the possibility of working together to empower young minds.

Take care,  
{{sender_first_name}}",professional,,,
333,71,467,67,pending,f,f,2025-10-28 13:19:32.572743+00,Helping MAJORITY Empower Migrants with Our Car Solution,"Hi there {{first_name}},

I hope this message finds you well! I’m reaching out to introduce a unique car solution that I believe could complement MAJORITY’s mission of empowering migrants with accessible financial services.

Our car offering is designed to enhance mobility and convenience for your members, many of whom may face transportation challenges as they settle into new communities. By integrating our service, MAJORITY can provide an additional layer of support—helping migrants access jobs, community resources, and everyday essentials more easily, which aligns beautifully with your commitment to improving their financial and social well-being.

I’d love to explore how we can tailor this solution to fit {{company_name}}’s goals and create even more value for your members.

Looking forward to hearing your thoughts, Johan!

Warmly,  
{{full_sender_name}}",professional,,,
334,71,17806,1898,pending,f,f,2025-10-28 13:19:32.572743+00,Unlock New Growth Opportunities for Owl Ventures with Car,"Hi there {{first_name}},

I hope this message finds you well! I wanted to introduce you to **Car**, a powerful solution designed to help innovative companies like **Owl Ventures** accelerate their impact in the education technology space.

Given Owl Ventures’ impressive track record of supporting transformative EdTech companies—from early learning to career mobility—Car can enhance your portfolio’s ability to scale by streamlining operations, improving data integration, and enabling smarter decision-making across your investments.

By partnering with Car, Owl Ventures can empower your portfolio companies to unlock new efficiencies and insights, helping them deliver even stronger educational outcomes globally. I’d love to explore how Car can complement your mission of advancing education through technology.

Looking forward to the opportunity to connect!

Best regards,  

{{full_sender_name}}",professional,,,
335,71,17995,1942,pending,f,f,2025-10-28 13:19:32.572743+00,Helping {{company_name}} Drive Even More Smiles,"Hi there, Paul!

I hope this note finds you well. I wanted to reach out and introduce you to the new {{car}}—a vehicle that’s built to impress, just like the service your team delivers every day at Meineke Car Care Centers.

Here in the South, we know a thing or two about taking care of what matters, and I believe the {{car}} could be a real asset for {{company_name}}. Whether you’re shuttling parts between shops, giving customers a lift, or just need a reliable ride for your team, this car is designed to keep up with your fast-paced, customer-first business. It’s efficient, easy to maintain, and ready to help y’all keep Denver’s drivers safely on the road—just like y’all do with your oil changes, brake repairs, and exhaust services.

I’d love to chat more about how the {{car}} could fit into your operations and make life a little easier for your crew. If you’re curious, just say the word, and I’ll arrange a test drive or send over more details. No pressure, just good ol’ Southern hospitality and a genuine desire to help your business shine.

Take care, Paul, and I look forward to hearing from you soon.

Warmly,  
{{full_sender_name}}",professional,,,
336,72,8619,1153,pending,f,f,2025-10-29 13:00:35.786704+00,Helping Leaf Global Fintech Expand Financial Inclusion with Doghouse,"Hi there {{first_name}},

I hope this message finds you well! I’m reaching out from Send2 to introduce you to Doghouse, a solution designed to support innovative companies like Leaf Global Fintech in expanding their impact.

Given Leaf Global Fintech’s inspiring mission to enhance financial inclusion through blockchain-based payment and remittance solutions, Doghouse can help streamline your operations and improve user engagement, especially for underserved populations. Our platform offers tailored tools that align perfectly with your goals of accessibility and efficiency.

I’d love to explore how Doghouse can complement your efforts and contribute to Leaf Global Fintech’s continued success. Would you be open to a brief call to discuss this further?

Thank you for your time, {{first_name}}. Looking forward to the possibility of working together!

Warmly,  
{{full_sender_name}}  
Send2",professional,,,
337,72,7331,156,pending,f,f,2025-10-29 13:00:35.786704+00,Helping William Blair Elevate Client Wealth Strategies with Doghouse,"Hi there, Tyler,

I hope this message finds you well and thriving at William Blair Private Wealth Management.

I wanted to introduce you to Doghouse, a solution designed to seamlessly support firms like yours that advise high-net-worth individuals, families, and foundations. Doghouse can help streamline your wealth planning and private shares trading processes, enhancing your team’s ability to deliver customized investment strategies and deepen client engagement.

Given William Blair’s expertise in private market access and tailored portfolio management, Doghouse offers tools that can simplify complex workflows, improve data insights, and ultimately help your advisors focus more on what matters most—building lasting client relationships and growing assets under management.

I’d love to explore how Doghouse might complement your current capabilities and support your mission of providing exceptional wealth management services.

Looking forward to the opportunity to connect.

Best regards,  
{{full_sender_name}}  

Send2  
Our Company",professional,,,
338,72,10071,1427,pending,f,f,2025-10-29 13:00:35.786704+00,Helping Shift Technology Leap Forward with Doghouse,"Hi there {{first_name}},

I hope this message finds you well and thriving at Shift Technology! I’m reaching out to introduce you to Doghouse, a solution designed to complement your AI-driven fraud detection tools by streamlining collaboration and communication across your engineering and fraud investigation teams.

Given Shift’s impressive work in using AI to detect and prevent insurance fraud, Doghouse can help your teams stay perfectly in sync, manage workflows more smoothly, and accelerate decision-making — all while keeping your focus on delivering exceptional results for insurers and their customers.

I’d love to share how Doghouse can support your mission and make your already powerful platform even more effective. Would you be open to a quick chat sometime soon?

Looking forward to connecting, David!

Take care,  
{{full_sender_name}}",professional,,,
339,72,4958,159,pending,f,f,2025-10-29 13:00:35.786704+00,Helping New York Life Investments Leap Ahead with Doghouse,"Hi there, Eric,

I hope this message finds you well and thriving at New York Life Investments. I’m reaching out to introduce you to Doghouse, a solution designed to bring a fresh, innovative edge to your already impressive suite of investment strategies.

Given New York Life Investments’ commitment to delivering integrated, forward-thinking asset management across diverse classes and geographies, Doghouse can help streamline your operations and enhance client engagement by providing tailored, data-driven insights that align perfectly with your multi-boutique approach.

We understand the importance of trust and long-term performance in your business, and Doghouse is built to support those values by offering actionable intelligence that helps you stay ahead in a competitive market — all while simplifying complex workflows for your team.

I’d love to explore how Doghouse can complement your mission of delivering meaningful outcomes and deepen the powerful partnership you have with your clients.

Looking forward to the opportunity to chat soon!

Best regards,  
{{full_sender_name}}",professional,,,
340,72,17566,1845,pending,f,f,2025-10-29 13:00:35.786704+00,Introducing Doghouse – A New Way to Boost DIANA Biotechnologies’ Impact,"Hi there Martin,

I hope this message finds you well! I’m reaching out from Send2 to introduce you to Doghouse, a solution designed to help innovative companies like DIANA Biotechnologies accelerate their growth and streamline operations.

Given DIANA’s impressive work developing cutting-edge diagnostic and therapeutic technologies, Doghouse can support your mission by enhancing collaboration, optimizing project workflows, and improving data management — all tailored to the unique needs of biotech pioneers.

I’d love to schedule a quick call to explore how Doghouse can specifically benefit your team and help you address unmet medical needs even more effectively.

Looking forward to connecting soon!

Warmly,  
{{full_sender_name}}  
Send2",professional,,,
341,73,318,43,pending,f,f,2025-10-29 13:00:41.696746+00,Helping {{company_name}} Drive Even More Business Success,"Hi there, Omri!

I hope this note finds you well. I’ve been admiring how Routable is making business payments smoother than a fresh jar of peach preserves—truly impressive work y’all are doing for finance teams everywhere[1][4].

I’m reaching out to introduce you to a new car solution that I believe could be a real game-changer for Routable. Imagine your team—whether they’re in Seattle, San Francisco, or anywhere in between—getting where they need to go with reliable, comfortable transportation that’s as easy to manage as your accounts payable platform. Our cars are designed to support growing businesses like yours, offering flexible options that adapt to your needs, whether it’s ferrying team members to meetings, picking up clients, or just making sure everyone gets home safe after a long day.

We’d love to chat about how we can help Routable keep moving forward—literally and figuratively. If you’re open to a quick conversation, just say the word and I’ll have some sweet tea (or coffee, if you prefer) ready on my end.

Looking forward to connecting and seeing how we can help y’all drive even more success.

Warmly,  
{{full_sender_name}}",professional,,,
342,73,18021,1943,pending,f,f,2025-10-29 13:00:41.696746+00,Introducing a New Partner for AAMCO's Success,"Hello Melissa,

I hope this email finds you well. I wanted to reach out to you at AAMCO Transmissions and Total Care because I believe I have something that could really enhance your business. As a leader in transmission repair and maintenance, your company is renowned for its expertise and commitment to quality. I'd love to introduce you to a new car model that I think could be a fantastic addition to your services.

 

This car, with its advanced transmission technology, could provide your team with a unique opportunity to showcase your expertise. Not only would it allow you to offer more comprehensive services, but it could also attract new customers looking for innovative solutions. I'd be delighted to discuss how this partnership could benefit both our companies and contribute to AAMCO's continued success.

 

If you're interested, I'd be more than happy to set up a meeting to explore this further. Please let me know if that sounds good to you, and we can schedule a time that suits you best.

 

Warmly,

{{full_sender_name}}  
[Your Contact Information]  

 

---

(Note: Please replace [Your Contact Information] with your actual contact details.)",professional,,,
343,73,17974,1927,pending,f,f,2025-10-29 13:00:41.696746+00,Introducing a New Opportunity for Christian Brothers,"Hello Donnie,

I hope this email finds you well. I wanted to reach out to you at Christian Brothers Automotive because I've always admired your commitment to providing exceptional service with a heart. Your dedication to making auto repair a more trustworthy and caring experience is truly inspiring.

 

I'd like to introduce you to an innovative car model that aligns perfectly with your values. This vehicle is designed with sustainability and efficiency in mind, offering a unique blend of performance and eco-friendliness. By partnering with us, Christian Brothers Automotive could not only enhance your service offerings but also appeal to customers who share your values of integrity and community involvement.

 

If you're interested in learning more about how this car can help elevate your business, I'd be delighted to set up a meeting. Please let me know if that sounds like something you'd like to explore further.

 

Warmly,

{{full_sender_name}}  
[Your Contact Information]  

 

---

(Note: Please ensure to replace [Your Contact Information] with your actual contact details.)",professional,,,
344,73,17994,1942,pending,f,f,2025-10-29 13:00:41.696746+00,Introducing a New Partner for Meineke's Success,"Hello Kenneth,

I hope this email finds you well. I wanted to reach out to you at Meineke Car Care Centers because I believe we have an opportunity that could really benefit your business. As someone who admires the excellent service and reliability that Meineke provides, I'm excited to introduce a new car model that could enhance your offerings and appeal to your customers.

 

This car is designed with efficiency and durability in mind, making it perfect for the kind of quick and reliable service that Meineke is known for. It could be a great addition to your fleet or even a model you could recommend to your customers looking for a reliable vehicle. I'd love to discuss how this could integrate with your current services and how it might help drive more business to your centers.

 

If you're interested, I'd be more than happy to set up a call to explore this further. Please let me know if that sounds good to you!

Warmly,

{{full_sender_name}}  
[Your Contact Information]  

 

---

(Note: Please replace [Your Contact Information] with your actual contact details.)",professional,,,
345,73,17971,1932,pending,f,f,2025-10-29 13:00:41.696746+00,Introducing a New Partner for Terry Wynter Auto Service Center,"Hello Terry,

I hope this email finds you well. I wanted to reach out and introduce you to a fantastic opportunity that I believe could really enhance your business at Terry Wynter Auto Service Center. We've been following your work, and we're impressed by the dedication you show to your customers. Our team is passionate about helping businesses like yours thrive, and we think we can offer something truly valuable.

 

We'd love to discuss how our car can help streamline your operations, improve customer satisfaction, and ultimately grow your business. Whether it's through efficient transportation solutions or innovative marketing strategies, we're here to support you every step of the way. Our goal is to ensure that your customers receive the best possible service, and we believe our collaboration could make that happen.

 

If you're interested in learning more, I'd be delighted to set up a call at your convenience. Please let me know if there's a time that suits you best.

 

Warmly,

{{full_sender_name}}  
[Your Contact Information]  

---

(Note: Ensure to replace [Your Contact Information] with your actual contact details.)",professional,,,
346,74,334,48,pending,f,f,2025-10-30 13:01:06.135444+00,Helping Net-Craft Inc Drive Growth with Car’s Innovative Solutions,"Hi there {{first_name}},

I hope this message finds you well! I wanted to introduce you to Car, a solution designed to help companies like Net-Craft Inc enhance their fintech service offerings and streamline technology development.

Given Net-Craft’s strong reputation in fintech web and mobile app development, Car can support your team by accelerating project delivery, improving user experience, and integrating seamlessly with your existing platforms. This means you can continue delivering top-notch, innovative solutions to your clients while optimizing your internal workflows.

I’d love to explore how Car can specifically benefit Net-Craft and contribute to your ongoing success. Please let me know a convenient time for a quick chat.

Take care,  
{{full_sender_name}}",professional,,,
347,74,17997,1945,pending,f,f,2025-10-30 13:01:06.135444+00,Helping {{company_name}} Drive Even More Value for Your Customers,"Hi there, Mark!

I hope this note finds you well. I’ve long admired how Midas International has built a reputation for trust and quality in automotive care—y’all truly go the extra mile for your customers, and that’s something special[1][4].

I’m reaching out to introduce you to a new car model that I believe could be a real asset for your business. This vehicle is designed with reliability, efficiency, and ease of maintenance in mind—qualities that align perfectly with the values Midas stands for. Whether it’s routine oil changes, brake services, or tire care, this car is engineered to make your technicians’ jobs smoother and your customers’ experiences even better[3][6].

Imagine offering your clients a vehicle that not only meets their daily needs but also simplifies upkeep, helping them stay on the road longer with fewer surprises. It’s a win for your team, your customers, and your bottom line.

I’d love to schedule a quick call or send over more details at your convenience. Let’s explore how this partnership could help Midas Canada continue to lead the way in trusted auto care.

Warmly,  
{{full_sender_name}}",professional,,,
348,74,17792,1892,pending,f,f,2025-10-30 13:01:06.135444+00,Introducing a New Partner for Bay Area STEM Ecosystem,"Hello Vincent,

I hope this email finds you well. I wanted to reach out to you today because I believe I have something that could truly benefit the incredible work you're doing with the Bay Area STEM Ecosystem. As someone who's passionate about education and community development, I've been following your efforts to increase equity and access to STEM learning opportunities for all youth in the Bay Area. Your dedication to underserved communities is truly inspiring.

 

I'd like to introduce you to a new initiative that involves integrating electric vehicles into your STEM programs. This could not only enhance the learning experience for students but also provide a unique opportunity for them to engage with cutting-edge technology. Imagine students designing and building their own electric cars, learning about sustainable energy, and exploring the intersection of technology and environmental science. It's a chance to make STEM education even more engaging and relevant to the future workforce.

 

If you're interested, I'd love to set up a call to discuss how this could fit into your existing programs and how we can work together to make it happen. Please let me know if this is something you'd like to explore further.

 

Warmly,

{{full_sender_name}}  
[Your Contact Information]  

---

(Note: Please replace [Your Contact Information] with your actual contact details.)",professional,,,
349,74,17984,1935,pending,f,f,2025-10-30 13:01:06.135444+00,Introducing a New Partner to Help Creech Import Repair Thrive,"Hello Stan,

I hope this email finds you well. I wanted to reach out to you at Creech Import Repair because I believe we have a solution that could really help your business shine. Our car, designed with the latest technology and tailored to enhance customer satisfaction, could be a fantastic addition to your offerings. Whether it's through showcasing its features or integrating it into your service packages, I think we could create a win-win situation for both of us.

 

I'd love to schedule a call to discuss how our car can help Creech Import Repair continue to provide top-notch service to your customers. Your expertise in servicing European and Asian vehicles is truly impressive, and I believe our collaboration could take your business to the next level.

 

Warmly,

{{full_sender_name}}  
[Your Contact Information]  

 

---

(Note: Please ensure to replace [Your Contact Information] with your actual contact details.)",professional,,,
350,74,17798,1895,pending,f,f,2025-10-30 13:01:06.135444+00,Empowering STEM Education at {{company_name}} with CAR-T Solutions,"Hi there {{first_name}},

I hope this message finds you well and thriving at {{company_name}}. I’m reaching out to introduce an exciting opportunity that could complement your inspiring work supporting STEM education initiatives.

Our company specializes in CAR-T (Chimeric Antigen Receptor T-cell) technology, a cutting-edge advancement in biopharmaceutical science that’s transforming cancer treatment. Given {{company_name}}’s commitment to expanding STEM access and opportunities—especially for underrepresented students—partnering with us could provide your grantees with unique educational content, hands-on learning experiences, and real-world applications of biotechnology.

By integrating CAR-T technology demonstrations and workshops into your STEM programs, we can help ignite curiosity and empower the next generation of innovators with knowledge about breakthrough therapies that are shaping the future of medicine. This aligns beautifully with your recent $6.5 million commitment to broaden STEM pathways and build a diverse, skilled workforce.

I’d love to explore how we can collaborate to bring this impactful science directly to your community and support your mission in a meaningful way.

Looking forward to the possibility of working together, {{first_name}}.

Warmly,  
{{full_sender_name}}",professional,,,
351,75,17393,1803,pending,f,f,2025-11-03 14:01:30.093871+00,Introducing a Game-Changer for Maxwell Financial Labs!,"Hi there, Robert!

I hope this message finds you well and in good spirits. I’ve been following the incredible work that Maxwell Financial Labs is doing to modernize the mortgage industry, and I couldn’t be more impressed. It’s heartening to see how you’re helping lenders become more efficient and agile through innovative solutions!

I wanted to take a moment to introduce you to a fantastic opportunity that could complement your efforts beautifully. At {{sender_company_name}}, we have developed a remarkable car that can enhance operations for companies like yours. This technology seamlessly integrates automation and machine learning, just like the solutions you already champion, but it also brings an added layer of efficiency that could help your team save precious time and resources.

Imagine the possibilities when your team can focus more on strategic initiatives rather than getting bogged down in routine tasks. Our car is designed to support lenders by providing real-time data and insights, empowering them to make quick, informed decisions. 

I would love the chance to discuss how we can work together to bring this innovation to life at Maxwell Financial Labs. Let’s find a time to chat—I’m eager to hear your thoughts!

Take care, and I look forward to connecting soon!

Warmly,  

{{sender_full_name}}  
{{sender_company_name}}",professional,,,
352,75,17426,1807,pending,f,f,2025-11-03 14:01:30.093871+00,A Sweet Introduction to Our Car Solution!,"Hi there, Leandre!

I hope this email finds you well and thriving at Leaf Global Fintech! I’m reaching out to introduce you to an exciting solution that I believe could be a perfect fit for your innovative team.

At {{sender_company_name}}, we’ve developed a car solution designed to enhance efficiency and streamline operations for companies just like yours. With cutting-edge technology and a user-friendly interface, our car can help your team save valuable time, cut down on operational costs, and ultimately improve productivity.

Just imagine the possibilities! Whether it’s simplifying logistics or improving your company’s overall mobility, we’re here to lend a helping hand. I would love to chat more about how our car can fit into Leaf Global Fintech’s vision and support your goals. 

Thank you for taking the time to consider this opportunity! I’m looking forward to the chance to connect.

Warmly,

{{sender_full_name}}  
{{sender_company_name}}",professional,,,
353,75,17797,1895,pending,f,f,2025-11-03 14:01:30.093871+00,Exciting Opportunity to Enhance STEM Education!,"Hi there, Smita!

I hope this message finds you in great spirits! My name is {{sender_full_name}}, and I’m reaching out to share something that I truly believe can align beautifully with the wonderful work you're doing at Gilead Foundation. 

At {{sender_company_name}}, we’ve developed a unique program that focuses on enhancing STEM education initiatives, particularly for underrepresented students. Our approach is designed to complement the recent $6.5 million commitment you've made, helping to expand access and opportunities across the board. 

We believe that together, we can create a meaningful impact that not only empowers students but also nurtures the next generation of innovators and leaders in STEM fields. I would love the chance to discuss how our program can support your mission and elevate your efforts.

Thank you so much for considering this opportunity, Smita. I look forward to the possibility of working together to make a real difference!

Warmly, 

{{sender_first_name}}  
{{sender_full_name}}  
{{sender_company_name}}",professional,,,
354,75,360,53,pending,f,f,2025-11-03 14:01:30.093871+00,Exciting Opportunity for Betterment!,"Hi there, Sarah!

I hope this message finds you well and basking in the warmth of a beautiful day! I’m reaching out to share something that I believe could be a wonderful fit for Betterment.

At {{sender_company_name}}, we’ve developed a unique car solution that could significantly enhance your operations and support your clients in their investment journeys. Our vehicle is designed with cutting-edge technology to streamline logistics and improve efficiency—allowing your team to focus more on what they do best: guiding your clients toward financial success.

I truly believe that integrating our car into your service offerings could not only ease your daily processes but also provide an added layer of convenience for your clients. Imagine the ease of transporting important documents, meeting clients, and attending events—all while showcasing your commitment to innovation and sustainability!

I’d love the opportunity to discuss this further and explore how we can tailor this solution specifically for Betterment. 

Thank you for your time, and I look forward to the possibility of working together!

Warmly,  

{{sender_full_name}}  
{{sender_company_name}}",professional,,,
355,75,323,49,pending,f,f,2025-11-03 14:01:30.093871+00,Discover How Our Car Can Drive Success at Possible Finance!,"Hi there, Harsha!

I hope this email finds you in great spirits! I wanted to take a moment to introduce you to an exciting opportunity that could really benefit Possible Finance.

We have a fantastic car that’s not just a mode of transportation, but a true asset for businesses like yours. With its advanced technology and efficient design, this car can enhance your operations, helping you reach your clients more effectively and with a touch of Southern charm.

Imagine your team zipping around town, making connections and providing services with ease. Our vehicle is built for comfort and efficiency, ensuring that your staff can focus on what they do best—supporting individuals who rely on your affordable loan solutions. 

I’d love to chat more about how this could work for Possible Finance and help you serve your community even better. 

Looking forward to hearing from you soon!

Warmly,  

{{sender_full_name}}  
{{sender_company_name}}",professional,,,
356,76,7337,156,pending,f,f,2025-11-03 14:01:30.993714+00,A Sweet Solution for Your Wealth Management Needs,"Hi there, Jim!

I hope this email finds you well and enjoying a lovely day at William Blair. I wanted to take a moment to introduce you to an exciting opportunity that could be a delightful fit for your private wealth management clients.

At Send2, we believe that every investment deserves a sturdy foundation, much like a doghouse that keeps our furry friends safe and sound. Our innovative doghouse solution is designed to provide a unique way to enhance client relationships and streamline communication, especially for high-net-worth individuals and families who value personalized attention.

With our doghouse, you can create a cozy space for your clients to feel connected and informed about their investments. This charming approach not only fosters trust but also cultivates a sense of community—a key ingredient in wealth management. Just like a frog hopping to its lily pad, your clients will find ease in navigating their financial journey with us by their side.

I’d love to chat more about how this can complement the exceptional services you provide at William Blair. If you're interested, let's set up a time for a quick conversation!

Take care,

Warmly,  
{{sender_full_name}}  
{{sender_company_name}}",professional,,,
357,76,10460,1494,pending,f,f,2025-11-03 14:01:30.993714+00,A Sweet Solution for Takeda's Success,"Hello Christophe!

I hope this message finds you well and enjoying a lovely day at Takeda. 

I’m reaching out to introduce you to an innovative little gem that could bring a hop of joy to your operations—our doghouse solution. Now, I know what you might be thinkin’—a doghouse? But let me assure you, it’s more than just a cozy spot for our furry friends. It’s designed to optimize workflow and enhance well-being in the workplace.

Imagine creating a serene environment where your teams can take a breather and rejuvenate. A little nook that fosters creativity and collaboration among your talented folks in oncology, gastroenterology, and neuroscience. This could be a delightful addition to your already impressive culture at Takeda.

I’d love the chance to chat more about how our doghouse can support your mission and add a touch of warmth to your workspaces. Let’s hop on a call or meet for a cup of coffee—whatever suits your fancy!

Warmly,  

Send2  
[Your Last Name]  
[Your Company Name]",professional,,,
358,76,25161,2172,pending,f,f,2025-11-03 14:01:30.993714+00,Sweet Solutions for Twelve Data,"Hi there, Kendra!

I hope this email finds you in good spirits and enjoying a beautiful day at Twelve Data. I wanted to take a moment to share something that I believe could be a delightful addition to your already impressive suite of offerings.

At Send2, we’ve crafted a unique doghouse solution designed specifically for our target customer profile – frogs! Now, I know what you may be thinking, but just like the vibrant financial data you provide, our doghouse can cater to a niche that’s often overlooked. 

Imagine enhancing your platform with insights tailored for our frog friends, who are always on the lookout for real-time and historical data that speaks to their unique needs. This could not only broaden your audience reach but also showcase Twelve Data as a leader in inclusivity within the financial data landscape.

I’d be thrilled to chat more about how our doghouse can harmonize beautifully with your services and bring a splash of creativity to your offerings. 

Thank you for considering this sweet opportunity, Kendra! I look forward to the possibility of working together.

Warmly,  

{{sender_full_name}}  
{{sender_company_name}}",professional,,,
359,76,17867,1910,pending,f,f,2025-11-03 14:01:30.993714+00,A Little Something to Enhance Your Innovations!,"Hello Chris!

I hope this message finds you well and basking in the glow of your latest successes at AdhereTech! I wanted to take a moment to introduce something that I believe could be a delightful addition to your impressive lineup of medication adherence solutions.

Now, if you haven’t heard of us yet, we’re Send2, and one of our standout offerings is the Doghouse. It's a clever solution designed to provide a seamless experience for patients and their families, ensuring that medication is not just adhered to, but done so with ease and comfort. 

With the Doghouse, you can create an engaging and interactive environment for patients that enhances their compliance journey. This innovative solution could be a wonderful complement to your smart packaging and data analytics, creating a holistic approach to patient care that resonates with both healthcare providers and patients alike.

I’d love to chat more about how the Doghouse can fit into your current projects and help make a positive impact at AdhereTech. 

Looking forward to your thoughts!

Warmly,

Send2  
Send2 at Your Company Name",professional,,,
360,76,8600,1150,pending,f,f,2025-11-03 14:01:30.993714+00,A Little Something to Leap Into Financial Wellness!,"Hi there, Jim!

I hope this email finds you well and hopping along smoothly at QRails! I wanted to take a moment to introduce you to something that might just add a little extra bounce to your payment processing platform.

At Send2, we’ve developed a doghouse solution that aligns perfectly with your commitment to financial wellness and Earned Wage Access. Imagine giving your clients' employees a cozy, secure space to manage their finances with ease—just like a comfy doghouse offers a safe haven for our furry friends!

Our doghouse can help enhance your services by providing an intuitive interface where employees can access their earned wages, manage payroll cards, and foster financial literacy—all integrated seamlessly with your existing software. It’s not just about processing payments; it’s about creating a supportive environment that promotes financial well-being. 

I truly believe this could be a fantastic addition to what QRails is already doing. I’d love to chat more about how we can team up to make a positive impact on your clients’ lives. 

Looking forward to hearing from you!

Warmly,  

Send2  
[Your Title]  
Send2",professional,,,
361,77,398,52,pending,f,f,2025-11-04 14:04:55.26919+00,A Sweet Solution for Pinwheel's Success!,"Hi there, Curtis!

I hope this message finds you well and enjoying a lovely day. My name is {{sender_full_name}}, and I’m reaching out from {{sender_company_name}} with a little something that could be a game changer for Pinwheel.

We understand that Pinwheel is all about providing secure access to income and employment data, and we believe that our innovative car solution can greatly enhance your offerings. Imagine streamlining the connection between payroll data and financial institutions even further, simplifying processes, and providing a seamless experience for your clients.

Our car is designed to integrate effortlessly with existing systems, ensuring that your customers can access the information they need without the fuss. This could not only improve efficiency but also strengthen the trust your clients have in Pinwheel’s capabilities.

I’d love the chance to chat more about how we can work together to make this happen. Let me know if you have a moment to connect, and I’ll be happy to set up a time that works for you!

Looking forward to hearing from you soon.

Warmly,  
{{sender_first_name}}  
{{sender_company_name}}",professional,,,
362,77,380,50,pending,f,f,2025-11-04 14:04:55.26919+00,A Sweet Solution to Elevate Alloy's Identity Verification,"Hi there, Kiran!  

I hope this message finds you well! I’m reaching out with a little excitement to introduce you to our innovative car solution that could truly complement Alloy's admirable mission of simplifying identity management and combating fraud.  

At [Your Company Name], we understand the importance of having reliable tools that enhance both security and efficiency. Our car integrates seamlessly into existing systems and can streamline operations by providing real-time access to essential data, ensuring that you have the best tools at your fingertips to serve your clients.  

Imagine the peace of mind that comes with having a robust solution that not only enhances security but also helps your team focus on what they do best. We believe our car can bring that added layer of trust and simplicity to your already outstanding platform.  

I’d love to chat more about how we can work together to bolster Alloy's efforts. Please let me know if you’d be available for a quick call or if there's a time that works best for you!  

Warmly,  

{{sender_full_name}}  
{{sender_company_name}}",professional,,,
363,77,146,15,pending,f,f,2025-11-04 14:04:55.26919+00,Introducing a Game-Changer for Alloy!,"Hi there, Kiran!

I hope this message finds you well and in good spirits! I’m reaching out to introduce you to an exciting opportunity that could enhance the fantastic work you’re doing over at Alloy.

At {{sender_company_name}}, we've recently developed a cutting-edge car solution that aligns beautifully with your mission of detecting fraud and simplifying identity management. This innovative system not only streamlines identity verification processes but also integrates seamlessly into your existing framework, giving you the ability to manage risk more effectively and efficiently.

Imagine the peace of mind that comes with a solution designed to bolster your data intelligence capabilities while helping to keep your customers safe. Our car is tailored to meet the unique needs of the fintech world, and I truly believe it can make a significant impact at Alloy.

I’d love to discuss this further and explore how we can support your goals. If you’re open to it, let’s schedule a time to chat!

Warmly,  

{{sender_full_name}}  
{{sender_company_name}}",professional,,,
364,77,435,60,pending,f,f,2025-11-04 14:04:55.26919+00,A New Solution to Enhance Your Compliance Efforts,"Hi there, Jay!

I hope this message finds you well and enjoying a lovely day at Aquilan. I wanted to take a moment to introduce you to a solution that could really make a difference for your team in the world of compliance, risk, and fraud management.

At {{sender_company_name}}, we understand the challenges financial institutions and fintech companies face, and that's why we’ve developed a cutting-edge car that can streamline your processes and enhance your operations. Our software not only simplifies compliance monitoring but also offers robust risk assessment tools tailored to fit the needs of organizations like yours.

Imagine having a seamless way to manage compliance that not only saves time but also increases accuracy. With our solution, you can focus more on what truly matters—serving your clients and growing your business!

I would love to chat more about how we can partner together to support Aquilan’s goals. Please let me know if you’d be available for a quick call or coffee chat sometime soon. 

Looking forward to your thoughts!

Warmly,

{{sender_full_name}}  
{{sender_company_name}}",professional,,,
365,77,152,20,pending,f,f,2025-11-04 14:04:55.26919+00,Let’s Empower Your Team at Addition Wealth!,"Hi there, Hally!  

I hope this message finds you well and thriving at Addition Wealth! I’m reaching out with a heartfelt introduction to a solution that could truly enhance the wonderful work you’re already doing in helping employees make informed financial decisions.  

We at [Your Company Name] have developed a car that not only provides a reliable mode of transportation but also doubles as an innovative tool for financial empowerment. Imagine your team having access to a vehicle that offers insights and resources on personal finance right at their fingertips!  

This car can serve as a platform for community events, workshops, and even one-on-one sessions with financial professionals. It’s all about creating a supportive environment where your employees feel inspired to take charge of their financial futures.  

I believe this could be a wonderful complement to Addition Wealth’s mission of fostering financial literacy and community engagement. I’d love to chat more about how we can work together to make this happen!  

Looking forward to hearing from you soon!  

Warmly,  
[Your Full Name]  
[Your Company Name]",professional,,,
366,78,4959,159,pending,f,f,2025-11-04 14:04:57.26783+00,A Tail-Wagging Opportunity for New York Life Investments!,"Hi there, Dinesh!

I hope this email finds you well and enjoying a lovely day. I wanted to take a moment to introduce you to Doghouse, a delightful solution that could add some real value to your team at New York Life Investments.

Our Doghouse platform is designed to help financial firms like yours streamline their operations and enhance client engagement. With our innovative features, we can help you better connect with your clients while ensuring that your investment strategies shine brightly.

Just like a well-trained dog brings joy and companionship, Doghouse aims to bring efficiency and clarity to your investment solutions. We believe that by integrating our services, you'll find that managing assets becomes a breeze, allowing you to focus on what truly matters—delivering exceptional results for your clients.

I’d love the chance to chat more about how Doghouse can fit into your vision at New York Life Investments. Let me know if you’re interested, and we can set up a time that works for you.

Take care, and I look forward to hearing from you soon!

Warmly,  
Send2  
Send2 at your company name",professional,,,
367,78,8812,1183,pending,f,f,2025-11-04 14:04:57.26783+00,A Friendly Introduction to Doghouse,"Hi there, Kunal!  

I hope this message finds you well and enjoying a lovely day at AppZen! 

I wanted to take a moment to introduce you to Doghouse, a solution designed with businesses like yours in mind. We believe that our platform can truly complement AppZen’s mission of automating financial compliance and controls.  

Just like your remarkable AI-powered tools help companies streamline their expense auditing, Doghouse offers a unique way to enhance team collaboration and communication. By creating a virtual space tailored for your team’s needs, we empower companies to work smarter together, ultimately leading to greater efficiency and productivity—something I know you and your team value deeply!  

If you’d be open to it, I’d love to chat further about how Doghouse can specifically support AppZen’s goals. It would be wonderful to explore ways we can work together to bring even more value to your customers.  

Looking forward to hearing from you!  

Warmly,  

Send2  
Send2 at [Your Company Name]",professional,,,
368,78,10462,1494,pending,f,f,2025-11-04 14:04:57.26783+00,Exciting Opportunities for Takeda with Our Innovative Doghouse!,"Hello Andrew!

I hope this email finds you in good spirits and enjoying a lovely day. I’m reaching out to share something that I believe could be a delightful addition to the incredible work you and your team are doing at Takeda.

At Send2, we’ve developed an innovative solution we fondly call the Doghouse. Designed with the unique needs of pharmaceutical companies like yours in mind, the Doghouse can help streamline your research and development processes, enhancing collaboration and accelerating project timelines. 

Just like a cozy doghouse provides a safe haven for our furry friends, our Doghouse offers a secure environment for your teams to share insights, manage projects, and drive innovation across your therapeutic areas. We understand how critical it is to stay ahead in fields such as oncology, gastroenterology, and neuroscience, and we’re here to support you every step of the way.

I’d love the chance to chat more about how the Doghouse can be tailored to fit the wonderful work you’re already doing at Takeda. Let me know if you’d be available for a brief conversation in the coming days!

Take care, and I look forward to hearing from you soon!

Warmly,  

{{sender_full_name}}  
Send2",professional,,,
369,78,10026,1417,pending,f,f,2025-11-04 14:04:57.26783+00,Let’s Welcome a New Opportunity for Funding Circle!,"Hi there, Alexander!

I hope this message finds you well and basking in the warmth of a lovely day! I’m reaching out to share something that I believe could truly enhance the services you provide at Funding Circle. 

At Send2, we’ve created a unique solution called Doghouse, designed specifically to simplify and streamline the lending process for small businesses. With Doghouse, we can help you connect those eager borrowers with the right investors more efficiently, allowing you to facilitate financing through your online marketplace with even greater ease.

Imagine giving your customers—those small businesses—a friendly, user-friendly platform that not only meets their needs but also enhances their overall experience with Funding Circle. I believe that Doghouse can play a pivotal role in making this happen!

I’d love the chance to chat more about how Doghouse can complement the wonderful work you’re already doing. Please let me know if you’d be available for a brief call or if there’s a time that works best for you.

Thank you for considering this opportunity, and I’m looking forward to the possibility of working together!

Warmly,

Send2  
Send2 at Send2",professional,,,
370,78,8640,1158,pending,f,f,2025-11-04 14:04:57.26783+00,"A Tail-Wagging Solution for Propel, Inc!","Hi there, Jane!  

I hope this email finds you well and enjoying a lovely day! I’m reaching out from Send2 because I believe our innovative doghouse can make a delightful difference for Propel, Inc.  

At Send2, we understand that navigating the world of fintech can be a bit like herding cats sometimes, especially when it comes to providing seamless access to financial services for underserved communities. That’s where our doghouse comes into play!  

Our doghouse is designed to create a safe and welcoming space for your customers, allowing them to engage with your services in a friendly and approachable manner. Imagine a cozy corner where users can easily explore their options for government benefits and financial management, all while feeling right at home.  

With our doghouse, we aim to enhance user experience, making it easier for your clients to find the resources they need while feeling supported every step of the way. We truly believe this could add a warm touch to Propel’s mission of improving financial access!  

I’d love the chance to chat more about how we can work together to make this vision a reality for Propel. Please let me know a time that works for you, and I’ll be more than happy to arrange it!  

Warmly,  

Send2  
[Your Position]  
Send2",professional,,,
371,79,459,63,pending,f,f,2025-11-05 14:01:11.290111+00,Exciting Opportunity for FinTron!,"Hi there, Larry!

I hope this email finds you in great spirits! I’m Jonathan Novotny, and I’m reaching out to introduce a remarkable solution that could truly benefit FinTron and its mission to provide top-notch investment services.

Our innovative car technology is designed to enhance embedded wealth solutions, making it easier for businesses like yours to offer seamless investment services to your customers. Imagine empowering your clients with a more user-friendly experience that not only meets their investment needs but also helps them feel confident and supported throughout their journey.

I genuinely believe that integrating our solution into FinTron’s offerings could be a game changer for your team and your clients alike. I’d love the opportunity to discuss how we can work together to make this happen.

Please let me know a good time for you, and I’d be delighted to chat!

Warmly,

Jonathan Novotny",professional,,,
372,79,470,67,pending,f,f,2025-11-05 14:01:11.290111+00,Exciting Opportunity to Enhance MAJORITY's Services!,"Hi there, Cecilia!

I hope this email finds you well and thriving! I’ve been following the remarkable work that MAJORITY is doing to empower migrants worldwide, and I must say, it warms my heart to see such dedication to community and support.

I wanted to take a moment to introduce you to a new car service that I believe could be a wonderful addition to your offerings. Our service is designed to provide seamless transportation solutions that cater specifically to the needs of your customers. With reliable and affordable rides, we can help your clients feel more connected and supported as they navigate their daily lives.

By partnering with us, MAJORITY can enhance its service portfolio, making life a little easier for your valued customers. Whether it’s getting to the bank or attending community events, we’re here to lend a hand, all while ensuring safety and convenience.

I’d love to explore how we can work together to create even more value for the wonderful community you serve. Please let me know if you’d be open to a chat—I’m eager to hear your thoughts!

Warmly, 

Jonathan Novotny",professional,,,
373,79,140,21,pending,f,f,2025-11-05 14:01:11.290111+00,Exciting Opportunity for Gemini!,"Hi there, Frederick!

I hope this email finds you well and enjoying a delightful day at Gemini. I’m Jonathan Novotny, and I wanted to take a moment to introduce you to an innovative solution that I truly believe could be a game-changer for your business.

Our car platform is designed to enhance operational efficiency and streamline processes for cryptocurrency exchange platforms like Gemini. With our advanced technology, you can effortlessly manage logistics, improve transaction speeds, and ensure a seamless experience for your customers.

I understand how vital it is for you to provide a top-notch service, and we’re here to help you elevate that experience. By integrating our system, you can focus more on what you do best—creating a safe and engaging environment for your users to buy, sell, and earn cryptocurrencies.

If you’re interested, I’d be thrilled to set up a time to chat further about how we can work together to make your vision a reality.

Looking forward to hearing from you!

Warmly,  

Jonathan Novotny",professional,,,
374,79,519,73,pending,f,f,2025-11-05 14:01:11.290111+00,Exciting Opportunity for Thrive Apps!,"Hi there, Michael!

I hope this email finds you basking in the sunshine of a beautiful day! I wanted to take a moment to introduce you to a remarkable solution that could really complement the incredible work you’re doing at Thrive Apps.

Our innovative car technology is designed with scalability in mind, making it a perfect match for your mobile and web applications tailored for financial services. Imagine how our solution can enhance your digital wallet features or streamline peer-to-peer transactions, all while ensuring a seamless user experience.

By integrating this technology, I believe Thrive Apps could elevate its offerings and provide even more value to your users, setting you apart in the competitive landscape of mobile trading apps. Let’s work together to create something truly special!

I’d love to chat more about how we can make this happen. Please let me know if you’re available for a quick call or coffee chat—I’m all ears!

Warmly, 

Jonathan Novotny",professional,,,
375,79,96,8,pending,f,f,2025-11-05 14:01:11.290111+00,Exciting Opportunity for Flywire!,"Hi there, Cosmin!

I hope this email finds you well and enjoying a lovely day. My name is Jonathan Novotny, and I’m reaching out to share something that I believe could be a wonderful fit for Flywire.

I’d love to introduce you to our innovative car solution designed specifically for businesses like yours. With Flywire's expertise in handling complex payments, our car can streamline your transportation needs and enhance your overall operational efficiency. 

Imagine the ease of managing logistics without the usual headaches, allowing your team to focus on what truly matters—serving your clients and growing your business. Our car solution is not just about transportation; it’s about delivering a seamless experience that aligns perfectly with your commitment to excellence.

I would be thrilled to discuss how our offering could support Flywire’s continued success. Let’s set up a time to chat!

Looking forward to hearing from you soon.

Warmly, 

Jonathan Novotny",professional,,,
376,80,8684,1164,pending,f,f,2025-11-05 14:01:16.69087+00,A Little Something for Betterment's Frogs!,"Hi there, Liane!

I hope this email finds you well and in good spirits! I wanted to take a moment to introduce you to a delightful little solution that could bring a smile to your customers' faces—Doghouse.

Now, I know what you might be thinking, ""What in the world is a Doghouse doing in the world of investment?"" But let me tell you, this charming platform is designed to help improve the experience for your target customer profile, which I believe aligns beautifully with Betterment’s mission. 

With Doghouse, we cater specifically to frogs—yes, those charming little critters! Our platform offers tailored investment solutions and resources that resonate with their unique needs. Just think how much easier it could be for your customers to navigate their financial journeys with a platform that speaks directly to them!

I truly believe that integrating Doghouse could enhance the customer experience at Betterment, making it even more engaging and accessible for your frog clientele. I would love to chat more about how we can make this a reality for you and your team!

Looking forward to the possibility of working together!

Warmly,  

Demo User",professional,,,
377,80,8683,1164,pending,f,f,2025-11-05 14:01:16.69087+00,A Ribbit-ing Opportunity for Betterment!,"Hi there, Mike!

I hope this email finds you in high spirits and enjoying a lovely day! I’m reaching out with a little something special that I believe could be a perfect fit for Betterment and your frog-tastic clientele. 

At Send2, we’re thrilled to introduce our unique doghouse concept, specially designed for your target audience—frogs! Imagine providing a cozy, safe space for these little critters to rest and relax while they navigate their financial journeys. Our doghouses not only bring a touch of whimsy but also create an inviting environment that aligns beautifully with your mission of supporting smart investments and retirement solutions.

By incorporating these delightful doghouses into your offerings, you can enhance customer engagement and create memorable experiences that resonate with your frog customers. It’s all about making financial wellness not just a goal, but a delightful adventure!

I would love the chance to discuss how we can hop into action together! 

Warmly, 

Demo User",professional,,,
378,80,8693,1167,pending,f,f,2025-11-05 14:01:16.69087+00,Let’s Leap into Something Special!,"Hi there, Christian!

I hope this email finds you in good spirits! I wanted to take a moment to share an exciting opportunity that could take your wonderful work at Landis to new heights.

Have you ever thought about how a doghouse could resonate with the unique needs of your target clientele? Just picture this: a cozy little space where our froggy friends can feel right at home while they prepare for their journey toward homeownership. It’s all about creating a welcoming environment that reflects the warmth of your mission.

By incorporating doghouses into your offerings, you can create a whimsical and memorable experience for your renters. It’s a delightful way to show that Landis cares about every little detail, making the transition to homeownership not just a process, but a joyful adventure!

I’d love to chat more about this idea and see how we can hop along together to make it happen.

Looking forward to hearing from you!

Warmly,

Demo User",professional,,,
379,80,9719,1375,pending,f,f,2025-11-05 14:01:16.69087+00,A Unique Opportunity for Luminex Corporation,"Hi there, Angelo!

I hope this email finds you in good spirits! I'm reaching out to introduce you to something that I believe could add a delightful twist to Luminex Corporation's innovative approach—our Doghouse!

Now, I know what you might be thinking: how can a doghouse help a company in the biological testing space? Well, let me tell you, this isn't just any ordinary doghouse; it’s a metaphorical one! Our Doghouse represents a collaborative environment designed to foster creativity and innovation among your team. It’s a space where ideas can hop around freely—much like a frog leaping from lily pad to lily pad.

Imagine a place where your talented folks can come together to brainstorm, experiment, and ultimately develop cutting-edge solutions to serve the clinical diagnostics and life sciences markets even better! This could enhance team dynamics and lead to some truly groundbreaking advancements.

I’d love to discuss how the Doghouse can be tailored to fit Luminex Corporation's needs and contribute to your mission. Please let me know if you’d be open to a chat—I’m all ears!

Looking forward to hearing from you soon.

Warmly,  

Demo User",professional,,,
380,80,3617,803,pending,f,f,2025-11-05 14:01:16.69087+00,A Unique Partnership Opportunity for Learning A-Z!,"Hi there, Kari!

I hope this message finds you well and enjoying a lovely day! I'm reaching out with a little excitement about a potential partnership that could really jump-start some fun and innovative opportunities for Learning A-Z.

Have you heard about Doghouse? It's a delightful platform that specializes in engaging educational content tailored for our froggy friends, the students in K-6. With its interactive approach, Doghouse can help enhance the literacy and reading skills of young learners, making the learning process as enjoyable as a sunny afternoon by the pond.

By integrating Doghouse into your suite of digital resources, you can offer a fresh and vibrant way for students to connect with reading material. This could not only enhance their learning experience but also align beautifully with your mission at Learning A-Z to improve literacy skills. Just imagine how excited those little froggies will be to hop into reading with such a captivating tool!

I would love to discuss how we can work together to bring this opportunity to life. If you’re available, let’s find a time to chat!

Take care, and I look forward to hearing from you soon!

Warmly,  

Demo User",professional,,,
381,81,434,61,pending,f,f,2025-11-06 14:00:42.809534+00,Exciting Solution for AppBrilliance!,"Hello Ben!

I hope this email finds you well and thriving at AppBrilliance. I'm reaching out with a solution that I believe could add a delightful sparkle to your already impressive payment offerings.

Introducing our innovative car solution, designed specifically for fintech companies like yours. This service not only streamlines payment processes but also enhances user experience by making transactions smoother than sweet tea on a hot summer day. With our car solution, you can expect to see increased efficiency, reduced transaction times, and happier customers all around.

I’d love the chance to chat with you more about how this can fit into your current services at AppBrilliance. I truly believe it can be a game-changer for your team and your clients alike.

Looking forward to the opportunity to connect!

Warmly,

Jonathan Novotny",professional,,,
382,81,520,73,pending,f,f,2025-11-06 14:00:42.809534+00,Discover How Our Car Can Drive Thrive Apps Forward!,"Hi there, Ben!

I hope this email finds you well and thriving at Thrive Apps! 

I’m reaching out to introduce our innovative car solution that could truly complement the remarkable work you’re doing in the financial services space. Our car isn't just a mode of transportation; it’s designed to enhance productivity and improve efficiency for teams like yours. 

Imagine your staff being able to seamlessly connect with clients or partners on the go, ensuring that those important meetings and transactions are just a drive away. Our car incorporates cutting-edge technology that aligns perfectly with the scalable mobile and web applications Thrive Apps specializes in. We're all about making your operations smoother and more effective!

I would love the opportunity to discuss how our car can best serve your team and contribute to the incredible services you provide. If you’re open to it, let’s find a time to chat further!

Looking forward to hearing from you, Ben!

Warmly,  

Jonathan Novotny",professional,,,
383,81,2633,620,pending,f,f,2025-11-06 14:00:42.809534+00,Exciting Opportunity to Enhance Your Offerings!,"Hello Noelle!

I hope this message finds you in high spirits! I’m Jonathan Novotny, and I wanted to take a moment to introduce you to an innovative solution that I truly believe could bring remarkable value to StrongMind's mission of enhancing digital learning experiences.

Our car is designed with the modern educational landscape in mind, providing seamless integration with your existing digital curriculum solutions. By enhancing mobility and accessibility, it can support your teams in delivering top-notch educational content, whether in a hybrid, remote, or online setting. Just think of it as a reliable companion on your journey to creating engaging learning environments!

I’d love to chat more about how this could fit into your current initiatives and help foster even greater success for the schools and districts you support. Would you be open to a brief call or meeting? 

Looking forward to hearing from you!

Warmly,  

Jonathan Novotny",professional,,,
384,81,530,71,pending,f,f,2025-11-06 14:00:42.809534+00,Exciting Opportunity for Ditstek Innovations!,"Hi there, Vakul!

I hope this email finds you well and in good spirits. I’m reaching out to share something that I believe could be a real game changer for Ditstek Innovations and your impressive work in fintech.

We recently introduced a cutting-edge car technology that streamlines digital banking solutions, enhances security, and elevates user experience—all the things that align perfectly with your mission at Ditstek. Imagine the possibilities of integrating this innovative technology into your payment gateways and regtech platforms. 

Our car not only focuses on safety but also provides a user-centric design that can help your team create more robust solutions for your clients. It’s all about making transactions smoother and more secure, which I know is a priority for you.

I’d love to discuss how we can collaborate and explore the potential benefits for your team and clients. Please let me know a convenient time for you, and I’ll be sure to make it work on my end.

Looking forward to the possibility of working together!

Warmly,  

Jonathan Novotny",professional,,,
385,81,486,69,pending,f,f,2025-11-06 14:00:42.809534+00,Exciting Opportunity to Enhance Loadedpocket's Offerings!,"Hi there, Chris!

I hope this message finds you well and enjoying a lovely day at Loadedpocket. I’m Jonathan Novotny, and I’m reaching out with an exciting opportunity that could truly enhance what your fabulous financial web application already offers.

I’d love to introduce you to our innovative car solution, which is designed to seamlessly integrate with financial platforms like yours. By incorporating our service, Loadedpocket can provide users with a streamlined experience that simplifies not just their financial management, but also their vehicle ownership. Think of it as an added layer of convenience that will truly resonate with your users.

Imagine your clients being able to manage their car expenses, maintenance schedules, and even financing options—all within the same platform they trust for their finances. This could significantly boost user engagement and satisfaction, making Loadedpocket not just a financial tool, but a comprehensive financial companion.

I’d be delighted to discuss this further and explore how we can work together to enhance Loadedpocket’s offerings. Please let me know a time that works for you, and I’ll be sure to make it happen!

Take care, and I look forward to hearing from you soon!

Warmly,  

Jonathan Novotny",professional,,,
386,82,534,74,pending,f,f,2025-11-07 14:00:29.30907+00,A New Partner for Your Success at FINBOA,"Hi there, David!  

I hope this message finds you well and thriving at FINBOA!  

I wanted to take a moment to introduce you to a remarkable solution that I believe could be a wonderful fit for your company. Our innovative car platform is designed to enhance your SaaS automation capabilities, helping banks like yours to manage disputes more efficiently than ever before.  

With our car, your team can streamline processes, reduce response times, and ultimately boost customer satisfaction. Imagine providing your clients with an even smoother experience while freeing up valuable time for your staff to focus on what they do best!  

I would love the opportunity to discuss how we can tailor our solution to fit the unique needs of FINBOA. Please let me know if you’d be open to a quick chat or if you have any questions.  

Take care,  

Jonathan Novotny",professional,,,
387,82,531,71,pending,f,f,2025-11-07 14:00:29.30907+00,Discover How Our Car Can Enhance Ditstek Innovations,"Hi there, Rupesh!

I hope this email finds you in great spirits. I wanted to take a moment to introduce you to our innovative car solution that could truly elevate the work Ditstek Innovations is already doing in the fintech space.

Our car is designed with cutting-edge technology and security features that align perfectly with your focus on digital banking and payment gateways. By integrating our solution, you can streamline operations, enhance user experience, and ensure the highest level of security for your clients.

Imagine the possibilities of combining your user-centric design with our state-of-the-art capabilities. I genuinely believe this could be a game-changer for your team and the valued customers you serve.

If you have a moment, I would love to chat further about how we can collaborate to make this happen. Please let me know a time that works for you!

Looking forward to the opportunity,

Warmly,  

Jonathan Novotny",professional,,,
388,82,441,57,pending,f,f,2025-11-07 14:00:29.30907+00,Introducing a Game-Changer for Q2,"Hi there, Jonathan!

I hope this message finds you well and enjoying a lovely day in Austin!

I wanted to take a moment to introduce you to an exciting opportunity that could truly benefit Q2. Our innovative car solution is designed to enhance the digital banking experience for your clients. With its user-friendly interface and robust features, it can streamline operations and help financial institutions like yours provide top-notch service to their customers.

Imagine empowering your clients with a seamless mobile banking platform that not only enhances user engagement but also strengthens cybersecurity measures. This is exactly what our solution aims to achieve, and I believe it could be a perfect fit for the vision you have for Q2.

I would love to chat more about how we can partner together to make a positive impact on your business and the clients you serve. Please let me know a time that works for you, and I'll be sure to make myself available.

Take care,

Jonathan Novotny",professional,,,
389,82,587,84,pending,f,f,2025-11-07 14:00:29.30907+00,Exciting Opportunity for Austin Coding Academy!,"Hi there, Keith!

I hope this message finds you doing well and enjoying a lovely day at Austin Coding Academy. I wanted to take a moment to introduce you to something that I believe could be a wonderful addition to your esteemed program.

We have developed a new car that is designed specifically to support the needs of coding academies like yours. This vehicle not only offers a comfortable and efficient way for your students to commute, but it also comes equipped with state-of-the-art technology that can enhance their learning experience on the go. Imagine your students being able to study and collaborate on projects during their rides!

By partnering with us, you can provide your students with a unique advantage, ensuring they have the best resources available as they dive into their coding journey. I truly believe that this car can make a meaningful difference in how your talented students engage with their coursework.

I would love to chat more about how we can make this work for you and the Austin Coding Academy team. Please let me know a time that works for you, and I’ll be more than happy to adjust my schedule.

Take care, and I look forward to hearing from you soon!

Warmly, 

Jonathan Novotny",professional,,,
390,82,529,71,pending,f,f,2025-11-07 14:00:29.30907+00,Exciting Opportunity for Ditstek Innovations!,"Hi there, Dinesh!

I hope this email finds you well and enjoying a lovely day at Ditstek Innovations. I wanted to take a moment to introduce you to a fantastic opportunity that could truly benefit your esteemed company.

We’ve developed a cutting-edge car software solution designed specifically for fintech firms like yours. With its robust security features and user-centric design, it seamlessly integrates with digital banking and payment gateways to enhance user experience while ensuring top-notch protection. 

I believe this innovative tool could really help streamline your processes and elevate the exceptional work you’re already doing in the fintech space. I'd be thrilled to chat more about how our solution can align with your goals at Ditstek Innovations.

Thank you for your time, Dinesh. I’m looking forward to the possibility of working together!

Warmly,

Jonathan Novotny",professional,,,
391,83,27887,2284,pending,f,f,2025-11-10 14:02:16.526103+00,Exciting Opportunity to Enhance Your Community Impact!,"Hi there, Rafael!

I hope this email finds you in great spirits! I wanted to take a moment to introduce you to an innovative solution that could truly complement Texas Instruments' commitment to STEM education in the Alpine School District.

Our doghouse platform is designed to engage and educate young minds—much like the vibrant ecosystem that frogs thrive in! It provides an interactive way for students to explore the wonders of science and technology, fostering curiosity and teamwork among their peers. By integrating this platform into your STEM initiatives, you can create a more immersive learning experience that resonates with the students and encourages them to leap into their education with enthusiasm.

Just imagine the impact of bringing this engaging tool to the next generation of learners! I’d love to chat more about how we can work together to make a difference.

Thank you for considering this opportunity, Rafael. I’m looking forward to the possibility of collaborating with Texas Instruments!

Warmly,  

Demo User",professional,,,
392,83,8700,1165,pending,f,f,2025-11-10 14:02:16.526103+00,A Little Something Special for Chainalysis!,"Hi there, Jonathan!  

I hope this email finds you well and enjoying a lovely day at Chainalysis! I wanted to take a moment to introduce you to something that might tickle your fancy and help your business hop to new heights: Doghouse!  

Now, I know what you might be thinking—what’s a doghouse got to do with blockchain data and analytics? Well, just like frogs thrive in their unique environments, Doghouse is designed to support your target customers with tailored solutions that can really resonate with them.  

With Doghouse, you can provide your clients with a cozy, intuitive experience that helps them navigate the complex world of cryptocurrency investigations. Just imagine how much more engaged your customers will feel when they have the right tools at their fingertips!  

I’d love the chance to chat more about how Doghouse can be a wonderful addition to your offerings at Chainalysis. Let me know if you’d be open to a quick call or if there’s a time that works best for you.  

Wishing you a delightful day ahead!  

Warmly,  

Demo User",professional,,,
393,83,9729,1373,pending,f,f,2025-11-10 14:02:16.526103+00,Discover a New Way to Enhance Your Business!,"Hi there, Stephen!

I hope this email finds you enjoying a lovely day at Thermo Fisher Scientific. I wanted to take a moment to share something that might just leap into your heart and help your business flourish. 

Here at Send2, we’re excited to introduce our innovative product, Doghouse, designed specifically with the needs of our valuable frog customer profile in mind. Doghouse isn’t just a product; it’s a solution that can streamline your operations and enhance your team's productivity. 

Imagine a tool that not only simplifies your workflows but also supports the diverse needs of your amazing team. With Doghouse, you can expect improved communication and efficiency, allowing you to focus on what truly matters: advancing healthcare and research through your top-notch scientific instrumentation and services.

I’d be delighted to discuss how Doghouse can hop right into your business strategy and make a positive impact! Please let me know a convenient time for you, and we can set up a chat.

Looking forward to connecting!

Warmly,

Demo User",professional,,,
605,125,30645,2961,pending,f,f,2025-12-10 14:01:51.152065+00,Let’s Elevate Your Storytelling Together!,"Hi there, Bonni!

I hope this message finds you well and thriving. My name is User, and I’m reaching out to introduce you to Rich Media Play, where we specialize in creating high-impact video, animation, and data-driven storytelling. 

In the financial services industry, having polished and strategic content can make all the difference. We understand the unique challenges you face and can help you craft compelling narratives that resonate with your audience, all without the hefty agency overhead. Imagine what we could do together to elevate your brand and reach your goals!

If you’re interested, I’d love to chat further about how Rich Media Play can support Actual Films in delivering exceptional visual content tailored specifically for your clients in the tri-state area.

Looking forward to hearing from you soon!

Warmly,  


User",professional,,,
394,83,8729,1169,pending,f,f,2025-11-10 14:02:16.526103+00,A Hoppy Idea for Melio Payments!,"Hi there, Ilan!

I hope this email finds you well and thriving over at Melio Payments! I’m reaching out today with a little something that might just make your day a tad brighter. 

I’d love to introduce you to Doghouse, a solution designed to enhance the experience for your target customer profile—frogs! Now, I know this may sound a bit quirky, but hear me out. Our Doghouse platform simplifies the journey for frogs, ensuring that they can manage their payments and cash flow with ease and efficiency, just like your own fantastic services aim to do for small businesses. 

Imagine providing a seamless payment experience that resonates with frogs, helping them hop from one transaction to another without a hitch. It’s all about creating a connection and making life a little easier, don’t you think? 

If this sounds intriguing, I’d love to chat more about how Doghouse can complement Melio’s mission and add a little extra spring to your step!

Looking forward to hearing from you soon!

Warmly,  

Demo User",professional,,,
395,83,8695,1167,pending,f,f,2025-11-10 14:02:16.526103+00,A Delightful Solution for Landis!,"Hi there, Ryan!

I hope this email finds you well and enjoying a beautiful day. I’m reaching out to share something that I believe could be just the right fit for Landis as you help renters leap into homeownership.

We’ve recently introduced Doghouse, a unique tool designed specifically for businesses like yours. Doghouse harnesses the power of tailored communication and organization, ensuring that your clients—those eager frogs ready to jump into their dream homes—receive the guidance they need when they need it most.

By streamlining your processes, Doghouse allows your team to focus on building relationships with those wonderful renters, helping them to easily navigate their path to ownership. Just imagine the joy of providing them with seamless support and clarity! 

I would love to discuss how Doghouse can specifically enhance your operations at Landis. Please let me know if you have some time to chat, or I can send over more information at your convenience.

Looking forward to connecting soon!

Warmly,  

Demo User",professional,,,
396,84,570,81,pending,f,f,2025-11-10 14:02:18.523909+00,Unlocking Insights from Financial Data,"Hello Steve!  

I hope this email finds you in good spirits! I wanted to take a moment to share something exciting that could greatly benefit ReUp Education.  

We’ve developed an AI API specifically designed for extracting valuable insights from large volumes of unstructured financial data, such as SEC filings. I know how crucial it is for you to have access to timely and accurate information to make informed financial decisions.  

By utilizing our AI API, you can streamline the process of data extraction, allowing your team to focus more on strategy and less on sifting through mountains of paperwork. Imagine having the ability to quickly gather insights that could enhance your outreach and support services, ultimately helping more students succeed.  

I would love the opportunity to discuss this further and explore how we can help ReUp Education thrive in its mission. Please let me know a convenient time for you to chat!  

Warmly,  

Jonathan Novotny",professional,,,
397,84,589,83,pending,f,f,2025-11-10 14:02:18.523909+00,Unlock Insights from Financial Data with Our AI API,"Hi there, Elliott!  

I hope this message finds you in great spirits! I’m Jonathan Novotny, and I’m excited to share something that I believe could be a game-changer for CoachTube.  

We have developed an AI API specifically designed for extracting valuable insights from large volumes of unstructured financial data, such as SEC filings. With this tool, you can streamline your data analysis processes, allowing you to focus more on what truly matters—helping athletes improve their game.  

Imagine having quick access to critical financial insights right at your fingertips. This could enhance your decision-making and enable you to better strategize for the future of your platform.  

If you’d like to chat more about how our AI API can support CoachTube in reaching new heights, I’d be thrilled to set up a time that works for you.  

Looking forward to hearing from you!  

Warmly,  

Jonathan Novotny",professional,,,
398,84,535,74,pending,f,f,2025-11-10 14:02:18.523909+00,Unlocking Efficiency with AI for Financial Data,"Hi there, Kimberly!  

I hope this email finds you well and enjoying a lovely day!  

I wanted to reach out to share an exciting opportunity that could truly benefit Finboa as you continue to enhance your automation platform. We have an innovative AI API designed specifically for extracting unstructured data from large financial documents, like SEC filings.  

Imagine the time and resources your team could save by automating the extraction of relevant information from these complex filings! This tool can seamlessly integrate into your existing systems, allowing you to track disputes with even greater accuracy and improve the overall customer experience.  

By leveraging this technology, I believe Finboa can elevate its service offerings and help your clients navigate the financial landscape more efficiently. I would love to chat further about how we can support your goals and explore how our API might fit into your current operations.  

Looking forward to hearing from you soon!  

Warmly,  

Jonathan Novotny",professional,,,
399,84,583,84,pending,f,f,2025-11-10 14:02:18.523909+00,Exciting New AI API for Your Data Needs!,"Hi there, Chris!

I hope this email finds you in great spirits today! I wanted to take a moment to share something that could be a game-changer for Austin Coding Academy, especially in the realm of handling large volumes of financial unstructured data, like SEC filings.

We’ve developed an innovative AI API that streamlines the extraction process of unstructured data, making it much easier for your team to access and analyze important information. With this tool, you can enhance your data management practices, allowing for more efficient decision-making and providing valuable insights for your partnerships and talent sourcing efforts. 

Imagine having the ability to quickly glean key details from extensive filings without the tedious manual effort. It can save time and resources, letting your talented team focus more on what truly matters—empowering the next generation of tech talent!

I’d love to chat more about how our AI API can fit into your current processes and support your goals at Austin Coding Academy. 

Looking forward to hearing from you!

Warmly,  

Jonathan Novotny",professional,,,
400,84,710,103,pending,f,f,2025-11-10 14:02:18.523909+00,Exciting AI Solutions for Your Data Needs!,"Hi there, Jingjing!

I hope this email finds you in great spirits! I wanted to take a moment to reach out and share something that I believe could be a real game-changer for the DePaul University STEM Center.

As you know, navigating through large volumes of unstructured financial data, like SEC filings, can be quite the challenge. That’s where our innovative AI API comes in! This powerful tool can help streamline the extraction process, making it easier than ever to analyze and utilize the critical information contained within those documents.

Imagine saving precious time and resources, all while enhancing your research capabilities. With our API, your team can focus more on what truly matters—driving STEM education forward and making a positive impact in the Chicago community.

I would love to discuss how this technology can specifically benefit your programs at the STEM Center. If you’re open to it, let’s set up a time to chat!

Take care, and I look forward to hearing from you soon!

Warmly,  

Jonathan Novotny",professional,,,
401,85,27961,2297,pending,f,f,2025-11-11 14:00:42.720734+00,Discover a New Way to Harness Financial Data,"Hi there, Gabi!

I hope this email finds you in great spirits! I'm reaching out to share something that I believe could be a real game changer for Mindjoy.

We’ve developed an AI API designed specifically for extracting unstructured financial data, such as SEC filings. I know that as a leader in K-12 educational solutions, you might be thinking, “How does this relate to my business?” Well, let me tell you—having access to rich financial insights can help shape your strategic decisions, drive innovation, and support your mission to enhance student engagement and achievement.

Imagine being able to gather critical financial information quickly and efficiently, allowing your team to focus more on what truly matters—creating personalized learning experiences for students. Our API can help Mindjoy stay ahead of the curve by providing timely data that empowers you to make informed decisions.

I’d be thrilled to discuss how we can tailor this solution to fit your needs and help support your wonderful work at Mindjoy. Let me know if you’d be interested in a chat!

Looking forward to hearing from you soon!

Warmly,  

Jonathan Novotny",professional,,,
402,85,27957,2301,pending,f,f,2025-11-11 14:00:42.720734+00,Unlocking the Power of Data for SchooLinks,"Hi there, Katie!  

I hope this message finds you well and thriving at SchooLinks! I’ve been following the incredible work you’re doing to empower students in their academic and career journeys, and I must say, it’s truly inspiring.  

I wanted to share an exciting opportunity that could enhance your efforts even further. We’ve developed an AI API designed specifically for extracting large volumes of unstructured financial data, like SEC filings. This tool could help your team streamline the data collection process, allowing you to focus more on providing personalized guidance and resources to your students.  

Imagine having quick access to vital financial information that can inform career paths and educational opportunities. This could be a game-changer in supporting your mission of preparing students for their futures!  

I would love to chat more about how this could fit into your vision at SchooLinks. If you’re interested, please let me know a time that works for you, and we can set up a call.  

Looking forward to the possibility of working together!  

Warmly,  

Jonathan Novotny",professional,,,
403,85,27992,2304,pending,f,f,2025-11-11 14:00:42.720734+00,Discover a New Way to Harness Financial Data,"Hi there, Jeanne!  

I hope this email finds you in good spirits! I wanted to reach out and share some exciting news about an AI API that could truly make a difference for CAST Schools.  

Imagine being able to effortlessly extract valuable insights from large volumes of unstructured financial data, like SEC filings! Our AI API is designed to streamline this process, allowing your team to focus more on what really matters—providing personalized, project-based learning for your students.  

With this tool, you can enhance your data analysis capabilities, making it easier to inform decision-making, track funding sources, and ultimately support your mission of preparing students for their futures in STEM fields.  

I believe this could be a wonderful fit for CAST Schools, and I’d love to chat more about how we can tailor this solution to meet your unique needs.  

Looking forward to hearing from you soon!  

Warmly,  

Jonathan Novotny",professional,,,
404,85,27945,2289,pending,f,f,2025-11-11 14:00:42.720734+00,Unlock Insights from Financial Data with Our AI API,"Hi there, Udit!  

I hope this email finds you in great spirits! I'm Jonathan Novotny, and I’m reaching out to share something that might just be the perfect fit for NextWaveSTEM.  

We’ve developed an innovative AI API specifically designed for efficiently extracting unstructured data from large financial documents, including SEC filings. I believe this could be a game changer for your team!  

Imagine having the ability to access and analyze critical financial data in a fraction of the time it currently takes. Our AI API can streamline your data extraction process, allowing your team to focus on what truly matters—making informed decisions and driving insights.  

I’d love to chat more about how this technology can support your goals at NextWaveSTEM. If you're available, perhaps we could schedule a quick call?  

Looking forward to hearing from you!  

Warmly,  

Jonathan Novotny",professional,,,
405,85,27922,2294,pending,f,f,2025-11-11 14:00:42.720734+00,Unlocking Insights from Financial Data,"Hi there, Lance!

I hope this message finds you in great spirits! As the Senior Vice President at Discovery Education, I can only imagine the wonderful impact you have on curriculum and student engagement. 

I wanted to introduce you to our cutting-edge AI API designed specifically for extracting valuable insights from large amounts of unstructured financial data, like SEC filings. With the ever-growing need for quick and accurate data analysis, this tool could be a game changer for your team. 

Imagine having the ability to swiftly sift through mountains of financial documents, pulling out the most relevant information to enhance your decision-making processes. This could not only save time but also enrich the resources available to your educators and students alike.

I would love the opportunity to chat more about how this technology could support your goals at Discovery Education. Let me know if you’d be open to a quick conversation!

Take care, 

Jonathan Novotny",professional,,,
406,86,8723,1168,pending,f,f,2025-11-11 14:00:46.175024+00,A Paw-sitive Addition for Lemonade!,"Hi there, Daniel!

I hope this email finds you in high spirits! I wanted to take a moment to introduce you to something that could really hop right into the heart of Lemonade’s offerings: our delightful doghouse product.

As you know, pet insurance is becoming a must-have for many folks, and our doghouse solution is designed to cater to that furry family member with the same love and care you provide. It streamlines the process, making it easier for your customers to get the coverage they need while ensuring a smooth, paperless experience. 

Imagine how this could enhance Lemonade’s already stellar reputation for simplicity and efficiency! By adding a doghouse to your portfolio, you’d be tapping into a growing market where pet parents are looking for reliable insurance options. Plus, it aligns perfectly with your mission to make insurance accessible and user-friendly. 

I’d be thrilled to chat more about how we can work together to make this a reality for your customers. 

Thank you for considering this opportunity, Daniel! 

Warmly, 

Demo User",professional,,,
453,95,8832,1187,pending,f,f,2025-11-18 14:13:48.315238+00,A Little Something for Flywire’s Leap Forward!,"Hi there, Michael!

I hope this email finds you in good spirits! I’m reaching out to share an exciting opportunity that could add a touch of charm to Flywire's already stellar operations.

Have you ever thought about how a doghouse could benefit your team? Now, I know it sounds a bit unconventional, but hear me out! This delightful little addition can foster a sense of community and comfort for your employees. Just like frogs find their cozy spots, a doghouse offers a warm retreat for staff to gather, brainstorm, or just take a breather. It’s all about creating a nurturing environment that boosts morale and encourages collaboration.

We believe that at Flywire, where complex payments meet innovation, a touch of whimsy could be just the thing to elevate your workplace culture. 

If you’re curious to learn more about how we can help bring this vision to life, I’d love to chat further. 

Warmly,

Demo User",professional,,,
407,86,3638,804,pending,f,f,2025-11-11 14:00:46.175024+00,A Hop into Success with Doghouse!,"Hi there, Kathryn!

I hope this email finds you in great spirits! I’m reaching out to share an exciting opportunity that I believe could add a little extra sparkle to the wonderful work you’re doing over at Assessment Technology, INC.

At Doghouse, we’ve crafted a solution that’s all about enhancing the assessment experience—much like a frog hopping gracefully from lily pad to lily pad. Our innovative tools are designed to help educators measure student learning with ease, making the process not only effective but enjoyable for everyone involved.

Imagine giving your users a platform that simplifies their assessments while providing insightful data to boost learning outcomes. With Doghouse, we can help you leap forward in delivering value to your clients, ensuring that every student gets the chance to shine!

I’d love the opportunity to chat more about how Doghouse can complement your existing offerings. Together, we can create a future where learning truly leaps to new heights!

Looking forward to hearing from you soon!

Warmly,  

Demo User",professional,,,
408,86,9623,1350,pending,f,f,2025-11-11 14:00:46.175024+00,Discover a Unique Opportunity for ABHI!,"Hello Ali!

I hope this email finds you well and enjoying a lovely day over at ABHI. 

I wanted to take a moment to introduce you to our delightful service, Doghouse. Now, I know what you might be thinking—“What’s a doghouse got to do with my business?” Well, let me tell you, our Doghouse is more than just a cozy spot for pups; it’s designed to bring joy and connection to your target audience, especially if they happen to be those charming little frog enthusiasts!

By creating a welcoming space for virtual gatherings, Doghouse can help foster community engagement and interaction among your customers. Whether it’s hosting fun contests, sharing tips on frog care, or simply offering a place for folks to chat and connect, Doghouse can enhance the experience for your customers, ultimately driving loyalty and satisfaction. 

I truly believe this could be a sweet addition to your offerings at ABHI, and I would love the chance to discuss it further with you. Let’s hop on a call soon, shall we?

Looking forward to hearing from you!

Warmly,  


Demo User",professional,,,
409,86,8724,1168,pending,f,f,2025-11-11 14:00:46.175024+00,Hop into Something Special for Your Business!,"Hi there, Shai!

I hope this email finds you in good spirits. I wanted to take a moment to introduce you to an exciting solution that could really leap into your operations at Lemonade – our innovative doghouse! 

Now, I know what you might be thinking – what does a doghouse have to do with insurance? Well, imagine this: a delightful space where your furry clients can feel at home while their humans are busy navigating the world of insurance. Not only does it create a warm, inviting atmosphere, but it also helps strengthen customer relationships by showcasing your commitment to their four-legged companions.

By incorporating our doghouse into your offerings, you could enhance your brand image as a pet-friendly insurance provider, which is a mighty fine way to attract those pet owners who are always looking for the best protection for their beloved animals. With a little Southern charm and creativity, you’ll be hopping right into the hearts of your customers!

I’d love to chat more about how we can work together to make this happen. 

Take care,  

Demo User",professional,,,
410,86,9647,1352,pending,f,f,2025-11-11 14:00:46.175024+00,A Little Something to Help GeoWealth Leap Ahead!,"Hi there, Colin!

I hope this email finds you well and enjoying a splendid day! I wanted to take a moment to introduce you to an exciting opportunity that could really make a splash for GeoWealth and those you serve.

At Send2, we’ve developed a delightful solution called Doghouse, designed specifically for businesses like yours. Our platform can help streamline operations and enhance the experience for your investment advisors and RIAs. Just think of Doghouse as a cozy little nook where all your needs are met—efficient, integrated, and ready to help your team scale like never before!

With Doghouse, you’ll find that juggling portfolio solutions and back-office services becomes a breeze. We’re all about making things simpler and more effective, so your advisors can focus on what they do best: guiding their clients to financial success.

I would love the chance to chat more about how Doghouse can fit into GeoWealth’s vision. Please let me know when you might have a moment to connect!

Warmly, 

Demo User",professional,,,
411,87,27961,2297,pending,f,f,2025-11-11 14:01:01.13075+00,Unlocking Insights with AI for Mindjoy,"Hi there, Gabi!  

I hope this email finds you well and thriving at Mindjoy!  

I’d love to take a moment to introduce you to an exciting AI API designed specifically for extracting insights from large financial unstructured data, like SEC filings. I truly believe this tool could be a game changer for your business.  

Imagine having the ability to effortlessly sift through mountains of data to unearth valuable information that could guide your decision-making process. This API not only streamlines data extraction but also helps you stay ahead of the curve in your financial analysis, allowing you to focus on what really matters—enhancing student engagement and achievement.  

I would be delighted to discuss how this AI solution can complement Mindjoy’s mission and support your goals. Would you be open to a conversation?  

Looking forward to hearing from you!  

Warmly,  

Jonathan Novotny",professional,,,
412,87,27957,2301,pending,f,f,2025-11-11 14:01:01.13075+00,Unlocking Opportunities with AI for Your Data Needs,"Hello Katie!

I hope this message finds you well and thriving at SchooLinks. Your commitment to guiding students on their academic and professional journeys is truly inspiring!

I wanted to take a moment to introduce you to an innovative AI API designed specifically for extracting large volumes of unstructured financial data, like SEC filings. I believe this technology could be a game-changer for your business, especially as you continue to provide tailored resources and guidance to students navigating their future careers.

With this powerful tool, you can seamlessly sift through complex financial documents, bringing clarity and insight to the data that matters most. Imagine the possibilities of integrating this into your platform—enabling students and educators to access vital information quickly and effectively, enriching the learning experience and decision-making processes.

I’d love the opportunity to discuss how this AI solution can align with your mission at SchooLinks and support your goals. 

Looking forward to your thoughts!

Warmly, 

Jonathan Novotny",professional,,,
413,87,27992,2304,pending,f,f,2025-11-11 14:01:01.13075+00,Unlocking New Insights for CAST Schools,"Hi there, Jeanne!

I hope this email finds you in great spirits and enjoying a beautiful day!

I’m reaching out to share something I believe could be a game changer for CAST Schools. We’ve recently developed a cutting-edge AI API designed specifically for extracting valuable insights from large volumes of unstructured financial data, including SEC filings. 

Imagine having the ability to seamlessly analyze and interpret critical financial information, which can help in making informed decisions and better strategizing for the future of your schools. By utilizing this technology, you can streamline processes and focus more on what truly matters—providing a personalized, project-based learning experience for your students.

I would love the opportunity to discuss how our API can specifically benefit CAST Schools and support your mission in preparing students for college and careers. Please let me know a convenient time for you to chat!

Looking forward to hearing from you soon!

Warmly,

Jonathan Novotny",professional,,,
414,87,27945,2289,pending,f,f,2025-11-11 14:01:01.13075+00,Unlocking Insights from Financial Data,"Hi there, Udit!  

I hope this message finds you in good spirits! I wanted to take a moment to share something that I believe could truly benefit NextWaveSTEM and help you navigate the complexities of financial data extraction.  

We’ve developed an AI API designed specifically for extracting valuable insights from large volumes of unstructured data, like SEC filings. It’s a game changer for companies looking to streamline their operations and enhance their decision-making processes.  

Imagine being able to sift through mountains of financial documents effortlessly, enabling your team to focus on what really matters—driving innovation and growth! This tool can help you save precious time while uncovering insights that may have otherwise gone unnoticed.  

I’d love the opportunity to discuss how this could fit into your strategic plans. Would you be open to a quick chat?  

Take care,  

Jonathan Novotny",professional,,,
415,87,27922,2294,pending,f,f,2025-11-11 14:01:01.13075+00,Unlock Insights from Financial Data with Our AI API!,"Hi there, Lance!

I hope this message finds you well and thriving at Discovery Education. I wanted to reach out and share something that I think could really benefit your team in navigating the vast sea of unstructured financial data, like SEC filings.

Our new AI API specializes in extracting and organizing large amounts of unstructured financial information, making it easier for you to access critical insights without the usual hassle. Imagine being able to effortlessly sift through complex documents to find exactly what you need—saving time and allowing your team to focus on what they do best!

I believe this tool could enhance your curriculum and engagement strategies by providing timely and accurate financial data analysis. It’s all about empowering your decision-making process and enriching the learning experience for students.

If you’re interested, I’d love the opportunity to chat further and explore how we can support Discovery Education's goals.

Looking forward to hearing from you!

Warmly,  

Jonathan Novotny",professional,,,
416,88,8723,1168,pending,f,f,2025-11-11 14:01:02.132629+00,A Paw-sitive Opportunity for Lemonade!,"Hi there, Daniel!

I hope this email finds you well and enjoying a beautiful day! I’m reaching out from Send2 to share a little something that I believe could be just the ticket for Lemonade.

As you know, we’re all about creating delightful experiences for our furry friends and their human companions. That’s where our doghouse comes into play! Designed with both functionality and style, it provides a cozy retreat for our beloved pups, helping pet owners feel at ease knowing their pets are safe and comfortable.

Now, imagine how this charming addition could resonate with your target customers—those wonderful folks who cherish their pets just as much as they do their homes. By incorporating the doghouse into your offerings, you can enhance your pet insurance products, making them even more appealing to your clients. It’s a wonderful way to showcase Lemonade's commitment to both pets and their owners!

I’d love to chat more about how we can work together to create a delightful experience for your customers. Let me know if you’d be interested in a conversation—I’m all ears!

Warmly,

Demo User",professional,,,
417,88,3638,804,pending,f,f,2025-11-11 14:01:02.132629+00,A Little Something to Leap Into Better Learning!,"Hi there, Kathryn!

I hope this email finds you well and enjoying a lovely day at Assessment Technology, INC.! 

I wanted to take a moment to introduce you to Doghouse, a delightful tool that can truly hop right into your business's heart. We understand how important it is for educators to measure student learning effectively, and Doghouse is designed to make that process as smooth as a summer breeze. 

With its user-friendly interface and engaging features, Doghouse can help streamline assessments and provide insightful analytics that enhance learning outcomes. We believe it could be a game-changer for your team and the educators you serve, allowing them to focus more on nurturing young minds rather than getting bogged down by the nitty-gritty of assessment management.

I would love to chat more about how Doghouse can support your goals at Assessment Technology. If you’re interested, please let me know a time that works for you, and I’ll be happy to set up a call!

Warmly,

Demo User",professional,,,
418,88,9623,1350,pending,f,f,2025-11-11 14:01:02.132629+00,A Pawsitively Great Idea for ABHI!,"Hi there, Ali!

I hope this email finds you in great spirits! I wanted to take a moment and introduce you to something that could be just the right fit for ABHI. 

Have you ever thought about how a doghouse can help bring a little joy and warmth to your team? Now, I know what you're thinking—how does a doghouse fit into the world of finance and digital banking? Well, let me tell you, it’s all about creating a welcoming environment that reflects your company’s values and fosters camaraderie among your team members.

Imagine a cozy spot where your employees can unwind, share a few laughs, and bond over their love for our furry friends. Providing such a space can lead to happier, more engaged employees, which in turn can boost productivity and creativity—something every business can benefit from!

I truly believe that integrating this delightful touch into your work culture can resonate with your team and enhance the overall atmosphere at ABHI. 

If you’d like to chat more about how we can make this happen for your wonderful team, I’d be more than happy to set up a time that works for you. Just let me know!

Looking forward to hearing from you soon!

Warmly,  

Demo User",professional,,,
419,88,8724,1168,pending,f,f,2025-11-11 14:01:02.132629+00,A Ribbit-ing Idea for Lemonade!,"Hello Shai!  

I hope this email finds you well and hopping along in great spirits!  

I wanted to take a moment to introduce you to a delightful innovation that could enhance the wonderful services Lemonade already offers. Picture this: a doghouse tailored to meet the needs of our froggy friends. Now, I know what you might be thinking, but hear me out!  

With Lemonade’s AI-driven platform, we can streamline the insurance experience for pet owners, particularly those who cherish their froggy companions. By incorporating a unique pet insurance package for amphibian pets, we can capture a niche market that’s both charming and underserved. Imagine the joy of providing peace of mind for pet owners who want to protect their frogs, all while keeping the process as simple and paperless as your current offerings.  

I truly believe that this could set Lemonade apart even more and bring a smile to many faces—frogs and their humans alike! I would love to discuss this idea further and see how we can hop to it together!  

Warmly,  

Demo User",professional,,,
420,88,9647,1352,pending,f,f,2025-11-11 14:01:02.132629+00,Exciting Opportunities with Doghouse!,"Hi there, Colin!

I hope this email finds you in great spirits! I wanted to take a moment to introduce you to an innovative solution we’ve been working on called Doghouse. I believe it could bring some delightful benefits to GeoWealth and the wonderful work you’re doing in the financial technology space.

Doghouse is designed to streamline processes and enhance communication, which can be especially helpful for your investment advisors and RIAs. By providing a user-friendly platform that integrates seamlessly with existing systems, we can help your team scale operations efficiently and focus on what they do best—serving their clients!

I truly believe that Doghouse can be a valuable asset to your turnkey asset management platform, making it even easier for your clients to navigate their financial journeys. 

If you have a moment, I’d love to chat more about how we can partner together to make this happen. 

Warmly,  

Demo User",professional,,,
421,89,28002,2308,pending,f,f,2025-11-12 14:01:04.923748+00,Transforming Data into Opportunities for Learning Undefeated,"Hi there, Alejandro!

I hope this email finds you in great spirits! I wanted to reach out to share something that I truly believe can make a significant impact at Learning Undefeated. 

We’ve recently introduced an AI API that specializes in extracting valuable insights from large amounts of unstructured financial data, such as SEC filings. With your mission of delivering STEM education to underserved students, I can see how this technology could help streamline your reporting processes and provide clearer financial insights to better allocate resources.

Imagine being able to sift through mountains of information in a fraction of the time, allowing your team to focus more on what matters most—empowering our youth with the tools they need for STEM careers. I’d love to chat more about how our solution could support your goals and enhance your initiatives.

Please let me know if you’d be open to a conversation. I’m genuinely excited about the potential for collaboration!

Warmly,  

Jonathan Novotny",professional,,,
422,89,28016,2313,pending,f,f,2025-11-12 14:01:04.923748+00,Unlock the Power of AI for Your Financial Data!,"Hi there, Patsy!

I hope this email finds you well and soaking up some sunshine. I’m reaching out to share something that I believe could be a real game-changer for ChalkTalk Solutions Inc. 

We’ve recently developed an AI API specifically designed for extracting valuable insights from large volumes of unstructured financial data, like SEC filings. I know how challenging it can be to sift through all that information, and our tool can streamline the process, saving you and your team precious time and resources. 

Imagine being able to access key financial data faster and more accurately, allowing your company to make informed decisions with ease. With our solution, you can focus more on strategy and less on data wrangling, enhancing your productivity and effectiveness in the ever-evolving financial landscape.

I would love the opportunity to explore how this could benefit ChalkTalk Solutions. If this piques your interest, let’s set up a time to chat!

Looking forward to hearing from you soon!

Warmly,

Jonathan Novotny",professional,,,
423,89,28022,2314,pending,f,f,2025-11-12 14:01:04.923748+00,Exciting Opportunity for Amplify!,"Hi there, Rita!

I hope this message finds you well and thriving! I wanted to take a moment to share something that I believe could be a game-changer for Amplify in the ever-evolving world of finance.

We’ve developed an innovative AI API designed specifically for extracting valuable insights from large volumes of unstructured financial data, such as SEC filings. I know how crucial it is for your team to stay ahead in a competitive landscape, and this technology can streamline your data processing like never before.

Imagine being able to quickly and accurately analyze vast amounts of information without the manual hassle. Our AI API can help Amplify not only save precious time but also enhance decision-making processes, giving you a sharper edge in the marketplace.

I would love the opportunity to discuss how this could specifically benefit your team at Amplify. Would you be open to a quick chat sometime soon? 

Looking forward to hearing from you!

Warmly,

Jonathan Novotny",professional,,,
424,89,27933,2288,pending,f,f,2025-11-12 14:01:04.923748+00,Exciting AI Solutions for STEM Kids NYC!,"Hi there, Yvonne!

I hope this email finds you well and thriving at STEM Kids NYC! I’ve been following the wonderful work you and your team are doing to inspire young minds in STEM, and I must say, it’s truly heartwarming to see such dedication.

I wanted to take a moment to share an exciting opportunity that could enhance your efforts in delivering top-notch STEM education. Our AI API specializes in extracting valuable insights from large volumes of unstructured financial data, such as SEC filings. This technology can be a game-changer for organizations like yours.

Imagine being able to sift through complex financial documents with ease, extracting the information you need to better understand funding opportunities, grants, and partnerships that could support your mission. With this tool, you could streamline your data analysis, allowing you to focus more time on what you do best – nurturing the next generation of STEM leaders!

If this piques your interest, I would love to chat further and explore how we can support STEM Kids NYC in reaching its goals. 

Looking forward to hearing from you!

Warmly,  

Jonathan Novotny",professional,,,
484,101,8880,1195,pending,f,f,2025-11-24 14:00:58.684159+00,Exciting Opportunity for Hudson River Trading!,"Hi there, Alex!

I hope this email finds you well and enjoying a beautifully sunny day. I’m reaching out to share something that I believe could add a delightful touch to Hudson River Trading's innovative approach.

At Doghouse, we specialize in creating engaging, effective strategies designed to enhance communication and collaboration, especially tailored for teams that thrive in dynamic environments like yours. Imagine fostering an even more vibrant culture among your talented folks—like a lively frog chorus in the spring!

Our platform can help bring your teams together, streamline workflows, and spark creativity. With Doghouse, your talented frogs can hop from one brilliant idea to the next, all while feeling more connected and aligned. 

I’d love to discuss how we can partner together to elevate Hudson River Trading’s already impressive operations. Please let me know if you’d be open to a chat sometime soon!

Take care,  

Demo User",professional,,,
425,89,27958,2301,pending,f,f,2025-11-12 14:01:04.923748+00,Unlocking Potential with AI Data Extraction,"Hi there, Ricky!  

I hope this message finds you in great spirits! I wanted to take a moment to introduce you to an exciting AI API that specializes in extracting valuable insights from large financial unstructured data, like SEC filings.  

At SchooLinks, I can only imagine how important it is to have accurate and timely information to support students in their academic and professional journeys. This AI-driven tool can help streamline the process of gathering and analyzing financial data, allowing your team to focus more on what truly matters—empowering students with personalized guidance.  

With this technology at your fingertips, you'll be able to enhance your platform’s capabilities and provide even more robust resources for your users. Imagine having the power to quickly access critical financial information and trends that could inform student decisions and career paths!  

I would love to chat more about how this could be a game-changer for SchooLinks. Please let me know if you’d like to set up a time for a conversation.  

Warmly,  

Jonathan Novotny",professional,,,
426,90,9762,1378,pending,f,f,2025-11-12 14:01:08.322091+00,A Unique Opportunity for Anebulo Pharmaceuticals,"Hi there, Simon!

I hope this email finds you well and in good spirits. I wanted to take a moment to introduce you to something that I believe could be a wonderful fit for Anebulo Pharmaceuticals as you continue your important work in developing novel therapies for central nervous system disorders.

Our doghouse solution is tailored to enhance the well-being and productivity of your team. By creating an inviting and comfortable workspace, we can help foster collaboration and creativity. Just like a frog thrives in its natural environment, your talented folks can flourish in a space that promotes their well-being and productivity.

I’d love to chat more about how our doghouse can support the fantastic work you’re doing at Anebulo. After all, when your team is happy and comfortable, great things can happen!

Looking forward to the possibility of connecting!

Warmly,

Demo User",professional,,,
427,90,9631,1357,pending,f,f,2025-11-12 14:01:08.322091+00,A Little Something to Help You Leap Ahead!,"Hi there, Derek!

I hope this email finds you well and enjoying a lovely day!

I wanted to take a moment to introduce you to Doghouse—a delightful solution that can truly help Clearcover leap ahead in the world of digital car insurance. Just like a frog finds its perfect lily pad, your customers will find the user-friendly environment they need to navigate their insurance needs effortlessly.

Doghouse is designed to streamline operations and enhance customer engagement, ensuring that your clients feel supported every step of the way. With our technology, you can provide personalized experiences that resonate with your customers, much like the warmth of Southern hospitality!

I would love the opportunity to chat more about how Doghouse can complement your innovative approach at Clearcover. Let me know if you'd be open to a conversation—I promise it’ll be worth your time!

Take care, and I look forward to hearing from you!

Warmly,  

Demo User",professional,,,
428,90,8797,1180,pending,f,f,2025-11-12 14:01:08.322091+00,A Little Something for Your Business!,"Hi there, Andrew!

I hope this email finds you in wonderful spirits! I wanted to take a moment to introduce you to something that could really hop right into your operations at Inside4 — our delightful Doghouse.

Now, I know what you might be thinking: how can a doghouse possibly help in the world of SEC Form 4 data? Well, let me tell ya, this isn’t just any ol’ doghouse; it’s designed to cater to your unique needs in a way that enhances transparency and efficiency for your clients. 

Just like a frog knows when it’s time to leap, your team can benefit from our innovative solutions that streamline data access and provide your customers with the insights they crave. By incorporating Doghouse, you'll not only improve the way you deliver information but also strengthen your reputation as a leader in financial service transparency.

If you have a moment, I'd love to chat more about how Doghouse can fit into your vision for Inside4. You can reach me anytime!

Looking forward to hearing from you!

Warmly,  

Demo User",professional,,,
429,90,18319,2014,pending,f,f,2025-11-12 14:01:08.322091+00,Exciting Opportunity for Accelerate Learning!,"Hello Philip!

I hope this message finds you in great spirits! As a Board Member at Accelerate Learning, I know you’re always on the lookout for innovative ways to support student achievement in STEM subjects. Well, I’d love to introduce you to something special that might just hop right into your plans!

At Send2, we’ve developed a unique solution called Doghouse, tailored specifically for educational organizations. Imagine a platform that not only streamlines your data-driven instruction but also enhances the engagement of your students. With Doghouse, we’re focused on helping educators like yourself make learning as interactive and enjoyable as possible, ultimately leading to improved outcomes for those bright young minds.

Our platform is designed to cater to varied learning styles, making it a perfect fit for the diverse needs of your students. Plus, our team is dedicated to providing support every step of the way, ensuring a smooth integration with your current systems.

I’d love the chance to chat more about how Doghouse can complement the fantastic work you’re doing at Accelerate Learning. Let me know if you’d be open to a conversation!

Wishing you a wonderful day ahead!

Warmly,

Demo User",professional,,,
430,90,8795,1180,pending,f,f,2025-11-12 14:01:08.322091+00,Discover How Doghouse Can Benefit Inside4!,"Hello Joe!

I hope this message finds you well and enjoying a lovely day!

I wanted to take a moment to introduce you to Doghouse, a delightful solution that could really complement the fantastic work you’re doing at Inside4. Our doghouse is designed to enhance engagement and streamline communication, which could be particularly beneficial for your clients in the financial sector. 

With Doghouse, your team can manage real-time SEC Form 4 data more efficiently, allowing you to focus on what you do best: enhancing transparency for investors. Imagine having a central hub where information flows seamlessly, making it easier for your clients to access the data they need, just like a frog leaping from one lily pad to another!

I’d love to chat more about how Doghouse can add value to your operations at Inside4. Please let me know if you have some time to connect, and we can explore this together.

Take care, and I look forward to hearing from you!

Warmly,  

Demo User",professional,,,
491,103,28186,2351,pending,f,f,2025-11-25 14:01:09.160526+00,Unlocking New Insights with AI for Your Financial Data,"Hi there, Darren!

I hope this message finds you well and thriving at BrainStorm STEM Education. I’m reaching out with something I believe could be a real game-changer for your team.

We’ve developed an AI API that specializes in extracting valuable insights from large unstructured financial data, like SEC filings. This could save your team countless hours, allowing you to focus more on what you do best—engaging students with hands-on STEM experiences.

Imagine having the ability to quickly analyze and derive actionable insights from financial documents, making informed decisions faster than ever before. It could enhance your strategic planning and help you stay ahead in this competitive landscape.

I would love the opportunity to chat about how this technology can be tailored to fit your needs at BrainStorm. 

Looking forward to connecting soon!

Warmly,  

Jonathan Novotny",professional,,,
431,91,28046,2316,pending,f,f,2025-11-13 14:01:00.211065+00,Unlock Insights with AI for Your Financial Data,"Hi there, Nancy!

I hope this email finds you well and thriving at Snapology! It’s a pleasure to reach out to someone who is making such a positive impact on children’s learning through interactive play.

I wanted to share some exciting news about an AI API we've developed specifically for extracting valuable insights from large unstructured financial data, like SEC filings. I believe this could be a game-changer for your team at Snapology, especially as you continue to foster creativity and innovation in your educational programs.

With our AI technology, you can streamline the process of analyzing complex financial documents, allowing you to focus more on what truly matters—empowering young minds with STEAM education. This tool could help you make informed decisions, identify trends, and ultimately support your mission to enrich children’s lives through hands-on learning experiences.

I would love to discuss how this AI API can align with your goals and enhance your operations at Snapology. Let’s find a time to chat!

Warmly,

Jonathan Novotny",professional,,,
432,91,28062,2319,pending,f,f,2025-11-13 14:01:00.211065+00,Unlocking Insights from Financial Data,"Hi there, Amy!  

I hope this message finds you well and enjoying a lovely day!  

I wanted to take a moment to share something I believe could be a real game-changer for the NYU Tandon School of Engineering - Center for K12 STEM Education. As we know, grappling with unstructured data like SEC filings can be quite the challenge. That's where our AI API comes into play!  

By streamlining the extraction of large financial datasets, our technology can help your team sift through mountains of information effortlessly. Imagine the potential insights that could support your innovative programs and outreach efforts in STEM education!  

I truly believe that harnessing this kind of data could not only enhance your research but also empower your initiatives to inspire the next generation of engineers and scientists. If you have a moment, I’d love to discuss how we can tailor this solution to fit the needs of your team.  

Looking forward to the possibility of connecting!  

Warmly,  

Jonathan Novotny",professional,,,
433,91,28054,2317,pending,f,f,2025-11-13 14:01:00.211065+00,Exciting News for STEM Kids NYC!,"Hi there, Yvonne!

I hope this email finds you well and full of inspiration at STEM Kids NYC! I’ve been thinking about the wonderful work your team does in nurturing young minds in science, technology, engineering, and math.

I wanted to introduce you to an incredible AI API that specializes in extracting large volumes of unstructured financial data, like SEC filings. This tool can streamline information gathering and analysis, making it easier for your team to focus on what truly matters—engaging your students and enhancing their learning experience.

Imagine having powerful insights at your fingertips, allowing you to quickly access important financial information that could help in grant applications or funding opportunities. By reducing time spent on manual data extraction, you could invest more energy into creating the enriching programs that make STEM Kids NYC so special.

If this sounds like something you’d be interested in exploring further, I’d be delighted to chat with you about how we can support your mission!

Looking forward to hearing from you!

Warmly,

Jonathan Novotny",professional,,,
434,91,27953,2300,pending,f,f,2025-11-13 14:01:00.211065+00,Transforming Data into Insights for Interplay Learning,"Hi there, Doug!

I hope this email finds you in great spirits! I’m reaching out to share something that could be a game-changer for Interplay Learning, especially as you continue to lead the charge in skilled trades education.

We’ve developed an AI API that specializes in extracting valuable insights from large volumes of unstructured financial data, like SEC filings. I believe this tool can help your team streamline the process of gathering and analyzing critical information, ensuring that you stay ahead of the curve in your industry.

Imagine having the ability to quickly sift through mountains of data to find the information that truly matters, enhancing your decision-making process and allowing you to focus on what you do best—providing top-notch training solutions. This could save you time, reduce costs, and ultimately, improve the learning experience for your students.

I’d love to chat about how our AI API could fit into your operations and help you achieve your goals. Let me know if you’d be open to a conversation!

Take care, 

Jonathan Novotny",professional,,,
435,91,27964,2297,pending,f,f,2025-11-13 14:01:00.211065+00,Unlocking Insights with AI for Mindjoy!,"Hi there, Ethan!

I hope this message finds you well and enjoying a sunny day!

I’m reaching out to share something I believe could be a game-changer for Mindjoy. Our cutting-edge AI API specializes in extracting valuable insights from large volumes of unstructured financial data—like SEC filings. 

Imagine the possibilities this could open up for your team! By harnessing this technology, you could streamline your data analysis processes, allowing you to focus more on what truly matters: enhancing personalized learning experiences for K-12 students. With quick access to important financial metrics and trends, you’d be better equipped to make informed decisions that drive student engagement and achievement.

I’d love to chat about how this could fit into your current initiatives at Mindjoy. Please let me know if you’d like to schedule a time to discuss this further!

Take care, and I look forward to hearing from you soon!

Warmly,

Jonathan Novotny",professional,,,
436,92,28056,2322,pending,f,f,2025-11-14 14:00:49.190208+00,Unlocking Potential with AI for Financial Data,"Hi there, Clayton!

I hope this email finds you in great spirits! I wanted to take a moment to reach out and share something that I believe could be a game-changer for COSMOS Testbed and your endeavors at Silicon Harlem.

We’ve recently developed an AI API specifically designed for extracting valuable insights from large sets of unstructured financial data, such as SEC filings. This technology can help streamline your data processing, making it easier to access and analyze critical information that can drive informed decisions.

Imagine the time and resources you could save by automating data extraction from those lengthy filings. Our solution not only enhances efficiency but also allows your team to focus on what they do best—innovating and leading in the tech space!

I’d love the opportunity to chat more about how this could benefit your work at COSMOS and explore ways we can collaborate. 

Looking forward to hearing from you!

Warmly,  

Jonathan Novotny",professional,,,
492,103,28167,2350,pending,f,f,2025-11-25 14:01:09.160526+00,Unlocking Insights from Financial Data with AI,"Hi there, Ron!  

I hope this message finds you well and enjoying a lovely day!  

I’m reaching out to share a little something that could be a game changer for K12. Our AI API specializes in extracting unstructured financial data, such as SEC filings, and transforming it into structured insights that can help steer your strategic decisions.  

Imagine the power of having instant access to critical financial information without the tedious manual analysis. With our technology, you can streamline your operations, enabling your team to focus more on what truly matters—providing exceptional educational experiences for your students.  

I genuinely believe that integrating this solution could enhance your data-driven strategies and support K12's mission of personalized learning. I’d love the chance to discuss how we can tailor this to fit your needs!  

Warmly,  

Jonathan Novotny",professional,,,
437,92,28072,2320,pending,f,f,2025-11-14 14:00:49.190208+00,Unlocking Opportunities with AI for ExpandED Schools,"Hi there, Saskia!  

I hope this message finds you well and thriving. I’ve been following the incredible work you and your team are doing at ExpandED Schools, and I must say, it’s truly inspiring how you’re expanding learning opportunities for our future leaders.  

I wanted to share something that could further enhance your mission. We recently introduced an AI API designed specifically for extracting unstructured data from financial documents, like SEC filings. This tool can help streamline your data analysis processes, allowing your team to focus more on what truly matters—enriching the educational experiences of students.  

Imagine having all that crucial data at your fingertips in a matter of moments, freeing up valuable time and resources. With our AI API, you’ll be able to make informed decisions faster, ensuring that your initiatives continue to flourish.  

I would love to chat more about how this could be a fit for ExpandED Schools. Please let me know if you have a moment to connect!  

Warmly,  

Jonathan Novotny",professional,,,
438,92,28083,2326,pending,f,f,2025-11-14 14:00:49.190208+00,Unlock New Insights with Our AI API!,"Hi there, Lisa!

I hope this message finds you well and thriving at Snapology! It’s always a joy to see companies like yours making such a wonderful impact in the world of STEM education. 

I’m reaching out to introduce an exciting opportunity that could enhance your operations and decision-making processes. Our AI API specializes in extracting valuable insights from large amounts of unstructured financial data, such as SEC filings. Imagine the time and effort you could save while gaining access to crucial information that can help guide your strategies and initiatives.

With this technology, Snapology can streamline data extraction, allowing your team to focus more on fostering creativity and critical thinking among young learners. The insights gained can aid in financial planning and performance analysis, ensuring you’re always one step ahead as you continue to inspire the next generation of innovators.

I would be delighted to discuss how our AI API can specifically benefit Snapology. Please let me know a convenient time for you to chat, or if there's any further information I can provide!

Looking forward to the possibility of working together.

Warmly,  

Jonathan Novotny",professional,,,
439,92,27960,2301,pending,f,f,2025-11-14 14:00:49.190208+00,Unlocking the Power of AI for SchooLinks,"Hi there, David!  

I hope this email finds you well and thriving at SchooLinks! I wanted to take a moment to share something that I believe could be a game-changer for your team and the valuable work you're doing in college and career readiness.  

We’ve recently developed an AI API designed specifically for extracting large amounts of unstructured financial data, like SEC filings. I can imagine how beneficial it would be for your team to harness this technology to streamline data analysis and enhance the insights you provide to your students and partners.  

With our AI API, you can automate the extraction process, saving precious time and resources that could be better spent on supporting students in their academic and professional journeys. Imagine having crucial data at your fingertips, allowing for even more personalized guidance and resources—something that aligns beautifully with SchooLinks’ mission!  

I would love to discuss how we can tailor this solution to fit your needs and help propel your initiatives forward. Please let me know if you’d be open to a quick chat or if there’s a time that works best for you.  

Warmly,  

Jonathan Novotny",professional,,,
440,92,28003,2308,pending,f,f,2025-11-14 14:00:49.190208+00,Unlocking Insights with AI for Your Mission,"Hi there, Janee!

I hope this email finds you well and thriving at Learning Undefeated! I’ve been following your remarkable efforts to provide STEM education to underserved students, and I must say, it’s truly inspiring.

I wanted to take a moment to introduce you to an AI API designed for extracting valuable insights from large volumes of unstructured financial data, like SEC filings. In a world where every bit of information counts, this tool can help your organization swiftly analyze and interpret financial documents, allowing you to focus more on your mission and less on the minutiae.

Imagine being able to quickly access important financial trends and insights that could enhance your programs or even support your funding initiatives. With this technology, you can streamline your data processing, driving more informed decision-making while saving precious time and resources.

I’d love to chat more about how this can align with your goals at Learning Undefeated. Let me know if you’d be interested in a brief call! 

Take care, 

Jonathan Novotny",professional,,,
441,94,28045,2316,pending,f,f,2025-11-17 14:01:12.958524+00,Unlocking Insights with AI for Snapology,"Hi there, Laura!  

I hope this message finds you in great spirits! I wanted to take a moment to share something that I believe could truly benefit Snapology and your wonderful mission of enriching young minds through STEAM education.  

We’ve recently introduced an AI API tailored specifically for extracting valuable insights from large unstructured financial data, like SEC filings. This cutting-edge technology could help streamline your operations, allowing you to focus more on what you do best—fostering creativity and teamwork among children.  

By automating the extraction of key financial information, you can make more informed decisions, enhance your strategic planning, and ultimately allocate resources more efficiently. Imagine having the ability to analyze funding opportunities or market trends at the click of a button!  

I’d love the chance to discuss how this technology could align with your goals at Snapology. Let me know if you’d be open to a chat; I’m more than happy to work around your schedule.  

Wishing you a delightful day ahead!  

Warmly,  

Jonathan Novotny",professional,,,
442,93,8805,1182,pending,f,f,2025-11-17 14:01:12.960233+00,Hop on Board with Doghouse!,"Hi there, Amitay!

I hope this email finds you well and in good spirits! I wanted to take a moment to introduce you to something that might just be a delightful fit for Lendbuzz—our innovative Doghouse solution.

Now, I know you folks at Lendbuzz are all about using cutting-edge technology to provide accessible auto loans and financing solutions. Well, Doghouse is designed to leap right into that mission! Our platform can help streamline the customer experience for those with limited credit history, ensuring that your clients feel supported and understood—just like a good friend would.

With features that cater to your target customer profile, Doghouse can enhance your service offerings and make it even easier for your customers to hop into their new rides. We’re all about making life smoother, and I believe Doghouse could be a fantastic asset for your team.

I would love to chat more about how we can work together to bring even more joy to your customers. If you have a moment, let’s set up a time to connect!

Looking forward to hearing from you soon!

Warmly,  

Demo User",professional,,,
444,94,28089,2328,pending,f,f,2025-11-17 14:01:12.958524+00,Exciting New Tool for Your Research Team!,"Hi there, Sharon!

I hope this message finds you well and enjoying a delightful day at Mad Science of Long Island. I just wanted to take a moment to share something that could truly enhance your fantastic work in fostering STEM learning for children.

We’ve recently developed an AI API specifically designed to streamline the extraction of unstructured financial data, such as SEC filings. Imagine being able to sift through mountains of information quickly and efficiently, allowing your team to focus more on what really matters—bringing those engaging science programs to life!

This tool can help your research team by automating the tedious data collection process, giving you more time to analyze and innovate. With the ability to pull key insights from vast amounts of data, you can make informed decisions that will further enrich the science experiences you offer.

If you're interested, I’d love to chat more about how this could be a perfect fit for your needs. 

Looking forward to hearing from you!

Warmly,  

Jonathan Novotny",professional,,,
445,94,28097,2323,pending,f,f,2025-11-17 14:01:12.958524+00,Unlocking New Possibilities with AI for Camp Invention,"Hi there, Hannah!  

I hope this email finds you well and enjoying a lovely day at Camp Invention. I’m reaching out to share something that could be a game-changer for how you handle large amounts of financial data, especially those intricate SEC filings.  

We’ve recently developed an AI API designed specifically for extracting unstructured financial data, and I believe it could be a wonderful fit for Camp Invention. This tool can streamline your data processing, making it quicker and more efficient, so you can focus on what truly matters—sparking creativity and igniting a love for learning in young minds.  

With the ability to parse through complex documents and provide clear, actionable insights, this API could save you time and resources, allowing your team to concentrate on innovative programming and strategic initiatives.  

I’d love the opportunity to discuss how this could benefit your operations and support the incredible work you do at Camp Invention. Please let me know a convenient time for you, or feel free to reply if you have any questions!  

Take care,  

Jonathan Novotny",professional,,,
446,94,27975,2298,pending,f,f,2025-11-17 14:01:12.958524+00,Unlocking Insights from Unstructured Data,"Hi there, John!

I hope this email finds you well and basking in the lovely autumn sunshine. I’m reaching out to share something that I truly believe could be a game-changer for Summit K12.

We’ve recently developed an AI API specifically designed for extracting valuable insights from large volumes of unstructured financial data, like SEC filings. Imagine being able to sift through mountains of information with ease, allowing your team to focus more on what they do best—enhancing the educational experiences of K-12 students.

This innovative tool can help Summit K12 streamline your data processes, uncovering insights that can inform strategic decisions and keep you ahead in our ever-evolving educational landscape. By automating the extraction of key information, you’ll save time and resources, enabling your team to concentrate on creating more personalized and impactful learning solutions.

I’d love to chat more about how this could align with your goals at Summit K12. If you’re available, let’s set up a time to discuss this further. 

Looking forward to hearing from you!

Warmly,  

Jonathan Novotny",professional,,,
447,94,28082,2326,pending,f,f,2025-11-17 14:01:12.958524+00,Unlocking New Possibilities for Snapology,"Hi there, Laura!  

I hope this email finds you well and brightens your day a bit! I wanted to take a moment to introduce you to something that could really enhance the operations at Snapology.  

We’ve developed an AI API designed specifically for extracting valuable insights from large financial unstructured data, such as SEC filings. Imagine being able to sift through those complex documents with the ease of piecing together a LEGO set. This technology can help streamline your data processing, allowing you more time to focus on what you do best—spark creativity and problem-solving in young minds!  

By utilizing our AI API, you can access critical financial information quickly and efficiently. This could support your strategic planning and decision-making, ultimately helping Snapology stay ahead in the education sector. I truly believe that this tool could add a great deal of value to your already fantastic work!  

If you’d like to chat more about how this can be tailored to your needs, I’d love to set up a time that works for you.  

Take care,  

Jonathan Novotny",professional,,,
443,93,9730,1373,pending,f,f,2025-11-17 14:01:12.960233+00,Exciting Opportunity to Enhance Your Business!,"Hi there, Michel!

I hope this email finds you well and enjoying a lovely day at Thermo Fisher Scientific. I wanted to take a moment to introduce you to a delightful concept that could truly benefit your remarkable work in the scientific realm.

At Send2, we’ve developed an innovative solution known as the Doghouse. Now, you might be wondering how a doghouse fits into your world of scientific instrumentation and laboratory technologies. Well, let me tell you, it’s not just a cozy spot for our furry friends! The Doghouse can streamline operations, enhance productivity, and even improve employee satisfaction by creating a fun and engaging work environment.

Imagine a space where your team can take a breather, recharge, and come back to their tasks with renewed energy and creativity. It’s all about fostering a positive atmosphere that encourages collaboration and innovation, which is right in line with Thermo Fisher’s commitment to excellence!

I would love to chat more about how the Doghouse can complement your incredible mission and support your team’s efforts. 

Thank you for considering this opportunity, Michel. I’m looking forward to the chance to connect!

Warmly,

Demo User",professional,,,
448,93,9866,1399,pending,f,f,2025-11-17 14:01:12.960233+00,A Unique Opportunity for Synchron!,"Hi there, Thomas!

I hope this email finds you well and thriving at Synchron! I wanted to take a moment to introduce you to Doghouse, a delightful solution that I believe could truly benefit your innovative work in neural interface technologies.

Doghouse is designed to create a seamless connection between your cutting-edge technology and your target audience. Our platform provides a user-friendly experience that can enhance communication and engagement, especially for those navigating the complexities of brain-computer interactions. 

By utilizing Doghouse, you can effectively reach your target customers and foster meaningful relationships, ultimately helping to elevate the incredible advancements you’re making at Synchron. We understand that the journey of developing such transformative technology can be challenging, and we're here to lend a helping hand!

I’d love to chat more about how Doghouse can complement your goals and support your mission. Please let me know if you’d be open to a quick conversation!

Warmly,  

Demo User",professional,,,
449,93,8796,1180,pending,f,f,2025-11-17 14:01:12.960233+00,Discover How Doghouse Can Leap Your Business Forward!,"Hi there, Bonnie!

I hope this email finds you in great spirits! I wanted to take a moment to introduce you to something that could really make a splash for Inside4. 

We've developed an innovative solution called Doghouse that aligns perfectly with your mission of enhancing transparency for investors through real-time SEC Form 4 data. Think of Doghouse as a friendly companion that helps your clients—financial service companies—navigate and interpret critical information more easily. 

With Doghouse, your customers can leap ahead of the competition by gaining deeper insights and making more informed decisions. It’s all about empowering them to understand the data that matters most, just like a frog hopping effortlessly from lily pad to lily pad!

I’d love to chat about how Doghouse can support your objectives and create even more value for your clients. Let me know if you’d be open to a conversation!

Warmly,

Demo User",professional,,,
450,93,15535,1735,pending,f,f,2025-11-17 14:01:12.960233+00,Hop on Board with Our Doghouse!,"Hi there, Pedro!

I hope this message finds you well and hopping into a wonderful day! I’m reaching out from Send2 to share something that might just be a perfect fit for Teachy and your unique vision.

We’ve recently launched a delightful product called the Doghouse, designed specifically to cater to our amphibious friends—frogs! This isn’t just any ol' doghouse; it’s a cozy haven that can help enhance the well-being of frog populations while providing a charming attraction for your business.

Imagine how a dedicated space for our froggy pals could resonate with your customers. It not only promotes a playful environment but also raises awareness about the importance of frogs in our ecosystem. 

I truly believe that the Doghouse can add a sprinkle of joy and education to Teachy's offerings, while also drawing in folks who are eager to support our little green friends!

If you’re interested, I’d love to chat more about how this could work for you. 

Warmly,  

Demo User",professional,,,
451,95,8846,1186,pending,f,f,2025-11-18 14:13:48.315238+00,Let’s Leap into New Opportunities Together!,"Hi there, Matthew!

I hope this message finds you in great spirits! I wanted to take a moment to share something special that could add some real value to your work at Conduit Financial.

Have you ever considered how a doghouse could be the perfect fit for your target customers—those froggy folks hopping into the world of crypto? Our doghouse offers a unique platform designed for seamless integration with your finance enablement services. Just like a sturdy little house provides comfort for its furry residents, our solution helps users feel secure while navigating their crypto-backed earnings.

With our doghouse, your customers can easily manage their transactions, access tools for tracking their investments, and enjoy a user-friendly experience that complements the innovative products Conduit Financial is already known for. It’s all about making their journey smoother and more enjoyable!

I’d love to chat more about how we can work together to make this happen. Please let me know if you’d be open to a conversation—I’m all ears!

Take care, 

Demo User",professional,,,
452,95,8831,1188,pending,f,f,2025-11-18 14:13:48.315238+00,A Unique Opportunity for Forward Financing,"Hi there, Justin!

I hope this message finds you in high spirits and enjoying a wonderful day at Forward Financing. 

I wanted to take a moment to introduce you to an innovative solution that could really hop into your business's growth strategy—Doghouse! This delightful tool is tailor-made to enhance your customer experience and streamline your operations, all while keeping that charming Southern flair we both appreciate. 

With Doghouse, you can expect to see an uptick in engagement from your target audience. It’s designed to resonate with folks who appreciate the value of a good financial partner, just like the small businesses you serve. By utilizing this platform, you can offer tailored solutions that truly meet the needs of your customers—those hardworking frogs, if you will—while setting yourself apart in the bustling financial landscape.

I’d love to chat more about how Doghouse can bring a little extra sunshine to Forward Financing. Please let me know if you’re available for a quick chat or if you’d prefer to exchange ideas over email. 

Looking forward to connecting!

Warmly,  

Demo User",professional,,,
454,95,8845,1186,pending,f,f,2025-11-18 14:13:48.315238+00,Discover How Doghouse Can Boost Conduit Financial!,"Hi there, Kirill!

I hope this message finds you well and enjoying a beautiful day! I wanted to take a moment to introduce you to Doghouse, a solution that I truly believe could be a game-changer for Conduit Financial.

At Doghouse, we specialize in creating tailored strategies for businesses like yours that cater specifically to the unique needs of your target customers—in this case, our beloved frogs. Our approach is all about understanding their preferences and behaviors, which can help you enhance your offerings and increase customer satisfaction.

With Doghouse, you can expect to see improvements in customer engagement and retention, enabling you to effectively launch crypto-backed earnings that resonate with your audience. We’re here to help you build those crypto-based products quickly and effectively!

I’d love the opportunity to chat and explore how we can work together to elevate your business. Let me know when you might have a moment to connect!

Warmly,  

Demo User",professional,,,
455,95,8836,1187,pending,f,f,2025-11-18 14:13:48.315238+00,A Little Something for Flywire's Journey,"Hi there, Colin!

I hope this email finds you in good spirits and enjoying a fine day at Flywire! I wanted to take a moment to introduce you to something I truly believe could be a delightful addition to your offerings—a doghouse designed with our frog friends in mind. 

Now, you might be wondering how a doghouse can help revolutionize payments for a company as esteemed as Flywire. Well, picture this: a charming little space that not only provides comfort for our frog customers but also serves as a unique marketing tool that resonates with your target audience. When your clients see that you care about their needs—even the whimsical ones—they're likely to feel more connected to your brand.

By incorporating this delightful concept into your client engagements, you can create memorable experiences that stand out in the global travel vertical. It's all about fostering relationships and showing that Flywire is not just a payments platform, but a partner that understands their world.

I would love to chat more about how we can make this happen and explore how we can work together to bring joy to your clients.

Take care,

Demo User",professional,,,
456,96,28063,2319,pending,f,f,2025-11-18 14:13:49.715352+00,Exciting Opportunity for K12 STEM Education,"Hi there, Ranjan!  

I hope this email finds you well and enjoying a beautiful day! I wanted to reach out to share something I believe could be a wonderful asset for the Center for K12 STEM Education at NYU Tandon.  

We’ve recently developed an AI API designed specifically for extracting large unstructured financial data, such as SEC filings. This powerful tool can help streamline your research efforts by efficiently sifting through mountains of data and delivering meaningful insights that can enhance your programs and outreach initiatives.  

Imagine the time saved and the potential discoveries waiting to be unearthed, all while allowing your team to focus on what truly matters—shaping the next generation of innovators in STEM!  

I’d be delighted to discuss this further and explore how we can collaborate to support your incredible work.  

Warmly,  

Jonathan Novotny",professional,,,
457,96,28130,2337,pending,f,f,2025-11-18 14:13:49.715352+00,Unlocking Potential with AI for STEM Education,"Hi there, Calvin!

I hope this message finds you well and thriving in all the wonderful work you’re doing at STEM Global Action. It's heartwarming to see your commitment to expanding STEM education opportunities for those who need it most. 

I wanted to share something that I believe could be a game changer for your organization. We’ve recently introduced an AI API designed specifically for extracting unstructured data from large financial documents, such as SEC filings. This tool can help streamline your research and analysis, allowing you to focus on what truly matters—empowering young minds in your programs.

Imagine having the ability to quickly access and analyze essential financial information that could support your funding efforts or enhance your strategic planning. With this AI technology, you could save precious time and resources, enabling you to dedicate more energy to inspiring and mentoring the next generation of STEM leaders.

If you’re interested, I’d love to discuss how this AI API can align with your mission and support your ongoing efforts. 

Looking forward to hearing from you!

Warmly,  

Jonathan Novotny",professional,,,
458,96,28132,2341,pending,f,f,2025-11-18 14:13:49.715352+00,Unlock Insights with Our AI API for Financial Data,"Hi there, Catherine!  

I hope this message finds you well and thriving at Amplify. It's always a pleasure to see companies dedicated to enhancing education and improving learning outcomes for our K-12 students.

I wanted to take a moment to share some exciting news about our AI API that specializes in extracting valuable insights from large financial unstructured data, like SEC filings. I believe this could be a game changer for your team at Amplify.  

Imagine being able to seamlessly analyze financial data and trends without the usual headaches that come with sifting through piles of documents. Our solution can help you streamline your research processes, allowing your educators and decision-makers to focus on what they do best—creating impactful learning tools!  

I would love to chat with you more about how this could specifically benefit Amplify. If you have a moment, let’s set up a time to discuss further.  

Looking forward to hearing from you!  

Warmly,  

Jonathan Novotny",professional,,,
459,96,28014,2313,pending,f,f,2025-11-18 14:13:49.715352+00,Exciting AI API for Financial Data Extraction!,"Hi there, Mohannad!

I hope this email finds you in great spirits! I’m Jonathan Novotny, and I’m reaching out to share something that could be a real game-changer for ChalkTalk Solutions Inc. 

We’ve recently developed an AI API designed specifically for extracting large volumes of unstructured financial data, like SEC filings. I reckon this could help your team streamline data processing, making it easier to generate insights and support your educational initiatives in the EdTech space.

Imagine having the ability to quickly access and analyze crucial financial information with just a few clicks. Not only would this save valuable time, but it could also enhance your decision-making process and drive innovative solutions for your clients. 

I’d love to chat more about how this could fit into your existing framework and bring added value to your operations. Let me know if you’d be available for a quick call or if you prefer to exchange thoughts over email. 

Looking forward to hearing from you!

Warmly,  

Jonathan Novotny",professional,,,
653,136,33447,3651,pending,f,f,2025-12-17 14:01:51.450106+00,A Sweet Solution for Modeso!,"Hi there, Jonas!  

I hope this email finds you in great spirits!  

I wanted to take a moment to introduce you to a delightful tool called `asd that I believe could be a wonderful fit for Modeso. `asd is designed to streamline operations and enhance efficiency, making it easier for businesses like yours to thrive in today’s fast-paced environment.  

With its user-friendly interface and tailored features, `asd can help optimize your processes, ultimately saving you time and resources. I truly believe it can elevate your team’s productivity and contribute to the continued success of Modeso.  

If you’re interested, I would love to set up a time to chat and discuss how `asd can specifically cater to your needs.  

Looking forward to hearing from you!  

Warmly,  

User",professional,,,
460,96,28133,2340,pending,f,f,2025-11-18 14:13:49.715352+00,Unlocking Insights with AI for Your Financial Data,"Hi there, Diana!

I hope this email finds you in great spirits. I wanted to take a moment to share a little something that might just spark your interest and help enhance Sphero's wonderful approach to education and technology. 

We're excited to introduce an AI API designed specifically for extracting insights from large volumes of unstructured financial data, like SEC filings. With this tool in your toolkit, you could streamline your data analysis processes, saving precious time and resources. Imagine being able to quickly sift through mountains of information to find the nuggets that matter most for your decision-making!

This powerful tool can help your team focus more on strategic initiatives rather than getting bogged down with data processing. By harnessing the power of AI, you can uncover trends and insights that can drive your business forward and continue to inspire future generations of learners.

I’d love the opportunity to chat more about how this could fit into your vision at Sphero. If you’re interested, please let me know a convenient time for you, and I’ll make it work!

Take care, and I look forward to connecting!

Warmly,  

Jonathan Novotny",professional,,,
461,97,9809,1383,pending,f,f,2025-11-19 14:01:03.639611+00,A Little Something for Your Team at Pfizer,"Hello Chris!

I hope this email finds you enjoying a lovely day. I wanted to take a moment to introduce you to Doghouse, a delightful tool that I truly believe could be a game-changer for your team at Pfizer. 

Doghouse is designed to enhance collaboration and streamline communication, making it easier than ever for your researchers and developers to connect and share insights. With your esteemed position in the pharmaceutical industry, I know how vital it is for your team to have a seamless workflow, especially when it comes to developing life-saving products.

By implementing Doghouse, I believe you can foster a more dynamic environment for innovation—helping your talented team of frogs leap higher than ever before! 

I would love to chat more about how Doghouse can fit into your current processes and contribute to the incredible work you're doing. 

Thank you for considering this, Chris. I’m looking forward to the possibility of working together!

Warmly,

Demo User",professional,,,
462,97,8866,1194,pending,f,f,2025-11-19 14:01:03.639611+00,A Hop in the Right Direction for Imprint Payments!,"Hi there, Gaurav!  

I hope this email finds you well and enjoying a beautiful day! I’m reaching out to share an exciting opportunity that could really make a splash for Imprint Payments.  

At Doghouse, we specialize in creating delightful experiences for our customers, and we believe our innovative approach can help enhance your already impressive payments and loyalty platform. With a primary focus on serving modern brands, we aim to provide solutions that resonate deeply with your target audience—like those savvy, frog-loving customers who appreciate the little things that make life sweeter.  

Imagine offering your customers a unique, engaging platform that not only streamlines their payment processes but also rewards their loyalty in a way that feels personal and delightful. Our solutions are designed to resonate with the heart of your brand and connect with your audience in meaningful ways.  

I would love the opportunity to discuss how Doghouse can support Imprint Payments in hopping to the next level of customer engagement. Would you be available for a quick chat later this week?  

Looking forward to hearing from you!  

Warmly,  

Demo User",professional,,,
463,97,8897,1197,pending,f,f,2025-11-19 14:01:03.639611+00,A Little Something Special for Sydecar!,"Hi there, Nik!

I hope this email finds you well and thriving at Sydecar! I've been following your incredible work in automating venture capital operations, and I must say, it's as impressive as a sweet tea on a hot summer day!

I wanted to take a moment to introduce you to Doghouse, a delightful solution designed specifically for businesses like yours. Our platform provides a seamless way to manage communications and relationships with your target customers—frogs, in this case! With Doghouse, you can enhance engagement and streamline interactions, ensuring your clients feel valued and heard.

Imagine how having a dedicated space for your frog clientele could transform your operations, making it easier for you to connect and build long-lasting relationships. It’s all about creating a warm environment that fosters trust and loyalty, just like the Southern hospitality we're known for!

I'd love the opportunity to discuss how Doghouse can benefit Sydecar and help you continue your fantastic journey. Please let me know a time that works for you, and I’ll make sure to be available!

Looking forward to hearing from you!

Warmly,  

Demo User",professional,,,
464,97,9776,1381,pending,f,f,2025-11-19 14:01:03.639611+00,A Fresh Approach to Elevate AstraZeneca's Innovations,"Hi there, Pascal!  

I hope this email finds you well and enjoying a lovely day!  

I wanted to take a moment to introduce you to Doghouse, a delightful platform designed with your unique needs in mind. Our mission is to provide innovative solutions that can truly amplify your efforts in developing groundbreaking medicines at AstraZeneca.  

With your focus on oncology, cardiovascular, renal, and respiratory diseases, we believe Doghouse can help streamline your processes and enhance collaboration among your teams. By fostering communication and promoting efficiency, we aim to support the incredible work you’re already doing in bringing life-changing therapies to patients.  

I would love the opportunity to chat further about how Doghouse can be a valuable asset for your organization. Please let me know if you’d be open to a conversation!  

Warmly,  

Demo User",professional,,,
465,97,8874,1192,pending,f,f,2025-11-19 14:01:03.639611+00,Hop on Over to a Better Solution!,"Hi there, Omri!

I hope this email finds you in good spirits and enjoying a lovely day! I wanted to take a moment to introduce you to an exciting opportunity that could bring a little more ease to your financial operations at Routable.

At Send2, we’ve developed a solution called Doghouse, designed specifically for businesses like yours. Just like a frog leaping effortlessly from lily pad to lily pad, Doghouse helps streamline your accounts payable and receivable processes, making them as smooth as a summer breeze.

By automating those time-consuming tasks, your team can focus on what truly matters—growing your business and nurturing those invaluable client relationships. Our solution is tailored to meet the unique needs of companies like Routable, ensuring that you can leap over any financial hurdles with confidence.

I’d love to chat more about how Doghouse can support your goals and help you hop into a brighter, more efficient future. Please let me know if you’d be available for a quick call this week!

Wishing you all the best as you continue to innovate and inspire.

Warmly,  

Demo User",professional,,,
466,98,28088,2328,pending,f,f,2025-11-19 14:02:04.040021+00,Exciting AI Solutions for Your Data Needs!,"Hi there, Marco!

I hope this email finds you well and enjoying a lovely day at Mad Science of Long Island! I’ve been thinking about the wonderful work you do to inspire young minds in the world of science and how we might be able to assist you in your mission.

I wanted to introduce you to our AI API designed specifically for extracting unstructured financial data, such as SEC filings. This tool can streamline your data processes, helping you quickly access and analyze crucial information that can support your strategic decisions.

Imagine being able to effortlessly gather and interpret large volumes of financial data, allowing you to focus more on what truly matters—creating those engaging and educational experiences for your young scientists. Our solution can help save time and resources, giving you the freedom to innovate and inspire even more.

If you’d like, I’d be delighted to chat more about how we can tailor this solution to fit your needs. 

Warmly,

Jonathan Novotny",professional,,,
467,98,28146,2343,pending,f,f,2025-11-19 14:02:04.040021+00,Exciting New AI API for Streamlining Financial Insights!,"Hi there, Ariel!

I hope this message finds you well and thriving at LA Makerspace. I’ve been following the wonderful work you’re doing to foster creativity and innovation in the community, and I must say, it’s truly inspiring!

I wanted to take a moment to introduce you to a cutting-edge AI API designed specifically for extracting valuable insights from large sets of unstructured financial data, such as SEC filings. This technology could be a game-changer for your team, making it easier to access critical information and analysis that can inform your decision-making processes.

Imagine the time and effort you could save by automating the extraction of key data points, allowing your talented team to focus more on creativity and innovation rather than sifting through mountains of paperwork. With this AI API, you’ll not only streamline your operations but also empower your community of makers with the insights they need to bring their projects to fruition.

I’d love to chat more about how this can benefit LA Makerspace and support your mission. Please let me know if you’re available for a quick call or meeting. 

Looking forward to hearing from you soon!

Warmly,

Jonathan Novotny",professional,,,
468,98,28142,2338,pending,f,f,2025-11-19 14:02:04.040021+00,Unlocking Insights Through AI for Integem,"Hi there, Eliza!

I hope this email finds you well and thriving at Integem! I’ve been following your incredible work in making STEM education engaging and interactive for students, and I must say, it’s truly inspiring.

I wanted to reach out to share a little something that could enhance your operations when it comes to handling large volumes of unstructured financial data, like SEC filings. Our AI API specializes in extracting and processing this kind of information efficiently, allowing you to focus on what you do best—creating those delightful learning experiences for your students.

With the ability to sift through complex documents quickly, our tool can help streamline your data analysis process, giving you deeper insights without the usual headaches. Imagine being able to curate relevant financial information effortlessly, thus enhancing your educational offerings and keeping your team focused on innovation!

I’d love to chat further about how this could be a fit for Integem. If you have some time next week, please let me know what works for you!

Looking forward to connecting!

Warmly,  

Jonathan Novotny",professional,,,
469,98,28043,2310,pending,f,f,2025-11-19 14:02:04.040021+00,Exciting AI Solutions for STEM Kids NYC!,"Hi there, Yvonne!

I hope this message finds you well and thriving at STEM Kids NYC. I wanted to take a moment to share something that I believe could be a game-changer for your organization.

We’ve recently developed an AI API designed specifically for extracting valuable insights from large unstructured financial data, like SEC filings. I know how crucial it is to have access to accurate and timely information, especially in the ever-evolving world of finance and education.

This technology can help streamline your data analysis processes, allowing your team to focus more on what you do best—empowering the next generation of STEM leaders. Imagine having the ability to quickly sift through financial documents and uncover trends that can inform your programs and initiatives. It’s all about making your work a bit easier and more effective!

I would love the chance to discuss how our AI solutions can be tailored to meet the unique needs of STEM Kids NYC. If you’re interested, let’s set up a time to chat!

Warmly,  

Jonathan Novotny",professional,,,
470,98,28148,2342,pending,f,f,2025-11-19 14:02:04.040021+00,Unlocking Insights for Great Minds,"Hi there, Lynne!

I hope this email finds you well and full of inspiration. I’ve been following the remarkable work you and the team at Great Minds are doing, and I must say, it’s truly impressive how you’re shaping the future of education.

I wanted to take a moment to introduce you to an innovative AI API designed specifically for extracting insights from large volumes of unstructured financial data, like SEC filings. I believe this could be a game-changer for your organization.

Imagine the ability to quickly and efficiently analyze complex data, giving you the insights needed to support your initiatives and improve your offerings. With this tool, you can streamline data extraction, allowing your team more time to focus on what truly matters: creating those exceptional curricula that empower teachers and students alike.

If this piques your interest, I’d love to share more about how we can tailor this solution to fit your needs at Great Minds. 

Looking forward to the possibility of collaborating!

Best regards,  

Jonathan Novotny",professional,,,
471,99,29488,2691,pending,f,f,2025-11-20 14:10:03.532859+00,Unlocking Insights from Financial Data,"Hi there, Abhisek!

I hope this email finds you well and thriving at Pisarv Technologies LLP. I wanted to take a moment to reach out and share something that might just be a game changer for your business.

We’ve developed an AI API specifically designed for extracting unstructured data from large financial documents, like SEC filings. I reckon you know how time-consuming and complex sifting through all that information can be, especially when it comes to making informed decisions. Our solution can help streamline that process, allowing your team to focus on what they do best—driving innovation and growth.

Imagine being able to quickly access critical data points and insights without the usual hassle. With our AI technology, you can enhance your data analysis capabilities, improve accuracy, and ultimately make better, faster decisions.

I’d love to discuss how this could specifically benefit Pisarv Technologies and explore any questions you might have. Feel free to reach out at your convenience, and I'll be more than happy to chat!

Warmly,  

Jonathan Novotny",professional,,,
472,99,28923,2533,pending,f,f,2025-11-20 14:10:03.532859+00,Unlock New Insights with Our AI API for Data Extraction,"Hi there, Ajay!  

I hope this message finds you well and thriving at EduBridge Learning. It’s such an inspiration to see how your team is shaping the future of vocational training and bringing opportunities to so many young folks across India.  

I wanted to take a moment to introduce you to an exciting AI API that specializes in extracting unstructured financial data, like SEC filings. This innovative tool can help your team streamline data processing, allowing you to focus more on what truly matters—empowering your students and enhancing their career prospects.  

Imagine the time and effort saved when you can automatically gather insights from vast amounts of financial documents. Our API can help you make more informed decisions, keeping you ahead in the ever-evolving landscape of workforce development.  

I’d love to chat more about how this could fit into your objectives at EduBridge. Let me know if you have some time next week for a quick conversation. I’m here to help however I can!  

Warmly,  

Jonathan Novotny",professional,,,
473,99,29485,2688,pending,f,f,2025-11-20 14:10:03.532859+00,Unlocking Insights from Financial Data,"Hi there, Sonu!  

I hope this message finds you well and thriving at Arivihan Technologies!  

I wanted to take a moment to introduce a fantastic AI API that specializes in extracting insights from large volumes of unstructured financial data, like SEC filings. I truly believe this could be a game-changer for your team, especially in handling the complexities of data analysis and reporting.  

By utilizing this tool, you can streamline the extraction process, saving you valuable time and resources. Imagine having the ability to quickly pull critical information and gain insights that can help drive your strategies and decisions. It’s a seamless way to turn data into actionable intelligence, all while keeping your focus on what you do best.  

If you’d like, I’d be delighted to chat more about how this API can specifically benefit Arivihan Technologies. Just let me know a time that works for you, and I’ll make it happen!  

Take care,  

Jonathan Novotny",professional,,,
474,99,29189,2600,pending,f,f,2025-11-20 14:10:03.532859+00,Unlocking Insights from Financial Data with AI,"Hi there, Santanu!  

I hope this message finds you well and thriving at TalentSprint. I wanted to take a moment to share something that I believe could be a game-changer for your team as you continue to pave the way in the EdTech space.  

We’ve developed a powerful AI API designed specifically for extracting insights from unstructured financial data, such as SEC filings. This tool can help your team efficiently sift through vast amounts of data, turning complex information into actionable insights. Imagine the time and resources you could save while enhancing the learning experience for your students and partners!  

By integrating this technology, you can streamline your research processes, enabling more informed decision-making and driving the innovative programs you offer. I truly believe this could add substantial value to your initiatives at TalentSprint.  

If this piques your interest, I’d love to chat more about how we can tailor this solution to your needs.  

Take care,  

Jonathan Novotny",professional,,,
475,99,29176,2601,pending,f,f,2025-11-20 14:10:03.532859+00,Unlocking Insights from Financial Data,"Hi there, Sathya!  

I hope this email finds you in good spirits! My name is Jonathan Novotny, and I’m reaching out to share an exciting opportunity that could truly enhance the way IndigoLearn engages with financial data.  

We’ve developed an AI API designed for extracting valuable insights from large volumes of unstructured financial data, such as SEC filings. I believe this could be a game-changer for your team as you continue to empower finance and accounting professionals with top-notch learning resources.  

By integrating our API, you can streamline the process of data extraction, making it easier to access and analyze critical information. This means more time for your team to focus on what they do best—educating and inspiring your learners.  

I would love to chat further about how we can tailor this solution to fit your needs and help IndigoLearn soar to even greater heights!  

Looking forward to hearing from you soon!  

Warmly,  

Jonathan Novotny",professional,,,
476,100,28156,2339,pending,f,f,2025-11-21 14:00:44.767409+00,Transforming Data Management with AI,"Hi there, John!

I hope this message finds you well and in good spirits at PLTW. I wanted to take a moment to share something I believe could be a game-changer for your organization.

As you know, managing vast amounts of unstructured financial data, especially from sources like SEC filings, can be quite the task. That’s where our AI API comes in. It’s designed to extract, analyze, and organize this data efficiently, allowing your team to focus more on what truly matters—empowering students through transformative STEM education.

Imagine having the ability to quickly access critical financial insights and trends without the usual hassle. This could not only streamline your operations but also enhance your decision-making processes, ultimately supporting your mission to provide exceptional learning experiences.

I would love to chat more about how we can tailor this solution to fit PLTW’s unique needs. Would you be available for a brief call next week? 

Looking forward to the possibility of working together!

Warmly,  

Jonathan Novotny",professional,,,
477,100,28149,2342,pending,f,f,2025-11-21 14:00:44.767409+00,Unlocking the Power of AI for Financial Insights,"Hi there, John!  

I hope this email finds you well and enjoying a beautiful day.  

I wanted to take a moment to introduce you to an exciting AI API that specializes in extracting valuable insights from large unstructured financial data, such as SEC filings. Given your incredible work at Great Minds, I believe this tool could significantly enhance your organization’s ability to access and analyze critical information that supports your mission.  

With this AI API, you can streamline the process of gathering and interpreting financial data, allowing you to focus on what truly matters—designing rigorous, knowledge-rich curricula that empower educators and elevate student achievement. Imagine having the ability to quickly sift through vast amounts of information, gaining insights that can help inform your strategic decisions and grant proposals.  

I would love to discuss this further and explore how we can tailor this solution to best fit the needs of Great Minds. Please let me know if you would be open to a chat!  

Warmly,  

Jonathan Novotny",professional,,,
499,104,8871,1191,pending,f,f,2025-11-25 14:01:10.46033+00,A Tail-Wagging Solution for Possible Finance!,"Hi there, Tyler!

I hope this email finds you in high spirits! I wanted to take a moment to share something that could really hop to it and help Possible Finance shine even brighter. 

At Doghouse, we believe that every business deserves a little extra love and support. Our innovative solutions are designed to cater to unique customer profiles, and I couldn't help but think that our offerings could be a perfect fit for the customers you serve, especially your “frog” clientele. 

Just imagine providing your customers with an engaging, friendly interface that feels like home—where they can easily navigate their way through financial options tailored just for them. With our tools, you can enhance their experience and make it as smooth as a summer breeze. 

I would absolutely love to chat more about how we can help you leap over any hurdles and create an even more delightful experience for your audience. 

Looking forward to hearing from you!

Warmly,  

Demo User",professional,,,
478,100,28164,2344,pending,f,f,2025-11-21 14:00:44.767409+00,Unlocking Insights from Financial Data,"Hi there, Dan!

I hope this email finds you well and thriving at Mathnasium of Beverly Hills South. I wanted to take a moment to introduce you to an exciting AI API that could be a game-changer for your business.

As you know, navigating through large volumes of unstructured financial data, like SEC filings, can be quite the challenge. Our AI API is designed specifically to extract valuable insights from such data, making it easier for your team to focus on what truly matters—providing top-notch math tutoring and helping students excel.

By harnessing the power of this technology, you’ll not only save time but also gain deeper insights that could guide your strategic decisions. Imagine being able to analyze trends in the educational landscape, or understanding market shifts that could impact your business! 

I’d love to chat about how this could be a fit for Mathnasium and support your mission in fostering those critical thinking skills in young minds.

Looking forward to the opportunity to connect!

Warmly, 

Jonathan Novotny",professional,,,
479,100,28169,2349,pending,f,f,2025-11-21 14:00:44.767409+00,Unlocking Insights from Financial Filings with AI,"Hi there, John!

I hope this email finds you in great spirits. I’m reaching out to share something that could be a real game-changer for InStride and your mission of empowering workforce learning.

We’ve developed an AI API specifically designed for extracting valuable insights from large volumes of unstructured financial data, like SEC filings. As you know, these documents hold a treasure trove of information that can significantly enhance strategic decision-making. By automating the extraction process, your team can save precious time and allocate resources more effectively, allowing you to focus on what truly matters—providing top-notch education solutions.

Imagine being able to effortlessly analyze trends, identify opportunities, and stay ahead of regulatory changes without the usual manual grind. This could give InStride a remarkable edge in the fast-paced edtech landscape.

I would love the chance to discuss how this could fit into your operations and help your team flourish. Please let me know a good time for you, and I’ll be sure to accommodate.

Looking forward to connecting!

Warmly,  

Jonathan Novotny",professional,,,
480,100,28084,2325,pending,f,f,2025-11-21 14:00:44.767409+00,Unlocking New Possibilities with AI for Challenge Island,"Hi there, Sharon!  

I hope this message finds you in great spirits! I've been following the incredible work you're doing at Challenge Island, and I must say, it's truly inspiring to see how you foster creativity and critical thinking in young minds.  

I wanted to take a moment to introduce you to a game-changing AI API designed for extracting unstructured financial data, like SEC filings. This tool can streamline your data analysis processes, allowing your team to focus more on what truly matters—creating engaging learning experiences for the children.  

With this technology, you'll have the ability to quickly gather insights from vast amounts of financial information, making it easier to spot trends and opportunities that could enhance your programs. Imagine how much more efficient your operations could be, freeing up precious time for innovation and growth!  

I’d love to chat more about how this could fit into Challenge Island’s mission and support your goals. Please let me know if you're available for a call or meeting—I’m here to help!  

Warmly,  

Jonathan Novotny",professional,,,
481,101,28580,2451,pending,f,f,2025-11-24 14:00:58.684159+00,A New Solution for Digital Techworks Interactive!,"Hi there, Thoufiq!  

I hope this email finds you in great spirits! I'm reaching out to introduce you to a little gem we've developed here at Send2—it's called Doghouse, and I believe it could truly enhance your work at Digital Techworks Interactive.  

Now, I know you’re all about creating interactive digital solutions, and that’s where Doghouse comes in. It’s designed to streamline project management and improve collaboration among your teams, much like a well-oiled machine. With Doghouse, your team can hop on tasks with ease, ensuring that every web and mobile app project runs as smoothly as a Sunday morning drive through the countryside.  

Imagine your creative teams having a space where they can share ideas, track progress, and keep everything organized—all in one place! It’s perfect for maintaining that innovative edge while ensuring productivity stays high.  

I’d love to chat more about how Doghouse can fit into your current setup and support your goals at Digital Techworks Interactive. Let me know if you’d like to set up a time to discuss this further!  

Take care,  

Demo User",professional,,,
482,101,8891,1196,pending,f,f,2025-11-24 14:00:58.684159+00,Exciting Opportunity for FrontRow and Frog Frog!,"Hi there, Kevin!

I hope this email finds you well and in high spirits. I wanted to take a moment to introduce you to something that I believe could be a delightful addition to FrontRow’s offerings—our innovative doghouse solution designed specifically for the unique needs of frog frog!

As you know, the digital content landscape is ever-evolving, and having the right tools can make all the difference. Our doghouse solution can help your creators build and launch their apps with ease, providing a cozy and supportive environment where they can flourish. With user-friendly features tailored for frog frog, it ensures that your clients can focus on creating engaging content without the hassles.

I’d love to chat more about how we can work together to enhance your creators' experience and potentially boost their monetization efforts. If this piques your interest, let me know a good time for us to connect!

Wishing you a wonderful day ahead!

Warmly,  

Demo User",professional,,,
483,101,15629,1747,pending,f,f,2025-11-24 14:00:58.684159+00,A Pawsitively Exciting Opportunity for CodeWizardsHQ!,"Hi there, Jey!

I hope this email finds you basking in the sunshine and enjoying a delightful day! I wanted to take a moment to introduce you to an innovative solution that could add a little extra sparkle to your wonderful work at CodeWizardsHQ.

At Doghouse, we specialize in creating bespoke tools that cater to a unique audience—specifically, our froggy friends! Imagine the possibilities of engaging young minds with coding through a playful, frog-themed platform that can resonate with your target demographic. By incorporating our fun and friendly approach, you can not only capture the hearts of kids and teens but also enhance their learning experience with a whimsical twist.

Our doghouse solution is designed to integrate seamlessly into your existing curriculum, offering interactive lessons and activities that inspire creativity while teaching essential programming skills. Kids are naturally drawn to fun and relatable concepts, and we believe our frog-themed content can help make coding as captivating as a day at the pond!

I'd love to chat more about how Doghouse can help CodeWizardsHQ leap to new heights in engaging and inspiring the next generation of coders. If you're interested, please let me know a time that works for you, and we can hop right into it!

Wishing you all the best and looking forward to hearing from you!

Warmly,  

Demo User",professional,,,
552,115,28469,2412,pending,f,f,2025-12-04 14:00:57.828463+00,Quick question for Russian Math,"Hi Ilya Rifkin,

I noticed Russian Math and wanted to reach out about how we might be able to help with your business needs.

Would you be open to a brief conversation?

Best regards",professional,,,
485,101,8694,1167,pending,f,f,2025-11-24 14:00:58.684159+00,Introducing Doghouse for Your Frog Friends!,"Hi there, Sarah!

I hope this message finds you in great spirits! I’m reaching out from Send2 because we have something special that I believe could be a real game-changer for your talented team over at Landis.

Allow me to introduce you to Doghouse – a delightful platform designed specifically for our frog-loving friends. Just like you help renters leap into homeownership, Doghouse creates a supportive environment that guides frogs to find their perfect homes. 

With its user-friendly features, Doghouse can assist you in streamlining your outreach to those adorable amphibians. By providing tailored resources and support, your team can enhance its efforts in connecting with the frog community, ultimately fostering a seamless transition for them as they hop into their new homes. 

I truly believe that Doghouse could complement the wonderful work you’re already doing at Landis. I'd love to chat more about how we can make this collaboration a success for your organization and our frog friends!

Looking forward to hearing from you!

Best regards,

Demo User",professional,,,
486,102,28178,2345,pending,f,f,2025-11-24 14:01:04.382783+00,Unlocking Insights with AI for Your Learning Programs,"Hi there, Amy!

I hope this message finds you well and enjoying a lovely day at Age of Learning!

I wanted to take a moment to introduce you to an exciting AI API designed specifically for extracting valuable insights from large volumes of unstructured financial data, such as SEC filings. As you know, understanding this data can be crucial for making informed decisions, and our solution can make that process a whole lot easier for your team.

Imagine being able to quickly access and analyze essential financial information without the usual hassle. This powerful tool can streamline your research processes, allowing you and your colleagues to focus on what truly matters—enhancing the educational experiences you offer through programs like ABCmouse. 

I believe this could be a wonderful fit for Age of Learning as you continue to innovate in early childhood education and literacy development.

If you’d like to chat more about how this AI API can support your initiatives, I’d be delighted to set up a time that works for you. 

Looking forward to hearing from you!

Warmly,

Jonathan Novotny",professional,,,
487,102,28155,2339,pending,f,f,2025-11-24 14:01:04.382783+00,Exciting AI Solutions for PLTW,"Hello Jason!

I hope this email finds you well and thriving at PLTW! I’ve been following your incredible work in transforming STEM education for our future leaders, and I must say, it’s nothing short of inspiring.

I wanted to share an exciting opportunity that could enhance the way your team manages and extracts valuable insights from large volumes of unstructured financial data, such as SEC filings. Our AI-powered API is designed to take the heavy lifting out of data extraction, allowing your team to focus more on what truly matters—empowering students and educators alike.

Imagine having the ability to quickly sift through mountains of data, pulling out key insights that can inform your strategic decisions and enhance your programs. This tool could save precious time and resources, allowing you to allocate efforts toward developing even more innovative curricula and professional development opportunities.

I would love the chance to chat with you more about how this could integrate into your current systems and support PLTW's mission. Let me know if you’re available for a quick call or meeting in the coming days.

Looking forward to hearing from you!

Warmly,

Jonathan Novotny",professional,,,
488,102,28177,2345,pending,f,f,2025-11-24 14:01:04.382783+00,Exciting AI Solutions for Your Data Needs!,"Hi there, Lacey!

I hope this email finds you well and thriving at Age of Learning! I'm reaching out to share something that could be a game-changer for your team in the realm of data science and analytics. 

We’ve developed an AI API designed specifically for extracting valuable insights from large volumes of unstructured financial data, like SEC filings. I know how critical it is for educational technology companies like yours to have precise and timely data at your fingertips, and our solution can help streamline that process significantly.

With our AI-powered tools, you can easily extract and analyze the information you need without the tedious manual effort. This means more time for your talented team to focus on what really matters: enhancing educational experiences for children.

I’d love to chat further about how this can be tailored to fit the unique needs of Age of Learning. Would you be open to a quick call next week?

Looking forward to hearing from you!

Warmly,  

Jonathan Novotny",professional,,,
489,102,28175,2345,pending,f,f,2025-11-24 14:01:04.382783+00,Exciting AI Solutions for Your Data Needs,"Hi there, Jerry!

I hope this message finds you well and enjoying a lovely day at Age of Learning. I’m Jonathan Novotny, and I wanted to reach out to share something that could be a real game changer for your team as you navigate the wealth of unstructured financial data, like SEC filings.

Imagine having a powerful AI API at your fingertips that can seamlessly extract and organize all that valuable information from those complex documents. Our solution is designed specifically for companies like yours, helping you save time and resources while ensuring you have the most accurate data at your disposal. This means your talented team can focus more on what really matters—enhancing educational experiences for children.

With our AI technology, you'll find it easier to stay ahead of the curve in financial reporting, enabling more informed strategic decisions that can support the incredible work you do in early childhood education.

I’d love the chance to discuss how we can tailor this solution to fit your needs at Age of Learning. Please let me know if you’d be open to a brief chat!

Best regards,

Jonathan Novotny",professional,,,
490,102,28143,2343,pending,f,f,2025-11-24 14:01:04.382783+00,Unlock New Insights with Our AI API,"Hi there, Tara!

I hope this message finds you well and thriving at LA Makerspace! I’ve been following the incredible work you and your team are doing to inspire creativity and innovation in the community. It’s truly a breath of fresh air!

I wanted to take a moment to introduce you to an exciting opportunity that could be a game-changer for your organization. Our AI API is designed specifically for extracting unstructured financial data, such as SEC filings. Imagine the ability to streamline your research process and gain insights that can help your projects soar to new heights!

With the power of our API, you can easily access and analyze large sets of financial data, allowing you to focus more on your mission of fostering creativity and less on the tedious data extraction. This could not only save time but also enhance your decision-making with reliable, actionable insights.

I would love to chat more about how we can support LA Makerspace in its endeavors. Do you have some time next week for a brief call?

Looking forward to hearing from you soon!

Warmly,  

Jonathan Novotny",professional,,,
553,115,28449,2410,pending,f,f,2025-12-04 14:00:57.828463+00,Quick question for Art of Problem Solving (AoPS),"Hi Leah Buckley,

I noticed Art of Problem Solving (AoPS) and wanted to reach out about how we might be able to help with your business needs.

Would you be open to a brief conversation?

Best regards",professional,,,
554,115,28435,2403,pending,f,f,2025-12-04 14:00:57.828463+00,Quick question for Vedantu,"Hi Pulkit Jain,

I noticed Vedantu and wanted to reach out about how we might be able to help with your business needs.

Would you be open to a brief conversation?

Best regards",professional,,,
493,103,28212,2356,pending,f,f,2025-11-25 14:01:09.160526+00,Unlock the Power of AI for Your Data Needs,"Hi there, David!

I hope this email finds you well and thriving at ExploreLearning. I wanted to take a moment to introduce you to an exciting opportunity that could greatly benefit your work in data and analytics.

We’ve developed an AI API specifically designed for extracting valuable insights from large volumes of unstructured financial data, such as SEC filings. Imagine streamlining your data analysis process and enhancing the depth of your insights, all while saving precious time and resources!

With our AI solution, your team can quickly sift through complex financial documents, pulling out the critical information needed to drive informed decision-making. This could mean more time focused on what truly matters—enhancing educational experiences and engaging students in STEM subjects.

If this piques your interest, I would love to set up a time for us to chat further. Together, we can explore how this technology can support ExploreLearning's mission.

Looking forward to hearing from you!

Warmly,  

Jonathan Novotny",professional,,,
494,103,28201,2356,pending,f,f,2025-11-25 14:01:09.160526+00,Transforming Financial Insights with AI,"Hi there, David!  

I hope this email finds you in great spirits! I'm Jonathan Novotny, and I'm reaching out to share something that I believe could be a game-changer for ExploreLearning.  

Imagine harnessing the power of AI to effortlessly extract and analyze large volumes of unstructured financial data, like SEC filings. Our AI API is designed to help organizations like yours streamline data processing, allowing you to focus on what truly matters—enhancing student engagement in STEM subjects.  

With this tool, you can gain valuable insights from financial documents in a fraction of the time, making informed decisions that could further support your mission of transforming education. It’s all about turning complexity into clarity, and I’d love to discuss how we can make this happen for ExploreLearning.  

If you're interested, I'd be thrilled to set up a time to chat.  

Warmly,  

Jonathan Novotny",professional,,,
495,103,28154,2339,pending,f,f,2025-11-25 14:01:09.160526+00,Transforming Data into Insights for PLTW,"Hi there, David!

I hope this message finds you well and thriving at PLTW! I’m reaching out to share something that I truly believe could be a game-changer for your organization.

We’ve developed an AI API specifically designed for extracting and analyzing large volumes of unstructured financial data, like SEC filings. I know that at PLTW, you focus on providing exceptional STEM curricula, and having timely, accurate data can help make informed decisions to further empower students and educators alike.

Imagine the time you'll save by automating the extraction process, allowing you to focus more on what you do best—transforming lives through education! This tool can help streamline your research and reporting, making it easier to access critical insights that could enhance your strategic initiatives.

I would love to chat more about how this could align with PLTW’s goals and contribute to your mission of empowering students. Please let me know if you’d be available for a quick call or coffee chat. 

Looking forward to hearing from you!

Warmly,  

Jonathan Novotny",professional,,,
496,104,10668,1529,pending,f,f,2025-11-25 14:01:10.46033+00,A Delightful Solution for Lumen Bioscience!,"Hi there, Brian!  

I hope this email finds you well and enjoying a lovely day. I’m reaching out to introduce a little innovation that I believe could make quite a splash at Lumen Bioscience.  

As you know, fostering a healthy environment for your microalgae is essential, and that’s where our Doghouse comes into play! This unique solution can provide an optimal habitat, akin to a cozy home for those charming little frogs you work with. With our Doghouse, you can ensure a stable and enriching environment that enhances the efficiency of your biologics and therapeutics production.  

We genuinely believe that by integrating the Doghouse into your processes, you could see a significant boost in not just productivity, but also in the overall well-being of your microalgae. After all, happy algae make for happy scientists, don’t you think?  

I’d love the chance to discuss how we can tailor this solution specifically for Lumen Bioscience. Please let me know a time that works for you, and I’ll make it happen.  

Take care,  

Demo User",professional,,,
497,104,10664,1527,pending,f,f,2025-11-25 14:01:10.46033+00,A Pawsitively Game-Changing Solution for KitoTech Medical!,"Hi there, Paul!

I hope this email finds you well and enjoying a lovely day in the beautiful Seattle scenery.

I wanted to take a moment to introduce you to DogHouse, a delightful innovation that could truly enhance the efficiency of your operations at KitoTech Medical. Our offering is designed to streamline processes, ensuring that your team can focus on what they do best—providing outstanding wound care solutions like the remarkable microMend®.

Imagine a tool that not only simplifies your workflow but also fosters a more collaborative environment among your talented team members. With DogHouse, communication flows as smoothly as sweet tea on a summer afternoon, helping you tackle challenges head-on while keeping morale high.

I’d love to chat more about how DogHouse can be the perfect fit for your needs. If you’re open to it, we could set up a time to connect. I genuinely believe this could be a wonderful opportunity for KitoTech Medical!

Thank you for considering this, Paul. I’m looking forward to hearing your thoughts!

Warmly,  

Demo User",professional,,,
498,104,8777,1179,pending,f,f,2025-11-25 14:01:10.46033+00,A Little Something Special for Trust & Will!,"Hi there, Brian!

I hope this email finds you well and thriving at Trust & Will! I wanted to take a moment to introduce you to something that I believe could truly hop into the hearts of your customers—our innovative doghouse.

Now, you might be wondering how a doghouse relates to estate planning. Well, let me tell you, it’s all about creating a sense of comfort and security for your clients. Just like a cozy doghouse provides shelter and warmth for our furry friends, our doghouse can serve as a delightful metaphor for the peace of mind that comes with having a solid estate plan in place.

Imagine how your frog customers would appreciate a fun, engaging way to learn about the importance of planning for their future. A doghouse can symbolize the protection and care that Trust & Will offers, making it easier for folks to connect emotionally with their estate planning needs.

I’d love to chat more about how we can collaborate to further enhance the experience for your customers! 

Warmly,  

Demo User",professional,,,
555,115,28445,2409,pending,f,f,2025-12-04 14:00:57.828463+00,Quick question for Mathnasium,"Hi Larry Martinek,

I noticed Mathnasium and wanted to reach out about how we might be able to help with your business needs.

Would you be open to a brief conversation?

Best regards",professional,,,
500,104,9845,1390,pending,f,f,2025-11-25 14:01:10.46033+00,Exciting Opportunity for Luminex Corporation!,"Hi there, Angelo!  

I hope this email finds you in good spirits! I wanted to take a moment to introduce you to our innovative product, Doghouse, and share how it could be a delightful addition to the fantastic work you’re doing over at Luminex Corporation.  

Doghouse is designed with a unique target customer in mind—frogs! Now, I know that may sound a bit unusual, but these remarkable little creatures can really make a splash in the biological testing and life sciences arena. Imagine the potential for enhancing your multiplexing systems by tapping into this vibrant ecosystem.  

Not only does Doghouse provide a cozy and safe habitat for frogs, but it also offers a chance to engage with an often-overlooked segment of the market. By integrating our product into your research, you could foster more comprehensive insights and innovations that could set Luminex apart in the industry.  

I would love the opportunity to chat more about how Doghouse can benefit your amazing team and contribute to your already stellar offerings. If this piques your interest, please let me know a convenient time for us to connect!  

Warmly,  

Demo User",professional,,,
501,105,28191,2357,pending,f,f,2025-11-26 14:01:33.068519+00,Unlocking Insights with AI for Your Mission,"Hi there, Nithin!

I hope this message finds you well and thriving at Dreams for Schools. It’s truly inspiring to see the work you and your team are doing to empower students and uplift educational initiatives in our community.

I wanted to share some exciting news about an AI API that specializes in extracting valuable insights from large volumes of unstructured financial data, such as SEC filings. This powerful tool could be a game-changer for your organization, helping to streamline research and analysis, and ultimately allowing you to focus more on your mission of supporting education.

Imagine having the ability to quickly access and analyze financial information that could influence funding opportunities or partnerships. By leveraging this technology, you can make data-driven decisions with greater confidence, ensuring that every dollar you manage is spent in the most impactful way possible.

I’d love to chat more about how this AI API can specifically benefit Dreams for Schools and support your noble cause. Please let me know a convenient time for you, and I’ll be happy to arrange a call.

Wishing you a wonderful day ahead!

Warmly,  

Jonathan Novotny",professional,,,
502,105,28179,2345,pending,f,f,2025-11-26 14:01:33.068519+00,Unlocking Insights with AI for Your Data Needs,"Hi there, Doug!

I hope this email finds you well and enjoying a delightful day at Age of Learning! 

I wanted to take a moment to share something that could truly elevate your efforts in harnessing financial data, particularly with those hefty SEC filings. Our AI API specializes in extracting large volumes of unstructured data, making it as easy as pie to sift through and analyze.

Imagine being able to streamline your data extraction process, giving you more time to focus on what really matters—creating engaging educational programs for children. With our solution, you can enhance your analytics, improve decision-making, and ultimately enrich the learning experiences you provide. 

I’d love to chat more about how we can partner together to support Age of Learning’s mission. Let me know if you have some time to connect!

Take care, 

Jonathan Novotny",professional,,,
503,105,28214,2356,pending,f,f,2025-11-26 14:01:33.068519+00,Unlocking Insights from Financial Data with AI,"Hi there, David!

I hope this email finds you well and enjoying a beautiful day! I wanted to take a moment to share something that I believe could be a real game-changer for ExploreLearning, especially in today's fast-paced world of finance.

We’ve developed a powerful AI API specifically designed for extracting valuable insights from large volumes of unstructured financial data, such as SEC filings. I can just imagine how this could enhance your product strategy by providing a wealth of data that can inform your decisions and potentially elevate your offerings in the STEM education space.

Imagine having the capability to quickly analyze and interpret complex financial documents, transforming them into actionable insights. This could help your team stay ahead of industry trends, better understand market dynamics, and ultimately empower you to create even more impactful educational tools and simulations for your students.

I’d love the opportunity to discuss this further and explore how we can tailor our solution to fit the unique needs of ExploreLearning. 

Looking forward to hearing from you!

Warmly,  


Jonathan Novotny",professional,,,
504,105,28204,2356,pending,f,f,2025-11-26 14:01:33.068519+00,Unlocking Insights from Financial Data,"Hi there, Laura!

I hope this email finds you well and enjoying a lovely day at ExploreLearning. 

I wanted to take a moment to introduce you to an exciting AI API that specializes in extracting valuable insights from large volumes of unstructured financial data, including SEC filings. I believe this could be a game-changer for your team in enhancing the educational tools you provide.

By leveraging this technology, ExploreLearning can gain quick access to crucial financial information, making it easier to analyze trends and deliver timely insights to your users. This could not only streamline your processes but also enrich the learning experience for students by providing them with real-world data to engage with.

I’d love the chance to chat with you about how this could fit into your vision for customer success. If you’re interested, we can set up a time to dive into the details.

Wishing you all the best, and I look forward to hearing from you!

Warmly,  

Jonathan Novotny",professional,,,
505,105,28170,2349,pending,f,f,2025-11-26 14:01:33.068519+00,Unlocking Insights with AI for InStride,"Hi there, Jonathan!

I hope this message finds you well and thriving at InStride. I wanted to reach out and share an exciting opportunity that could really enhance your efforts in providing top-notch workforce learning and upskilling solutions.

We’ve developed a powerful AI API designed specifically for extracting valuable insights from large volumes of unstructured financial data, like SEC filings. Imagine having the ability to sift through mountains of information quickly and easily! This could help streamline your processes, enabling you to focus on what truly matters: empowering learners and fostering partnerships.

By integrating this technology, you could unlock critical financial insights that may inform your strategies and decisions, ultimately helping to better serve your partners and learners alike.

I’d love the chance to discuss this further and explore how we can support InStride’s mission. Let me know a time that works for you, and I’ll be sure to make it happen.

Take care, 

Jonathan Novotny",professional,,,
557,116,28478,2419,skipped,f,f,2025-12-05 14:09:20.438494+00,Quick question for UrbanPro,"Hi Bhavana Kalra,

I noticed UrbanPro and wanted to reach out about how we might be able to help with your business needs.

Would you be open to a brief conversation?

Best regards",professional,,,
558,116,28486,2416,skipped,f,f,2025-12-05 14:09:20.438494+00,Quick question for Vedantu,"Hi Pulkit Jain,

I noticed Vedantu and wanted to reach out about how we might be able to help with your business needs.

Would you be open to a brief conversation?

Best regards",professional,,,
506,106,9820,1392,pending,f,f,2025-11-26 14:01:35.302618+00,Exciting Opportunity for Paradromics Inc!,"Hi there, Matt!

I hope this message finds you in great spirits! I’m reaching out from Send2 because I believe we have something truly special that can align beautifully with the incredible work being done at Paradromics Inc.

We’re thrilled to introduce our Doghouse solution—an innovative tool designed specifically for businesses that serve unique customer profiles, like your frog segment. With Doghouse, you can enhance communication and streamline processes, making it easier to connect with your customers and understand their needs. 

Imagine being able to tailor your offerings and marketing strategies in a way that resonates deeply with your frog audience. Doghouse can help you gather actionable insights, ensuring your team has the right tools to support those who benefit from your remarkable brain-computer interface technologies.

I would love the opportunity to discuss how Doghouse can help elevate your initiatives and drive success at Paradromics Inc. Please let me know a good time for us to connect!

Take care,  

Demo User",professional,,,
507,106,8902,1198,pending,f,f,2025-11-26 14:01:35.302618+00,A Tail-Wagging Solution for Trust & Will!,"Hi there, Brian!

I hope this email finds you in good spirits! I’m reaching out from Send2 with something that might just hop right into your heart and help take Trust & Will to new heights.

We’ve recently introduced our delightful doghouse product, designed specifically for businesses like yours that cater to the unique needs of their customers. Our doghouse is not just a cozy spot for your furry friends; it’s a way to add a sprinkle of charm to your offerings and enhance customer engagement. 

Imagine this: your clients, the frogs, are hopping around looking for a comfortable place to settle their estate planning needs. With our doghouse, not only do you provide them with an efficient and secure process, but you also create a warm and inviting atmosphere that makes them feel right at home. 

This little addition can help build trust and rapport, making the estate planning journey a bit brighter and more personal. After all, who can resist a cozy doghouse when it comes to securing their future?

I’d love to chat more about how we can bring this idea to life for Trust & Will. Let me know if you’re available for a quick call or meeting—I’m all ears!

Take care, 

Demo User",professional,,,
508,106,8775,1179,pending,f,f,2025-11-26 14:01:35.302618+00,Exciting Collaboration Opportunity!,"Hi there Cody!

I hope this email finds you in great spirits! I’m reaching out from Send2, where we believe in making connections that matter, and I couldn't be more excited to introduce you to our innovative product, Doghouse.

Now, I know what you’re thinking—what in the world is a doghouse doing in the world of estate planning? Well, let me tell you, it’s not just for our furry friends! Doghouse is designed to streamline communication and enhance collaboration for teams, and I reckon it could be a real game changer for Trust & Will.

Imagine having a platform where your team can effortlessly share ideas, track progress, and keep everything organized, all while keeping your clients' needs at the forefront. With Doghouse, you can foster a more connected and engaged work environment, empowering your team to deliver the best service possible to those navigating their estate planning needs.

I’d love the chance to chat further about how Doghouse can help elevate your already remarkable work at Trust & Will. Let me know if you’re available for a quick call, and we can explore this together!

Looking forward to hearing from you soon!

Warmly,  

Demo User",professional,,,
509,106,10669,1529,pending,f,f,2025-11-26 14:01:35.302618+00,Exciting Opportunity to Enhance Your Production!,"Hello Craig!

I hope this email finds you well and enjoying a lovely day at Lumen Bioscience.

I wanted to take a moment to introduce you to Doghouse, a unique solution that can truly support your innovative work in engineering synthetic biology platforms. Our platform is designed specifically for businesses like yours, which thrive on creativity and precision in the development of biologics and therapeutics. 

With Doghouse, you can streamline your production processes, making it easier to harness the power of microalgae as a production system. Imagine having a platform that not only enhances your efficiency but also provides valuable insights tailored to your specific needs—now that’s what I call a win-win!

I’d be delighted to discuss how Doghouse could be a great fit for Lumen Bioscience. Please let me know if you have some time to chat—I’d love to hear more about your current projects and how we can support your mission!

Take care,

Demo User",professional,,,
510,106,8904,1201,pending,f,f,2025-11-26 14:01:35.302618+00,A Tail-Wagging Opportunity for Inside4!,"Hi there, Bonnie!

I hope this message finds you in great spirits! I wanted to reach out to share something that I believe could add a delightful twist to your already impressive work at Inside4. 

Have you ever heard of Doghouse? It’s a charming little platform designed to help businesses like yours create a more engaging experience for your users. With your focus on transparency in corporate transactions, Doghouse could be a wonderful companion to your services, allowing you to connect with your audience in a more personal way. 

Imagine providing your clients not just with data, but with a community where they can interact, share insights, and even enjoy a few light-hearted moments. With Doghouse, you can create a space that feels like home—a place where your clients, much like our froggy friends, feel welcomed and valued. 

I’d love to chat more about how we can hop into this exciting venture together! 

Warmly, 

Demo User",professional,,,
511,107,28210,2356,pending,f,f,2025-11-27 14:01:03.649614+00,Enhancing Data Extraction with AI for ExploreLearning,"Hi there, Kent!

I hope this email finds you well and in good spirits. It’s a pleasure to reach out to you!

I wanted to take a moment to share something exciting that could be a game changer for ExploreLearning. We’ve developed an AI API that specializes in extracting large volumes of unstructured financial data, like SEC filings. This innovative tool can help streamline your data processing, allowing your team to focus more on enhancing the interactive learning tools that you’re so passionate about.

Imagine having the ability to analyze complex financial data effortlessly, giving you deeper insights to support your educational tools and simulations. With our AI API, you can turn mountains of data into actionable information, ultimately benefiting your students and educators alike.

I’d love to chat more about how this could fit into your current projects and how we can support your mission at ExploreLearning. Please let me know a time that works for you, and I’ll be sure to accommodate!

Looking forward to hearing from you soon!

Warmly,

Jonathan Novotny",professional,,,
512,107,28220,2360,pending,f,f,2025-11-27 14:01:03.649614+00,Enhance Your Data Insights with Our AI API,"Hi there, Bob!  

I hope this email finds you well and enjoying a lovely day! I wanted to take a moment to introduce you to something that could truly benefit your work at Club SciKidz Los Angeles.  

We’ve developed an AI API designed specifically for extracting and analyzing large volumes of unstructured financial data, like SEC filings. I believe this tool could be a game-changer for your business, especially as you foster that wonderful interest in STEM through your camps and classes.  

Imagine having the ability to effortlessly sift through vast amounts of data, gaining valuable insights that can inform your planning and decision-making processes. This could help you not only streamline your operations but also enhance the educational experiences you provide to those bright young minds!  

I’d love to discuss how this AI API can support your goals and make your data work harder for you. Please let me know if you’d be open to a chat; I’d be delighted to share more details!  

Take care,  

Jonathan Novotny",professional,,,
513,107,28244,2358,pending,f,f,2025-11-27 14:01:03.649614+00,Exciting AI Solutions for Your Data Needs!,"Hi there, Tina!

I hope this email finds you in great spirits! My name is Jonathan Novotny, and I am thrilled to reach out to you today. 

I wanted to share some exciting information about our AI API, designed specifically for extracting unstructured financial data, like SEC filings. I believe this could be a game-changer for Pasadena Unified School District's STEM/STEAM programs, especially as you look to enhance your curriculum with real-world applications. 

Our AI technology can sift through vast amounts of data efficiently, providing you with valuable insights that can inform decision-making and elevate your educational initiatives. Imagine having access to relevant financial information at your fingertips, allowing your students to engage in meaningful projects that blend technology and finance!

If this piques your interest, I would love to chat further and explore how we can support your mission at Pasadena Unified. 

Looking forward to hearing from you!

Warmly,  

Jonathan Novotny",professional,,,
514,107,28225,2364,pending,f,f,2025-11-27 14:01:03.649614+00,Discover How AI Can Transform Your Data Processing!,"Hi there, Raymond!

I hope this email finds you well and thriving at STEAM:CODERS. I've been following your incredible work in the education space, and I truly admire the dedication you have for empowering the next generation of innovators.

I wanted to share something that I believe could be a game changer for your team. We’ve recently developed an AI API designed specifically for extracting unstructured data from large financial documents, like SEC filings. This tool could help streamline your data processing, enabling you to focus more on what really matters—educating and inspiring your students.

Imagine being able to quickly access and analyze critical financial information without the tedious manual effort! This can save you time and resources, allowing you to allocate more efforts toward enhancing your coding programs and initiatives.

I would love to chat further and explore how this technology could support your mission at STEAM:CODERS. Let me know if you’d be interested in a brief call or meeting—I’m just a holler away!

Warmly, 

Jonathan Novotny",professional,,,
515,107,28176,2345,pending,f,f,2025-11-27 14:01:03.649614+00,Unlocking Insights from Financial Data with AI,"Hi there, Mia!

I hope this email finds you well and thriving at Age of Learning. I’ve been following your incredible work in early childhood education, and I must say, your commitment to enriching young minds is truly inspiring!

I wanted to take a moment to share an exciting opportunity that could enhance your strategic initiatives. Our AI API specializes in extracting unstructured financial data, like SEC filings, in a way that’s efficient and user-friendly. Imagine having the ability to quickly analyze and interpret vast amounts of financial information without the usual time-consuming processes. 

This could not only streamline your operations but also give you deeper insights that can inform your decisions as you navigate the ever-evolving educational landscape. With better access to crucial data, I believe Age of Learning can further empower its mission to provide top-notch educational experiences for children.

I’d love to chat more about how this could fit into your vision. Please let me know if you’d be open to a conversation!

Looking forward to hearing from you soon!

Warmly,  

Jonathan Novotny",professional,,,
516,108,28279,2365,pending,f,f,2025-11-28 14:12:20.589035+00,Unlocking New Insights with Our AI API,"Hi there, Don!

I hope this email finds you in great spirits! I wanted to take a moment to reach out and share something that could truly benefit LEARN Academy as you continue your wonderful work in supporting diverse learners.

We’ve developed an AI API specifically designed for extracting valuable insights from large volumes of unstructured financial data, like SEC filings. I know that managing and interpreting such data can be quite a task, especially when you’re focused on delivering the best educational programs for students with exceptional needs. 

Our solution can help streamline your data analysis process, enabling your team to access critical information quickly and efficiently. Imagine having the ability to gather insights faster, allowing you to focus more on what really matters—helping your students thrive.

I’d love to chat more about how this technology can be tailored to suit your needs at LEARN Academy. Please let me know a convenient time for you, and I’ll be happy to set up a call!

Take care, 

Jonathan Novotny",professional,,,
517,108,28223,2363,pending,f,f,2025-11-28 14:12:20.589035+00,Exciting Opportunity for Enhanced Data Insights!,"Hi there, Denise!

I hope this email finds you well and enjoying a lovely day at Stemulate Solutions! 

I wanted to take a moment to share an exciting opportunity that could really make a difference for your team, especially when it comes to managing large financial unstructured data, like SEC filings. We’ve recently introduced an AI API designed specifically for this purpose, and I truly believe it could be a game-changer for your operations.

With this AI technology, you’ll be able to extract valuable insights from vast amounts of data in a fraction of the time it typically takes. Imagine having the ability to streamline your data processing, enhance decision-making, and ultimately focus more on what really matters—shaping the minds of future innovators in STEM!

I’d love to chat more about how this could fit into your goals at Stemulate Solutions. Please let me know if you’re available for a quick call or if you'd prefer to exchange ideas via email.

Looking forward to hearing from you!

Warmly,  

Jonathan Novotny",professional,,,
556,116,28485,2416,edited,f,f,2025-12-05 14:09:20.438494+00,Quick question for Vedantu,"Hi Vamsi Krishna,

I noticed Vedantu and wanwergsdfgd to reach out about how we might be able to help with your business needs.

Would you be open to a brief conversation?

Best regards",professional,,"{""subject"":""Quick question for Vedantu"",""body"":""Hi Vamsi Krishna,\n\nI noticed Vedantu and wanwergsdfgd to reach out about how we might be able to help with your business needs.\n\nWould you be open to a brief conversation?\n\nBest regards""}",
559,116,28436,2403,skipped,f,f,2025-12-05 14:09:20.438494+00,Quick question for Vedantu,"Hi Anand Prakash,

I noticed Vedantu and wanted to reach out about how we might be able to help with your business needs.

Would you be open to a brief conversation?

Best regards",professional,,,
518,108,28277,2365,pending,f,f,2025-11-28 14:12:20.589035+00,Unlocking Insights with AI for LEARN Academy,"Hi there, Michael!

I hope this email finds you in good spirits. I’ve been following the incredible work that LEARN Academy is doing, and I just wanted to reach out to share something that could truly enhance your operations.

We’ve recently introduced an AI API designed specifically for extracting insights from large volumes of unstructured financial data, like SEC filings. This tool can help your team sift through mountains of information quickly and accurately, allowing you to focus on what truly matters—supporting those exceptional learners.

Imagine being able to access and analyze crucial financial data with ease, helping you to make informed decisions and better allocate resources for your tailored programs. This could not only streamline your processes but also enhance the strategic partnerships you have with schools nationwide.

I’d love to chat more about how this innovative solution can fit into LEARN Academy’s mission. Please let me know a time that works for you, and I’ll be sure to accommodate.

Take care, and I look forward to hearing from you soon!

Warmly,

Jonathan Novotny",professional,,,
519,108,28243,2358,pending,f,f,2025-11-28 14:12:20.589035+00,Unlocking New Possibilities for PUSD with AI,"Hi there, Jennifer!

I hope this email finds you well and full of inspiration as you lead the wonderful initiatives at Pasadena Unified School District!

I wanted to take a moment to share an exciting opportunity that could enhance the incredible work you're already doing in integrating STEM/STEAM education. Our AI API specializes in extracting unstructured financial data, such as SEC filings, and I believe it could be a game-changer for PUSD.

Imagine being able to access and analyze large amounts of financial data effortlessly. This technology can help your team streamline processes, uncover valuable insights, and make data-driven decisions that best support your students and programs. By harnessing the power of AI, you can focus more on what truly matters—creating engaging learning experiences for your students.

I’d love to chat more about how this could fit into your vision for PUSD and help you further enrich the educational journeys of your students. Let me know if you’d be open to a conversation!

Warmly,

Jonathan Novotny",professional,,,
520,108,28206,2356,pending,f,f,2025-11-28 14:12:20.589035+00,Exciting New AI API for Your Data Needs!,"Hi there, Tammy!

I hope this email finds you well and enjoying a lovely day at ExploreLearning. I wanted to reach out and share some exciting news that I believe could greatly benefit your team, especially in the realm of data management.

We’ve recently developed an AI API designed specifically for extracting large volumes of unstructured financial data, such as SEC filings. This technology can streamline your data processing, making it easier to access and analyze critical information that drives decision-making. Imagine being able to focus more on creating engaging STEM tools while our API handles the heavy lifting of data extraction!

By integrating this solution, you could enhance your marketing strategies with timely insights and ensure your content is always up-to-date with the latest financial trends and regulations. I truly think it could be a game-changer for ExploreLearning!

If you’re interested, I would love to set up a time for a quick chat to discuss how this API can be tailored to fit your needs. 

Looking forward to hearing from you!

Warmly,  

Jonathan Novotny",professional,,,
521,109,30581,2949,pending,f,f,2025-12-01 14:01:28.029006+00,Introducing a New Opportunity for Gannett!,"Hi there, Kristin!

I hope this email finds you in good spirits and enjoying a lovely day at Gannett! I wanted to take a moment to introduce you to Doghouse, a unique platform that can enhance your connections with your audience, specifically targeting those delightful 'frog' customers you have in mind.

Doghouse is designed to create engaging, interactive content that resonates with your readers, bringing a fresh and fun approach to digital storytelling. We believe that by tapping into the preferences of your 'frog' audience, you can foster deeper connections and drive greater engagement across all your platforms.

Imagine the possibilities of crafting articles that not only inform but also entertain and involve your readers in a way that feels personal and inviting. The heart of Doghouse is all about creating a sense of community, which aligns beautifully with Gannett's mission to provide valuable content to its audience.

I would love the chance to chat more about how Doghouse can help elevate Gannett's offerings and reach those 'frog' customers effectively. 

Looking forward to hearing from you soon!

Warmly,  

Demo User",professional,,,
522,109,30562,2946,pending,f,f,2025-12-01 14:01:28.029006+00,Exciting Collaboration Opportunity with Doghouse!,"Hi there, Ravi!

I hope this message finds you in good spirits. My name is Demo User, and I’m reaching out because I believe there’s a wonderful opportunity for Sony Pictures Entertainment to enhance its offerings with our innovative service, Doghouse.

Doghouse is designed to engage and delight our furry friends—specifically our froggy pals! By incorporating our playful and interactive experiences, we can create memorable content that resonates with audiences who adore pets, especially frogs. Imagine the joy of integrating quirky frog-themed narratives or characters into your beloved entertainment content. This could not only expand your audience but also strengthen the connection with pet-loving fans worldwide.

Our aim is to blend creativity with fun, inviting your talented teams to explore new ways to engage viewers. I would be thrilled to discuss how we can collaborate and bring a fresh twist to your projects at Sony Pictures.

Thank you so much for your time, Ravi. I truly look forward to the possibility of working together to create something special!

Warmly,

Demo User",professional,,,
523,109,30599,2950,pending,f,f,2025-12-01 14:01:28.029006+00,Exciting Opportunity to Leap Forward!,"Hi there, Michael!

I hope this email finds you in great spirits! I'm reaching out from Send2 to share something that I believe could really help Nexstar Media Group hop to new heights.

Introducing our Doghouse platform—a delightful tool designed specifically for businesses like yours. It's all about enhancing engagement with your audience, ensuring that each interaction is as charming and effective as a sunny day in the South. 

With Doghouse, you can seamlessly connect with your viewers, tailoring content and promotions that resonate with your target audience. Imagine the possibilities of creating a digital space where your frog-loving fans feel right at home!

I’d love to chat more about how Doghouse can support your goals and help you build even deeper connections with your community. 

Looking forward to hearing from you soon!

Warmly, 

Demo User",professional,,,
560,116,28477,2419,sent,f,f,2025-12-05 14:09:20.438494+00,Quick question for UrbanPro,"Hi Rakesh Kalra,

I noticed UrbanPro and wanted to reach out about how we might be able to help with your business needs.

Would you be open to a brief conversation?

Best regards",professional,2025-12-05 21:12:00.285+00,,410
524,109,3642,802,pending,f,f,2025-12-01 14:01:28.029006+00,Hop Onboard with Doghouse!,"Hi there, Mary!

I hope this email finds you in good spirits. I wanted to take a moment to introduce you to something that might just make your day a little brighter—Doghouse!

At Doghouse, we understand the unique challenges that educational institutions face when it comes to content migration and data archiving. Our platform is designed to streamline these processes, ensuring a smooth transition between LMS platforms. With Doghouse by your side, K16 Solutions can offer even more seamless solutions to your clients, helping them leap over hurdles with ease.

Imagine the time saved and the headaches avoided when your team can focus on what they do best, while Doghouse takes care of the heavy lifting in the background. It’s a win-win situation, and we’d love the chance to discuss how we can help elevate your services.

If you’re interested, I’d be delighted to set up a chat at your convenience. Just let me know what works for you!

Warmly,

Demo User",professional,,,
525,109,30575,2951,pending,f,f,2025-12-01 14:01:28.029006+00,A Unique Opportunity for iHeartMedia,"Hello Rich!

I hope this email finds you well and enjoying a lovely day. I wanted to take a moment to introduce you to a delightful addition to our offerings that could bring some real charm to iHeartMedia's lineup: Doghouse.

Now, I know what you might be thinking—how can a doghouse possibly benefit a media giant like yours? Well, let me tell you, this isn't just any doghouse. Designed with the utmost care, it appeals to our froggy friends in the audience, creating a unique engagement opportunity that can leap right into their hearts!

By incorporating Doghouse into your platform, you can create a playful connection with your audience, especially those who adore our amphibious pals. It’s a wonderful way to showcase creativity while also promoting community involvement through local pet events or sponsorships. 

Imagine the buzz it could generate! This could set iHeartMedia apart and resonate deeply with your listeners, fostering a sense of connection and loyalty that’s as strong as a frog's leap!

I’d love to chat more about how we can hop into this exciting opportunity together. Please let me know if you’d be interested!

Warmly,

Demo User",professional,,,
526,110,28305,2372,pending,f,f,2025-12-01 14:01:31.82935+00,Unlocking New Possibilities with AI,"Hi there, Udit!

I hope this email finds you well and thriving at NextWaveSTEM! I’ve been following your incredible work in K-12 STEM education, and I must say, it’s truly inspiring how you’re shaping the future for our young learners.

I wanted to take a moment to introduce you to a groundbreaking AI API designed specifically for extracting valuable insights from large unstructured financial data, such as SEC filings. I believe this could be a game changer for your team.

Imagine being able to quickly and efficiently analyze complex financial documents, providing you with actionable insights that can enhance decision-making and strategy development. This tool can streamline your data extraction process, saving you precious time and resources while allowing you to focus on what you do best—empowering students and educators!

If you’re open to it, I’d love to chat more about how this technology can align with your goals at NextWaveSTEM. 

Looking forward to hearing from you!

Warmly,  

Jonathan Novotny",professional,,,
527,110,28270,2369,pending,f,f,2025-12-01 14:01:31.82935+00,Exciting Opportunity for Club SciKidz!,"Hi there, Bob!

I hope this email finds you well and enjoying a beautiful day in sunny Pasadena! My name is Jonathan Novotny, and I’m reaching out to share something I believe could be a game-changer for Club SciKidz.

We’ve recently developed an AI API designed specifically for extracting valuable insights from large volumes of unstructured financial data, like SEC filings. I know your focus is on providing top-notch STEM programs, and this tool could really help streamline any financial analysis or reporting you may need. Imagine having the ability to access critical information quickly and efficiently, allowing you to make informed decisions that could enhance the learning experiences you offer.

The beauty of this technology lies in its ability to save you time and resources, so you can keep your eyes on what truly matters—nurturing the next generation of innovators and thinkers.

I would love the opportunity to chat more about how our AI API can support your mission at Club SciKidz. If you’re interested, let me know a time that works for you, and I’ll be more than happy to set up a call.

Looking forward to hearing from you soon!

Warmly,  

Jonathan Novotny",professional,,,
528,110,28307,2376,pending,f,f,2025-12-01 14:01:31.82935+00,Unlock the Power of Data with AI Technology,"Hi there, Karen!

I hope this message finds you in great spirits! I’m Jonathan Novotny, and I couldn’t be more excited to share something that could truly enhance the remarkable work you’re doing at Woz ED.

We understand how vital it is for organizations like yours to harness the power of data, especially when it comes to navigating the sea of unstructured financial information, such as SEC filings. That’s where our AI API comes into play! 

Imagine having the ability to extract, analyze, and interpret vast amounts of financial data with ease, allowing you to focus on what you do best—educating and inspiring the next generation of STEM leaders. By streamlining this process, you can make more informed decisions, tailor your programs, and ultimately enrich the learning experiences for your students.

I’d love to discuss how our solution can specifically support Woz ED in achieving its mission. If you have a moment, let’s chat about this exciting opportunity!

Looking forward to hearing from you!

Warmly,  

Jonathan Novotny",professional,,,
529,110,28281,2365,pending,f,f,2025-12-01 14:01:31.82935+00,Exciting AI Solutions for LEARN Academy!,"Hi there, Rick!

I hope this email finds you in great spirits! I’ve been keeping an eye on the wonderful work you all are doing at LEARN Academy, and I truly admire your commitment to supporting exceptional learners. 

I wanted to share some exciting news about our AI API that specializes in extracting valuable insights from large volumes of unstructured financial data, such as SEC filings. I believe this could be a real game changer for your organization. 

Imagine having the ability to effortlessly access and analyze crucial financial information. This could help you better understand funding opportunities and make more informed decisions for your programs. Our technology is designed to streamline data extraction, allowing your team to focus on what truly matters—providing top-notch education and support to your students.

If you’re interested, I’d love to chat more about how we can tailor this solution to fit the unique needs of LEARN Academy. 

Looking forward to hearing from you!

Warmly,  

Jonathan Novotny",professional,,,
530,110,28216,2356,pending,f,f,2025-12-01 14:01:31.82935+00,Unlocking Insights with AI for ExploreLearning,"Hi there, Aaron!  

I hope this message finds you well and soaking up some sunshine! I’m reaching out because I believe I have something that could be a real game-changer for ExploreLearning.  

We’ve developed an AI API specifically designed for extracting valuable insights from large volumes of unstructured financial data, like SEC filings. With a tool like this in your back pocket, you could streamline your data analysis processes and unlock new insights, ultimately enhancing your offerings in STEM education.  

Imagine having the ability to quickly analyze and interpret complex data sets, allowing your team to focus more on what truly matters—creating engaging educational tools that foster student understanding. This API could help you stay ahead of the curve, ensuring that ExploreLearning continues to provide top-notch resources for educators and students alike.  

I’d love to discuss how we can tailor this solution to fit your needs and help elevate ExploreLearning even further. Let me know if you’d be open to a chat!  

Warmly,  

Jonathan Novotny",professional,,,
531,111,28421,2399,pending,f,f,2025-12-02 14:01:45.043131+00,Quick question for Gravity Classes - Lucknow,"Hi Mohammad Ashfaq,

I noticed Gravity Classes - Lucknow and wanted to reach out about how we might be able to help with your business needs.

Would you be open to a brief conversation?

Best regards",professional,,,
532,111,28297,2377,pending,f,f,2025-12-02 14:01:45.043131+00,Quick question for Albert.io,"Hi David Phelps,

I noticed Albert.io and wanted to reach out about how we might be able to help with your business needs.

Would you be open to a brief conversation?

Best regards",professional,,,
533,111,28423,2394,pending,f,f,2025-12-02 14:01:45.043131+00,Quick question for 21k School,"Hi Yeshwanth Raj Parasmal,

I noticed 21k School and wanted to reach out about how we might be able to help with your business needs.

Would you be open to a brief conversation?

Best regards",professional,,,
534,111,28287,2365,pending,f,f,2025-12-02 14:01:45.043131+00,Quick question for LEARN Academy,"Hi Kari Nahgahgwon,

I noticed LEARN Academy and wanted to reach out about how we might be able to help with your business needs.

Would you be open to a brief conversation?

Best regards",professional,,,
535,111,28285,2365,pending,f,f,2025-12-02 14:01:45.043131+00,Quick question for LEARN Academy,"Hi Marybeth Jones,

I noticed LEARN Academy and wanted to reach out about how we might be able to help with your business needs.

Would you be open to a brief conversation?

Best regards",professional,,,
536,112,30601,2950,pending,f,f,2025-12-02 14:01:47.042794+00,Quick question for Nexstar Media Group,"Hi Lee Ann Gliha,

I noticed Nexstar Media Group and wanted to reach out about how we might be able to help with your business needs.

Would you be open to a brief conversation?

Best regards",professional,,,
537,112,8900,1198,pending,f,f,2025-12-02 14:01:47.042794+00,Quick question for Trust & Will,"Hi Cody Barbo,

I noticed Trust & Will and wanted to reach out about how we might be able to help with your business needs.

Would you be open to a brief conversation?

Best regards",professional,,,
538,112,8908,1199,pending,f,f,2025-12-02 14:01:47.042794+00,Quick question for Term Finance,"Hi Oliver Sabga,

I noticed Term Finance and wanted to reach out about how we might be able to help with your business needs.

Would you be open to a brief conversation?

Best regards",professional,,,
539,112,30579,2949,pending,f,f,2025-12-02 14:01:47.042794+00,Quick question for Gannett | USA TODAY NETWORK,"Hi Henry Faure Walker,

I noticed Gannett | USA TODAY NETWORK and wanted to reach out about how we might be able to help with your business needs.

Would you be open to a brief conversation?

Best regards",professional,,,
540,112,8903,1201,pending,f,f,2025-12-02 14:01:47.042794+00,Quick question for Inside4,"Hi Joe Skousen,

I noticed Inside4 and wanted to reach out about how we might be able to help with your business needs.

Would you be open to a brief conversation?

Best regards",professional,,,
541,113,28442,2405,pending,f,f,2025-12-03 14:01:32.482172+00,Quick question for UrbanPro,"Hi Bhavana Kalra,

I noticed UrbanPro and wanted to reach out about how we might be able to help with your business needs.

Would you be open to a brief conversation?

Best regards",professional,,,
542,113,28441,2405,pending,f,f,2025-12-03 14:01:32.482172+00,Quick question for UrbanPro,"Hi Rakesh Kalra,

I noticed UrbanPro and wanted to reach out about how we might be able to help with your business needs.

Would you be open to a brief conversation?

Best regards",professional,,,
543,113,28443,2406,pending,f,f,2025-12-03 14:01:32.482172+00,Quick question for Growing Stars,"Hi Mathew Biju,

I noticed Growing Stars and wanted to reach out about how we might be able to help with your business needs.

Would you be open to a brief conversation?

Best regards",professional,,,
544,113,28308,2376,pending,f,f,2025-12-03 14:01:32.482172+00,Quick question for Woz ED,"Hi Jessica Vensel,

I noticed Woz ED and wanted to reach out about how we might be able to help with your business needs.

Would you be open to a brief conversation?

Best regards",professional,,,
545,113,28303,2378,pending,f,f,2025-12-03 14:01:32.482172+00,"Quick question for immersionED, Inc.","Hi Chad Wilson,

I noticed immersionED, Inc. and wanted to reach out about how we might be able to help with your business needs.

Would you be open to a brief conversation?

Best regards",professional,,,
546,114,8822,1185,pending,f,f,2025-12-03 14:01:32.582648+00,Quick question for Ledgebrook,"Hi Gage Caligaris,

I noticed Ledgebrook and wanted to reach out about how we might be able to help with your business needs.

Would you be open to a brief conversation?

Best regards",professional,,,
547,114,30596,2950,pending,f,f,2025-12-03 14:01:32.582648+00,Quick question for Nexstar Media Group,"Hi Perry A. Sook,

I noticed Nexstar Media Group and wanted to reach out about how we might be able to help with your business needs.

Would you be open to a brief conversation?

Best regards",professional,,,
548,114,8834,1187,pending,f,f,2025-12-03 14:01:32.582648+00,Quick question for Flywire,"Hi Rob Orgel,

I noticed Flywire and wanted to reach out about how we might be able to help with your business needs.

Would you be open to a brief conversation?

Best regards",professional,,,
549,114,10349,1479,pending,f,f,2025-12-03 14:01:32.582648+00,Quick question for Centricity Research,"Hi Alexandra Walton,

I noticed Centricity Research and wanted to reach out about how we might be able to help with your business needs.

Would you be open to a brief conversation?

Best regards",professional,,,
550,114,18338,2018,pending,f,f,2025-12-03 14:01:32.582648+00,Quick question for Mad Science,"Hi Ron Shlien,

I noticed Mad Science and wanted to reach out about how we might be able to help with your business needs.

Would you be open to a brief conversation?

Best regards",professional,,,
551,115,28448,2410,pending,f,f,2025-12-04 14:00:57.828463+00,Quick question for Art of Problem Solving (AoPS),"Hi Richard Rusczyk,

I noticed Art of Problem Solving (AoPS) and wanted to reach out about how we might be able to help with your business needs.

Would you be open to a brief conversation?

Best regards",professional,,,
561,117,31238,3215,pending,f,f,2025-12-08 14:01:14.086665+00,Unlocking Insights with AI for Your Clients,"Hi there, Peter!

I hope this message finds you in great spirits! I’m reaching out to share some exciting news about an AI API that could significantly enhance how FINN Partners navigates the vast seas of financial unstructured data, like SEC filings.

As a leading agency in communications and marketing, I know how vital it is for you to provide your clients with the most accurate and timely insights. Our AI solution specializes in extracting relevant information from complex financial documents, making it easier for your team to manage and interpret this data. Imagine the time saved and the clarity gained when your clients can receive tailored analyses right at their fingertips!

Not only can this technology streamline your processes, but it can also empower your team to focus on what they do best—crafting compelling narratives and strategies for your clients. I truly believe this could be a game changer for you at FINN Partners.

I would love to chat more about how we can tailor this solution to fit your specific needs. Let me know a good time for you to connect!

Take care, 

Jonathan Novotny",professional,,,
562,117,28501,2421,pending,f,f,2025-12-08 14:01:14.086665+00,Unlock the Power of AI for Financial Data!,"Hi there, Vikas!

I hope this message finds you in great spirits! I wanted to take a moment to introduce you to an exciting opportunity that could significantly enhance the way Aas Vidyalaya handles large volumes of unstructured financial data, particularly those pesky SEC filings.

Our AI API specializes in extracting pertinent information from complex datasets, making it easier for businesses like yours to analyze and leverage crucial insights. Imagine streamlining your data management process and freeing up precious time for your team to focus on what truly matters—driving growth and innovation!

With our solution, you can expect increased accuracy, efficiency, and a clearer understanding of financial trends that directly impact your business decisions. I truly believe this could be a game-changer for Aas Vidyalaya.

If you're interested, I’d love to discuss this further and explore how we can tailor the solution to fit your unique needs. 

Looking forward to hearing from you soon!

Warmly,  

Jonathan Novotny",professional,,,
563,117,28495,2420,pending,f,f,2025-12-08 14:01:14.086665+00,Unlocking Insights with AI for LEAD School,"Hi there, Sumeet!

I hope this message finds you in great spirits! 

I wanted to take a moment to share something that I believe could be a real game-changer for LEAD School. We’ve recently introduced an AI API specifically designed for extracting valuable insights from large financial unstructured data, like SEC filings. This technology could be incredibly beneficial for your team as you continue to innovate and enhance learning outcomes across the schools you serve.

Imagine having the ability to quickly sift through mountains of data, allowing your educators and administration to focus more on what truly matters—improving student success. Our AI solution can help streamline data analysis, making it easier for you to draw insights that can inform strategic decisions and drive growth.

I’d love to discuss this further and explore how we can tailor our solution to fit your needs at LEAD School. 

Looking forward to hearing your thoughts!

Warmly, 

Jonathan Novotny",professional,,,
564,117,28503,2424,pending,f,f,2025-12-08 14:01:14.086665+00,Unlock the Power of AI for Your Data Needs,"Hi there, Binal!

I hope this message finds you in great spirits! I'm Jonathan Novotny, and I'm reaching out to share something that I believe could be a game-changer for The Learning Curve India.

As the world of finance becomes more complex, the ability to efficiently extract and analyze unstructured data—like SEC filings—has never been more critical. Our AI API specializes in this very area, making it easier than ever to sift through large volumes of data, transforming it into meaningful insights.

Imagine how much more streamlined your operations could be with quick access to vital financial information. By harnessing the power of our technology, you can focus on what truly matters: driving your business forward and making informed decisions that propel your mission.

I'd be delighted to discuss how we can tailor our solution to fit your specific needs and help The Learning Curve India thrive in this data-driven landscape. 

Looking forward to the opportunity to connect!

Warmly,  


Jonathan Novotny",professional,,,
565,117,28496,2420,pending,f,f,2025-12-08 14:01:14.086665+00,Unlocking New Insights for LEAD School with AI,"Hi there, Smita!

I hope this email finds you in good spirits! 

I wanted to take a moment to chat about an exciting opportunity that could really help LEAD School navigate the vast world of financial data—especially when it comes to unstructured information like SEC filings. 

Imagine harnessing the power of an AI API specifically designed for extracting relevant insights from large sets of unstructured data. This can help your team save time, make informed decisions quickly, and focus on what truly matters—enhancing learning outcomes for the thousands of students you serve across India.

By automating data extraction, you can gain a clearer understanding of financial trends and insights, ultimately leading to smarter strategic planning. This could be a game changer for your mission of transforming education.

I would be thrilled to discuss this further and see how we can tailor this solution to meet your needs at LEAD School. 

Looking forward to connecting soon!

Warmly,

Jonathan Novotny",professional,,,
566,118,30065,2857,pending,f,f,2025-12-08 14:01:15.38597+00,Elevate Your Storytelling with Engaging Media,"Hi there, David!

I hope this message finds you well and in good spirits. I wanted to take a moment to introduce you to Rich Media Play, where we pride ourselves on crafting high-impact video, animation, and data-driven storytelling tailored specifically for organizations like Guggenheim Partners.

In the fast-paced world of financial services, we understand how crucial it is to communicate your insights clearly and effectively. Our polished, strategic content can help you connect with your audience on a deeper level, without the overhead of traditional agencies. We can assist in transforming complex data into compelling narratives that resonate, ensuring your messages are not only heard but felt.

I’d love the opportunity to discuss how we might partner together to enhance your communications and elevate your brand. Please let me know if you're available for a quick chat—I’m more than happy to work around your schedule!

Looking forward to hearing from you soon.

Warmly,  

User",professional,,,
567,118,30319,2902,pending,f,f,2025-12-08 14:01:15.38597+00,Elevate Your Storytelling with Rich Media Play,"Hi there, Walter!

I hope this message finds you well and enjoying a lovely day. I’m reaching out to introduce you to Rich Media Play, where we specialize in crafting high-impact video, animation, and data-driven storytelling tailored just for organizations like Ameriprise Financial.

In today's fast-paced financial landscape, having polished and strategic content can truly set you apart. Our team is dedicated to creating engaging visuals and narratives that resonate deeply with your clients, all while eliminating the hefty agency overhead.

Whether it’s enhancing client presentations, showcasing your financial planning expertise, or bringing your asset management services to life, we’re here to partner with you in making your message shine like a diamond in the rough!

I would love the opportunity to discuss how we can support your goals and add value to Ameriprise Financial. Please let me know a convenient time for you to chat!

Warmly,  

User",professional,,,
568,118,30195,2884,pending,f,f,2025-12-08 14:01:15.38597+00,Elevate Your Storytelling with Rich Media Play,"Hi there, Isaac!

I hope this message finds you well and thriving at Crawford Lake Capital. I wanted to take a moment to share something that I believe could truly enhance the way you communicate your investment strategies and portfolio solutions to your clients.

At Rich Media Play, we specialize in producing high-impact video, animation, and data-driven storytelling tailored specifically for organizations like yours. Our goal is to provide polished, strategic content without the hefty agency overhead. We understand that in the financial services sector, clarity and engagement are key, and our team is dedicated to helping you articulate your unique value proposition in a way that resonates with high net worth individuals and institutions.

Imagine captivating your audience with beautifully crafted visuals that not only inform but also inspire trust. Whether it's through dynamic investment summaries, animated explainer videos, or compelling client testimonials, we can help you craft narratives that stick.

I would love the opportunity to chat more about how we can partner together to elevate your storytelling and further enhance the exceptional services you provide at Crawford Lake Capital. 

Looking forward to hearing from you!

Warmly, 

User",professional,,,
569,118,30067,2857,pending,f,f,2025-12-08 14:01:15.38597+00,Elevate Your Storytelling with Rich Media Play,"Hello Andrew!  

I hope this email finds you well and thriving at Guggenheim Partners.  

I wanted to take a moment to introduce you to Rich Media Play, where we specialize in creating high-impact video, animation, and data-driven storytelling tailored specifically for organizations like yours. We understand that in the fast-paced world of financial services, having polished, strategic content is essential to convey your expertise and build trust with your clients.  

Our team is dedicated to helping firms in the tri-state area elevate their messaging while saving on costly agency overhead. Whether you’re looking to enhance your presentations, create engaging client communications, or tell compelling stories about your services, we’ve got you covered.  

I’d love the opportunity to chat and explore how we can support Guggenheim Partners in achieving its communication goals. Please let me know if you’d be open to a conversation.  

Take care,  

User",professional,,,
570,118,29935,2827,pending,f,f,2025-12-08 14:01:15.38597+00,Elevate Your Storytelling with Rich Media Play,"Hi there, Michael!

I hope this email finds you well and enjoying a delightful day at Baron Capital. 

I wanted to take a moment to introduce you to Rich Media Play, where we specialize in crafting high-impact video, animation, and data-driven storytelling tailored for organizations like yours. We understand that in the financial services industry, clear and polished communication is key to building trust and engaging your audience.

Our services offer you the opportunity to convey your strategic insights and investment philosophies through captivating content, without the burden of traditional agency overhead. We believe that every story deserves to be told with finesse, and we’re here to help you share the unique narrative of Baron Capital with both current and prospective clients.

If you’re interested, I would love to discuss how we can work together to enhance your storytelling capabilities. Please let me know a convenient time for you to chat!

Looking forward to hearing from you!

Warmly,

User",professional,,,
571,119,30927,3125,pending,f,f,2025-12-08 14:01:16.705661+00,A Jump into Success with Doghouse!,"Hi there, Timothy!

I hope this email finds you well and enjoying a lovely day over at Apple Inc. I wanted to take a moment to introduce you to something truly special that could hop right into your business strategy—Doghouse!

Now, I know what you might be thinking, ""What’s a doghouse got to do with us?"" Well, let me tell you! Doghouse is designed to create a cozy nook for your customers, and guess what? Our target customer profile is as unique as a frog in a lily pad! With their vibrant energy and adaptability, they can help amplify your brand’s presence in delightful ways.

Imagine having a space where your customers feel right at home, connecting with your products in a way that resonates deeply with them. Doghouse can provide that special touch, making interactions memorable and encouraging loyalty like never before.

I’d love to chat more about how Doghouse can leap into action for Apple Inc. and support your mission. If you’re interested, just let me know a time that works for you, and I’ll be all ears!

Warmly, 

Demo User",professional,,,
572,119,30887,3081,pending,f,f,2025-12-08 14:01:16.705661+00,Exciting Opportunity to Leap into New Heights!,"Hi there, Jon!

I hope this email finds you well and enjoying a beautiful day over at WindowsWear Inc. I wanted to take a moment to introduce you to an exciting innovation that could truly add a hop to your step—our Doghouse solution.

Now, I know you might be wondering how a doghouse relates to your business. Well, let me tell you, it’s not just any doghouse—it’s a unique platform designed to cater specifically to your target customer profile: the delightful frog lovers out there! 

By integrating our Doghouse into your offerings, you can create a charming and engaging experience that resonates with your audience. It’s all about making connections and building a community around shared passions, and I believe this could be a wonderful fit for the folks who adore their froggy friends.

I’d love to chat more about how we can work together to bring this vision to life for WindowsWear Inc. Please let me know if you’re available for a quick call or coffee chat—I’m all ears!

Looking forward to hearing from you!

Warmly,  

Demo User",professional,,,
573,119,30791,3021,pending,f,f,2025-12-08 14:01:16.705661+00,A Unique Opportunity for Microsoft!,"Hello Satya,

I hope this message finds you well and thriving in your endeavors at Microsoft!  

I wanted to take a moment to introduce you to a delightful innovation that could truly benefit your team and customers alike: Doghouse.  

Now, I know what you might be thinking—what does a doghouse have to do with a tech giant like Microsoft? Well, let me tell you, Doghouse is more than just a cozy spot for our furry friends! This unique concept is designed to create a welcoming hub for collaboration and community engagement, perfect for your target audience, which we affectionately refer to as ""frog frog.""  

Imagine a space that fosters creativity, teamwork, and inspiration, all while keeping that Southern charm we hold dear. By incorporating Doghouse, you can enhance employee morale and cultivate a sense of belonging. It’s about bringing people together, just like a good ol’ Southern barbecue!  

I would be thrilled to discuss how this could be a wonderful fit for Microsoft and help you in your mission. Please let me know if you'd like to chat further!  

Warmly,  

Demo User",professional,,,
574,119,30785,3015,pending,f,f,2025-12-08 14:01:16.705661+00,A Tail-Wagging Solution for Tesla!,"Hello!

I hope this email finds you well! I wanted to take a moment to share something that could bring a little joy and innovation to your team at Tesla.

Introducing Doghouse! Now, I know what you might be thinking, but this isn’t just any ol’ doghouse. It’s a delightful little haven designed for our froggy friends—those who are ready to leap into a world of comfort and style. Imagine how this could resonate with your target customers, the frog frog, by providing them with a cozy spot to truly enjoy their day.

With Doghouse, we can enhance your business by creating a unique connection with this vibrant audience. Not only does it offer a perfect retreat for our amphibious pals, but it also serves as a charming conversation starter, driving engagement and interest in your brand. It’s all about fostering community and making a splash in a memorable way!

I’d love to chat more about how we can tailor this to fit Tesla’s innovative spirit. Please let me know if you’d be open to a conversation.

Wishing you a wonderful day ahead!

Warmly,  
Demo User",professional,,,
575,119,30795,3025,pending,f,f,2025-12-08 14:01:16.705661+00,A Unique Opportunity for Apple,"Hi there, Tim!

I hope this email finds you in great spirits! I wanted to take a moment to introduce you to an exciting concept that could bring a whole new level of charm and utility to Apple.

Have you ever thought about how a doghouse can resonate with our furry friends—and their owners? Well, it's not just about providing shelter; it’s about creating a delightful experience for both pets and their humans. Imagine offering a product that not only showcases a commitment to quality and fun but also appeals to a unique customer segment: our beloved frog enthusiasts! 

With your innovative leadership, combining the whimsical world of doghouses with the captivating essence of frogs could create a buzz that aligns perfectly with Apple’s creative spirit. It’s about connection, community, and a touch of joy in everyday life. 

I’d love to chat more about how we can weave this into Apple’s vision. Let’s find a time to connect!

Warmly,

Demo User",professional,,,
577,121,28516,2426,pending,f,f,2025-12-09 14:01:31.247244+00,Unlock the Power of AI for Your Financial Data,"Hi there, Lauren!

I hope this email finds you in great spirits! I wanted to take a moment to introduce you to an exciting AI API that could be a game-changer for Elevate K-12, especially when it comes to extracting valuable insights from large volumes of unstructured financial data, such as SEC filings.

In today’s fast-paced world, I know how important it is to have quick access to accurate information. This AI solution can help streamline your data extraction process, allowing your team to focus on what truly matters—making informed decisions and driving your product forward.

By automating the extraction of critical data, you’ll not only save precious time but also enhance the accuracy of your analyses. Imagine spending less time sifting through mountains of documents and more time innovating and serving your clients!

I would love to chat more about how this could benefit Elevate K-12. If you’re interested, please let me know a time that works for you, and I’ll be happy to set it up.

Take care, and I look forward to hearing from you soon!

Warmly, 

Jonathan Novotny",professional,,,
576,120,30340,2909,pending,f,f,2025-12-09 14:01:31.245805+00,Elevate Your Storytelling with Rich Media Play,"Hi there, Walter!  

I hope this message finds you well and enjoying a lovely day!

I wanted to take a moment to introduce you to Rich Media Play, where we specialize in creating high-impact video, animation, and data-driven storytelling tailored specifically for organizations like Ameriprise Financial. Our mission is to help companies craft polished, strategic content without the hefty agency overhead, allowing you to focus on what you do best—helping clients build and protect their financial futures.

In the financial services industry, effective communication is key. We understand the importance of conveying complex information in a way that resonates with both individual clients and financial advisors. Our team can partner with you to create engaging visual content that not only informs but also inspires trust and confidence.

I would love the opportunity to chat further about how we can support your goals at Ameriprise Financial. Please let me know if you have some time in the coming days for a brief conversation.

Looking forward to hearing from you soon!  

Warmly,  

User",professional,,,
578,121,28515,2426,pending,f,f,2025-12-09 14:01:31.247244+00,Transform Your Data Strategy with Our AI API,"Hi there, Shaily!

I hope this message finds you well and enjoying a beautiful day at Elevate K-12. 

I wanted to take a moment to introduce you to a fantastic opportunity that could greatly enhance how you manage large volumes of unstructured financial data, especially when it comes to SEC filings. Our AI API is designed to streamline data extraction, making it easier for companies like yours to access and analyze valuable information without the heavy lifting.

Imagine being able to pull critical insights from those complex documents in a fraction of the time! This technology offers not just efficiency but also accuracy, which can empower your team to make informed decisions swiftly. 

I would love to chat more about how this could specifically benefit Elevate K-12 and help you take your data management to the next level. Would you be open to a quick conversation in the coming days? 

Looking forward to hearing from you!

Warmly,  

Jonathan Novotny",professional,,,
579,121,28517,2426,pending,f,f,2025-12-09 14:01:31.247244+00,Unlocking Insights with AI for Elevate K-12,"Hi there, Kim!  

I hope this email finds you well and enjoying a lovely day!  

I wanted to take a moment to introduce you to an exciting AI API that specializes in extracting unstructured data from large financial documents, like SEC filings. Given the nature of Elevate K-12 and your role as Vice President of GTM & Enablement, I believe this technology could be a game changer for your team.  

Imagine being able to sift through those hefty filings quickly and efficiently, allowing you to focus on what truly matters – making informed decisions to elevate your business. This tool can help streamline your processes, enhance compliance, and provide deeper insights into financial landscapes, all while saving you precious time.  

I’d love to discuss how this AI API can align with your goals at Elevate K-12. If you're open to it, let’s set up a time to chat!  

Take care,  

Jonathan Novotny",professional,,,
597,124,30895,3089,pending,f,f,2025-12-10 14:01:48.85118+00,Let’s Hop into Something Special!,"Hi there, Jon!  

I hope this email finds you well and enjoying a lovely day at Goodwin!  

I wanted to take a moment to share an exciting opportunity that could really benefit your team. Our product, Doghouse, is designed with your target customers — those charming little frogs — in mind. It offers a unique solution that can help you engage with them more effectively and enhance your business's overall experience.  

With Doghouse, you can ensure that you're meeting the specific needs of your frog customers, providing them with a delightful and tailored experience. It’s all about creating a warm, welcoming environment that keeps them coming back for more!  

I would love to chat further about how Doghouse can jumpstart some fantastic results for Goodwin. Please let me know a good time for you, and I’ll be more than happy to set up a call.  

Take care,  

Demo User",professional,,,
581,120,30089,2864,pending,f,f,2025-12-09 14:01:31.245805+00,Elevate Your Storytelling with Rich Media Play,"Hi there, William!

I hope this email finds you well and enjoying a lovely day. I’m reaching out to introduce you to Rich Media Play, where we specialize in creating high-impact video, animation, and data-driven storytelling tailored just for organizations like Pershing Square Capital Management.

In the fast-paced world of financial services, having polished and strategic content is essential in conveying your message and value to your stakeholders. Our team crafts compelling narratives that not only engage but also inspire trust and confidence among your investors and clients. 

We understand the unique challenges that come with being an activist hedge fund, and we believe that our services can help you present your strategies and insights more effectively. By partnering with us, you can achieve the polished look and feel of an agency, all while avoiding the overhead costs that often come with it.

I would love to chat further about how Rich Media Play can assist Pershing Square in elevating your storytelling and enhancing your brand presence. 

Looking forward to connecting!

Warmly,  

User",professional,,,
582,120,29989,2840,pending,f,f,2025-12-09 14:01:31.245805+00,Elevate Your Storytelling with Rich Media Play,"Hi there, Richard!

I hope this email finds you well and thriving at Stone Point Capital!

I wanted to take a moment to introduce you to Rich Media Play, where we specialize in producing high-impact video, animation, and data-driven storytelling tailored specifically for organizations like yours in the financial services industry. With your impressive track record of managing over $45 billion in assets and your commitment to supporting growth and long-term value creation, I believe our services could truly complement your strategic goals.

Imagine bringing your investment stories to life with polished, engaging content that resonates with both your management teams and your clients. Our approach eliminates the typical agency overhead, allowing you to focus on what you do best—driving value and fostering partnerships.

I’d love the opportunity to chat further about how we can support Stone Point Capital in telling your unique story and enhancing your communication strategy. 

Looking forward to the possibility of working together!

Warmly,  

User",professional,,,
583,120,29933,2827,pending,f,f,2025-12-09 14:01:31.245805+00,Elevate Your Storytelling with Rich Media Play,"Hi there, Ron!

I hope this message finds you in good spirits. I’m reaching out to introduce you to Rich Media Play, where we specialize in creating high-impact video, animation, and data-driven storytelling tailored specifically for organizations like Baron Capital.

In today’s fast-paced financial landscape, having polished and strategic content is not just a luxury; it’s a necessity. We understand the importance of conveying your investment philosophy and unique strategies in a way that resonates with your audience. Our team is dedicated to helping firms like yours communicate their vision in a compelling manner, all while avoiding the overhead that often comes with traditional agency partnerships.

Imagine engaging your investors with captivating visual content that showcases your long-term growth equity investments and highlights the durable competitive advantages of the businesses you support. We believe that through our tailored approach, we can help Baron Capital further establish itself as a thought leader in the industry.

I would love the opportunity to discuss how Rich Media Play can support your storytelling needs and contribute to your firm’s continued success. 

Looking forward to your thoughts!

Warmly,  

User",professional,,,
584,120,30652,2960,pending,f,f,2025-12-09 14:01:31.245805+00,Introducing Rich Media Play – Your Partner for Impactful Storytelling,"Hi there, Dan!

I hope this email finds you well and basking in the glow of your latest creative ventures at Story Syndicate! 

I wanted to take a moment to introduce you to Rich Media Play. We specialize in producing high-impact video, animation, and data-driven storytelling tailored specifically for organizations like yours that need polished, strategic content without the hefty agency overhead.

In the fast-paced world of financial services, especially here in the tri-state area, compelling storytelling is key to connecting with your audience. Our team is passionate about crafting stories that resonate and drive engagement, helping businesses like yours to stand out in a crowded marketplace.

I believe that our expertise in creating stunning visual content can complement the amazing work you’re already doing at Story Syndicate. We’d love to explore how we can partner together to elevate your projects and contribute to your mission of delivering premium storytelling.

If this piques your interest, I’d be delighted to chat further. 

Warmly,  

User",professional,,,
580,121,28470,2412,pending,f,f,2025-12-09 14:01:31.247244+00,Unlocking Insights from Unstructured Data,"Hi there, Irina!

I hope this email finds you well and thriving at Russian Math. I wanted to take a moment to share something that I believe could be a game changer for your operations as you continue to champion rigorous, concept-based math instruction.

We have developed an AI API specifically designed for extracting valuable insights from large volumes of unstructured financial data, such as SEC filings. I truly believe this tool could help streamline data processing for your organization, allowing you to focus more on what you do best—nurturing deep mathematical thinking in your students.

Imagine having the ability to effortlessly analyze and interpret complex financial documents, gaining insights that could fuel strategic decisions and improve your overall efficiency. This could free up precious time for your team, enabling them to dedicate more energy to enhancing your educational offerings.

I would love to chat more about how this could align with your goals at Russian Math. Please let me know if you'd be open to a conversation!

Warmly,

Jonathan Novotny",professional,,,
585,121,28502,2421,pending,f,f,2025-12-09 14:01:31.247244+00,Unlocking Insights from Your Financial Data,"Hi there, Leena!

I hope this message finds you well and thriving at Aas Vidyalaya. 

I’m reaching out to share some exciting news about an AI API designed specifically for extracting unstructured financial data, like SEC filings, which I believe could be a game-changer for your business. 

In today’s fast-paced financial landscape, having quick access to accurate data can be crucial for making informed decisions. Our AI technology can sift through vast amounts of documents, pulling out valuable insights in no time. This means your team can focus more on strategy and less on data wrangling, ultimately enhancing efficiency and productivity.

I’d love the opportunity to discuss how this solution can support Aas Vidyalaya’s goals and streamline your data processes. If you’re interested, let’s set up a time to chat!

Wishing you a wonderful day ahead!

Warmly,  

Jonathan Novotny",professional,,,
586,122,30871,3043,pending,f,f,2025-12-09 14:01:31.320154+00,A Little Something for Your Froggy Friends!,"Hi there, Jon!

I hope this email finds you hopping along joyfully! I'm reaching out from Send2 to introduce a delightful solution that I believe could really help WindowsWear flourish—our Doghouse platform.

Now, I know what you might be thinking—doghouses and frogs? But hear me out! Doghouse is designed with the agile, adaptive needs of our frog friends in mind. This platform provides a unique space for engagement that can help you connect with your target audience in a way that's as refreshing as a cool pond on a hot summer day.

With Doghouse, you can streamline communication, enhance collaboration, and ensure that every leap your team makes is a successful one. Imagine the possibilities of having a space where ideas can bounce around just like our froggy friends do in nature!

I’d love to chat more about how Doghouse can fit into your vision at WindowsWear. Please let me know if you’d like to hop on a call!

Take care, and I look forward to connecting soon!

Warmly,  

Demo User",professional,,,
587,122,30778,2987,pending,f,f,2025-12-09 14:01:31.320154+00,Hop on Board with Our Exciting Offering!,"Hi there, Jonathan!  

I hope this email finds you basking in the sunshine and enjoying a lovely day at CodeJIKA!  

I wanted to take a moment to introduce you to our delightful doghouse solution that we believe could be a perfect fit for your target customer profile—those charming little frogs!  

Our doghouse is designed to create a cozy, welcoming space that not only attracts those froggy friends but also enhances their overall experience. With its unique features, it can help your business engage and retain your customers, ensuring they keep hopping back for more!  

We truly believe that this innovative solution could add some real value to your offerings and help CodeJIKA leap to new heights in customer satisfaction. If you're interested, I’d love to chat more about how we can collaborate to make this happen.  

Looking forward to hearing from you soon!  

Warmly,  

Demo User",professional,,,
588,122,30781,2990,pending,f,f,2025-12-09 14:01:31.320154+00,A Little Something Special for Jesus Image!,"Hi there, Michael!

I hope this email finds you in good spirits! I wanted to take a moment to introduce you to something that could truly make a splash at Jesus Image — our delightful doghouse solution. 

Now, I know you might be wondering how a doghouse could possibly benefit your organization, but let me tell you, it’s all about creating an inviting space for those little frogs hopping in and out of your community. Imagine a cozy spot where they can gather, connect, and feel right at home during your events. It’s not just a structure; it’s a warm welcome that fosters connection and camaraderie. 

With this charming addition, your organization can enhance the experience for everyone, making it a memorable and inviting place for all. We know how much you value community engagement, and we believe our doghouse can help you cultivate an even stronger bond with your audience.

I would love to chat more about how we can make this happen for Jesus Image. Please let me know a time that works for you, and we can discuss all the details.

Take care, and I look forward to hearing from you!

Warmly,  

Demo User",professional,,,
589,122,30780,2989,pending,f,f,2025-12-09 14:01:31.320154+00,A Ribbit-ing Opportunity for RMP NYC!,"Hi there, Rich!

I hope this email finds you hopping along happily! I’m reaching out to share something that I believe could be a real game-changer for Rich Media Play.

Introducing Doghouse, a delightful platform designed to enhance your connections with your target customers—specifically, our froggy friends! With its user-friendly interface and engaging features, Doghouse can help you create captivating content that resonates with your audience and keeps them coming back for more.

Imagine having a tool that not only streamlines your communication but also amplifies your reach to those who appreciate the ribbiting charm of frogs. We all know how special such a niche market can be, and Doghouse is here to help you make the most of it!

I would love the chance to chat more about how Doghouse can support your goals at RMP NYC. Let’s hop on a call and explore the possibilities together!

Warmly,

Demo User",professional,,,
590,122,30779,2988,pending,f,f,2025-12-09 14:01:31.320154+00,A Delightful Addition for Jazz at Lincoln Center!,"Hi there, Nicholas!

I hope this email finds you in good spirits and enjoying the beautiful melodies of the day. My name is Demo User, and I'm reaching out to introduce you to something truly special that I believe could be a wonderful fit for Jazz at Lincoln Center.

We’ve developed a unique offering called Doghouse, designed to create some delightful experiences for your audience—particularly those who love a bit of froggy charm! We understand that your target customers are looking for engaging and fun interactions, and Doghouse is here to help foster that connection.

With Doghouse, you can provide a lively, interactive space that resonates with the vibrant energy of your performances. It can enhance the overall experience for your audience, making it memorable in a way that only a touch of whimsy can achieve. Plus, it fits right in with the creative spirit of Jazz at Lincoln Center!

I would love to chat more about how Doghouse can add value to your exceptional offerings. Let me know if you’d like to set up a time to discuss this further!

Thank you for your time, and I look forward to the possibility of working together!

Warmly,  

Demo User",professional,,,
594,123,28459,2413,pending,f,f,2025-12-10 14:01:46.151265+00,Elevate Your Data Insights with AI!,"Hi there, Richard!

I hope this email finds you in great spirits! 

I wanted to take a moment to introduce you to a remarkable AI API that specializes in extracting valuable insights from large volumes of unstructured financial data, like SEC filings. I believe it could be a game-changer for Beast Academy as you continue to innovate in the world of education.

Imagine having the ability to easily sift through complex financial documents, transforming them into structured data that can inform your strategic decisions. This tool not only streamlines the process but also enhances your capability to make data-driven choices that support your mission of delivering top-notch math education to young learners.

With this AI technology, you can save time, reduce manual errors, and ultimately focus more on what you do best: nurturing young minds and fostering a love for problem-solving. 

I would love the opportunity to discuss this further and explore how it could be tailored to meet the unique needs of Beast Academy. 

Looking forward to connecting!

Warmly,  

Jonathan Novotny",professional,,,
595,123,28537,2427,pending,f,f,2025-12-10 14:01:46.151265+00,Unlocking Insights with AI for VIBGYOR High School,"Hi there, Rustom!

I hope this message finds you well and thriving at VIBGYOR High School. I wanted to take a moment to share something that I believe could greatly benefit your esteemed institution.

We’ve developed an AI API designed specifically for extracting valuable information from large volumes of unstructured financial data, such as SEC filings. This could help VIBGYOR High School streamline data processing and enhance your decision-making capabilities.

Imagine having the ability to swiftly analyze financial reports and gain insights that could support your strategic initiatives—whether it’s for budgeting, resource allocation, or even expanding your academic offerings. This tool could free up precious time for your team, allowing them to focus on what they do best: nurturing young minds.

I would be delighted to discuss this further and explore how we can tailor this solution to meet VIBGYOR’s unique needs. 

Looking forward to hearing from you!

Warmly,  

Jonathan Novotny",professional,,,
596,124,31135,3181,pending,f,f,2025-12-10 14:01:48.85118+00,A Unique Solution for CodeTribe!,"Hi there, Jonathan!

I hope this message finds you basking in sunshine and good vibes! I’m reaching out to share an exciting opportunity that could be a real game-changer for CodeTribe.

We’ve recently launched a delightful product called Doghouse that’s tailored to help businesses like yours connect with your target audience – in this case, our green friends, the frogs! With Doghouse, you can create engaging and interactive experiences designed specifically for your frog-loving customers. It’s all about building those meaningful connections that drive engagement and growth.

Imagine a platform that not only showcases your innovative solutions but also resonates deeply with your audience. Doghouse is here to help you do just that, making it easier for you to reach out and engage with your frog community in a way that’s both fun and effective.

I would absolutely love the chance to discuss how Doghouse can bring a fresh perspective to CodeTribe’s offerings. If you’re interested, let’s set up a time to chat!

Wishing you all the best,

Demo User",professional,,,
592,123,28527,2429,skipped,f,f,2025-12-10 14:01:46.151265+00,Unlocking New Insights for PlanetSpark,"Hi there, Maneesh!  

I hope this email finds you well and thriving at PlanetSpark! I recently came across the incredible work you’re doing in the edtech space and wanted to share something I believe could be a game changer for your team.  

Have you ever felt like sifting through large financial documents, like SEC filings, is akin to finding a needle in a haystack? Well, I’m excited to introduce you to our AI API designed specifically for extracting unstructured data from such documents.  

This innovative tool can help streamline your data analysis process, allowing you and your team to focus on what truly matters—enhancing those wonderful learning programs for children. By automating the extraction of key insights, you can save valuable time and resources, enabling you to make more informed decisions with ease.  

I’d love to chat more about how this AI solution can fit into your current processes and help you further your mission at PlanetSpark.  

Looking forward to hearing your thoughts!  

Warmly,  

Jonathan Novotny",professional,,,
598,124,31133,3179,pending,f,f,2025-12-10 14:01:48.85118+00,A New Approach for Your Frog Customers!,"Hi there, Jonathan!

I hope this message finds you well and enjoying a delightful day at Compra.co.mz! I wanted to take a moment to introduce you to a little gem we have here at Send2—our innovative doghouse solution, designed specifically to cater to your enchanting frog clientele.

You see, our doghouse isn’t just for pups; it's a unique concept that can create a delightful experience for your frog customers. By offering a comfortable and safe environment, our doghouse can help them thrive and feel at home. This can lead to increased customer satisfaction and loyalty, which we all know is just as sweet as a slice of pecan pie!

I truly believe that integrating our doghouse into your offerings could set Compra.co.mz apart in the market, attracting more frog lovers and enhancing their experience. I’d be thrilled to discuss how we can make this happen and how it can be tailored to fit your specific needs.

Looking forward to hearing from you soon!

Warmly,  

Demo User",professional,,,
599,124,30891,3085,pending,f,f,2025-12-10 14:01:48.85118+00,A Little Something That Can Help Your Business Shine!,"Hi there, Jon!

I hope this email finds you well and enjoying a beautiful day at Goodwin Procter LLP. I wanted to take a moment to introduce you to something that might just leap into your heart—and your business strategy!

Here at Send2, we’ve developed a unique product called Doghouse, designed to help businesses like yours connect with your target customers more effectively. With a focus on the distinctive needs of the frog demographic, Doghouse can streamline your outreach and make your marketing efforts more engaging than ever. 

Imagine having a tool that not only captures the essence of what your clients are looking for but also caters to the playful nature of our froggy friends! It’s all about creating a delightful experience that resonates, and I truly believe Doghouse can bring that spark to your initiatives.

I’d love the opportunity to discuss this further and explore how we can hop along this journey together. Please let me know if you'd be open to a chat!

Warmly,  

Demo User",professional,,,
600,124,31136,3182,pending,f,f,2025-12-10 14:01:48.85118+00,Hop on Board with Doghouse!,"Hi there, Jonathan!

I hope this email finds you well and hopping along just fine! I'm reaching out from Send2 to introduce you to something that might just make your heart leap – our innovative product, Doghouse.

Now, I know what you might be thinking – “What’s a doghouse got to do with frogs?” But let me tell you, Doghouse is designed to create perfect environments for your target customer profile, which we lovingly refer to as “frog.” With features tailored for their unique needs, it can help you engage your audience in delightful ways. 

Imagine presenting your offerings in a space that resonates with your customers - a place where they feel comfortable and understood. That’s what Doghouse can do for Codacity LLC! By enhancing your customer experience, you can foster deeper connections and drive greater satisfaction.

I’d love the opportunity to chat more about how we can hop into this together. 

Take care,

Demo User",professional,,,
601,125,31946,3354,pending,f,f,2025-12-10 14:01:51.152065+00,"Let's Elevate Your Storytelling, Michael!","Hi there, Michael!

I hope this email finds you well and enjoying a wonderful day at Sands Capital. I wanted to take a moment to introduce you to Rich Media Play, where we specialize in creating high-impact video, animation, and data-driven storytelling tailored specifically for organizations like yours.

In the ever-evolving world of financial services, we understand how crucial it is to convey your insights and strategies with clarity and polish. Our team works tirelessly to craft compelling narratives that resonate with your audience, all while providing the strategic content you need without the hefty agency overhead.

Imagine having a powerful tool at your disposal that not only highlights Sands Capital's innovative approach but also engages your clients and stakeholders on a deeper level. Whether it’s showcasing your investment strategies or sharing success stories, we’re here to help you elevate your storytelling to new heights.

I would be delighted to discuss how we can partner together to enhance your communications and drive your message home.

Looking forward to hearing from you!

Warmly,  

User",professional,,,
602,125,30684,2970,pending,f,f,2025-12-10 14:01:51.152065+00,Partnering for Impactful Storytelling,"Hi there, Rob!

I hope this email finds you well and thriving at 17 Projects! I wanted to reach out and introduce you to Rich Media Play, where we specialize in creating high-impact video, animation, and data-driven storytelling tailored specifically for organizations like yours. 

We understand that in the financial services sector, polished and strategic content is crucial for standing out in today’s competitive landscape. Our team is dedicated to delivering exceptional quality without the hefty agency overhead, ensuring that you receive top-notch content that resonates with your audience.

I believe our services could be a wonderful fit for 17 Projects as we share a commitment to excellence and creativity. Together, we can elevate the narratives that define your clients' brands and help them connect more deeply with their audiences.

I would love to chat further about how we can collaborate to bring your vision to life. Please let me know if you’re available for a brief call in the coming days!

Warmly,  

User",professional,,,
603,125,30615,2953,pending,f,f,2025-12-10 14:01:51.152065+00,Let’s Elevate Your Storytelling Together!,"Hi there, Ezio!  

I hope this message finds you in great spirits! My name is User, and I’m reaching out to share an exciting opportunity that could elevate the way QNY Creative communicates with your clients.  

At Rich Media Play, we specialize in producing high-impact video, animation, and data-driven storytelling tailored specifically for organizations like yours in the financial services sector. Our goal is to provide polished, strategic content that resonates with audiences without the hefty agency overhead.  

Imagine the impact of visually captivating narratives that not only inform but also engage your clients in meaningful ways. We understand the unique challenges financial services companies face, and we’re here to help you craft the compelling stories that set you apart in the Tri-State area.  

I would love to chat further about how we can work together to enhance your creative offerings. Please let me know a convenient time for you, and I’ll be happy to accommodate!  

Looking forward to the possibility of collaboration!  

Warmly,  

User",professional,,,
604,125,30654,2960,pending,f,f,2025-12-10 14:01:51.152065+00,Let's Create Something Exceptional Together!,"Hi there, Katherine!

I hope this message finds you well and enjoying a beautiful day in New York!

I wanted to take a moment to introduce you to Rich Media Play. We specialize in producing high-impact video, animation, and data-driven storytelling tailored specifically for organizations like Story Syndicate. Our aim is to deliver polished, strategic content without the overhead of traditional agencies.

With your impressive background in premium nonfiction and scripted content, I believe our services could complement the wonderful storytelling you’re already known for. Whether it’s creating dynamic promotional videos or engaging visual stories that resonate with your audience, we’re here to help elevate your projects to new heights.

If you’re interested, I’d love to chat and explore how we might work together to bring your creative vision to life. 

Looking forward to hearing from you!

Warmly,  

User",professional,,,
591,123,28528,2429,skipped,f,f,2025-12-10 14:01:46.151265+00,Transforming Data Insights for PlanetSpark,"Hi there, Kunal!

I hope this message finds you well and thriving at PlanetSpark. It’s truly inspiring to see how your team is making such a positive impact on children’s learning experiences! 

I wanted to take a moment to introduce you to an exciting AI API that specializes in extracting valuable insights from large unstructured financial data, such as SEC filings. I believe this could be a game-changer for your business, especially as you continue to navigate the complex financial landscape in the edtech sector.

By harnessing this technology, you can streamline your data analysis processes, allowing you to focus more on what matters most—creating engaging and effective learning programs for your students. The API can help you uncover trends and insights that may have otherwise gone unnoticed, offering you a clearer picture of your financial environment and enabling informed decision-making.

I’d be delighted to discuss how this solution could align with your goals at PlanetSpark. If you’re interested, I’d love to set up a time to chat!

Wishing you a splendid day ahead!

Warmly,  

Jonathan Novotny",professional,,,
593,123,28532,2430,skipped,f,f,2025-12-10 14:01:46.151265+00,Unlocking Insights from Financial Data,"Hi there, Dino!

I hope this message finds you well and thriving at GEMS Education!

I wanted to take a moment to introduce you to an exciting opportunity that could greatly benefit your operations. Our AI API specializes in extracting insights from large volumes of unstructured financial data, such as SEC filings. This powerful tool can streamline your data processing, allowing you to focus on what truly matters—providing top-notch education and enriching the lives of students around the world.

Imagine having the ability to quickly glean essential information from complex documents, making informed decisions faster and more efficiently. With this technology, you'll be able to enhance your strategic planning and ensure that GEMS continues to lead in delivering high-quality education.

I would love the chance to discuss how this could specifically tailor to your needs and the remarkable journey GEMS Education is on. 

Thank you for considering this, Dino. I look forward to the possibility of connecting!

Warmly,  

Jonathan Novotny",professional,,,
606,126,32508,3458,pending,f,f,2025-12-11 14:10:04.19999+00,Unlocking Insights from Financial Data for Housecall Pro,"Hi there, Reza!  

I hope this message finds you well and enjoying a beautiful day.  

I wanted to take a moment to introduce you to a fantastic opportunity that could really help Housecall Pro streamline its operations even further. We’ve developed an AI API designed specifically for extracting valuable insights from large volumes of unstructured financial data, like SEC filings.  

Imagine being able to automate the way you gather and analyze financial documents. This technology can help your team save countless hours, allowing you to focus on what truly matters—serving your plumbing professionals better. By harnessing the power of AI, you can transform complex data into actionable insights, all while enhancing decision-making processes.  

I would love the chance to chat with you more about how this could fit into your operations at Housecall Pro. Please let me know if you’re open to a brief conversation. I genuinely believe that together we can make great strides!  

Take care,  

Jonathan Novotny",professional,,,
607,126,32554,3466,pending,f,f,2025-12-11 14:10:04.19999+00,Unlocking Insights from Financial Data,"Hi there, Peter!

I hope this email finds you well and thriving at Barrel! I wanted to take a moment to share something that I believe could significantly enhance your capabilities in processing large volumes of unstructured financial data, like SEC filings.

At our company, we’ve developed a powerful AI API that specializes in extracting valuable insights from complex datasets. Imagine having the ability to effortlessly turn those lengthy financial documents into actionable intelligence, allowing your team to focus more on strategy and creativity rather than getting bogged down in data management.

This tool can streamline your processes, improve accuracy, and ultimately help you serve your clients even better by providing them with deeper insights into their financial landscapes. I truly believe that integrating this technology could be a game changer for Barrel as you continue to grow your digital presence.

I would love to discuss how we can tailor this solution to fit your needs and explore the possibilities together. Please let me know a time that works for you, and we can chat further.

Looking forward to connecting!

Warmly,  

Jonathan Novotny",professional,,,
608,126,28550,2440,pending,f,f,2025-12-11 14:10:04.19999+00,Unlock the Potential of Your Financial Data,"Hi there, Jc!  

I hope this message finds you well and thriving at Aakash Educational Services Limited. I wanted to take a moment to share something that could truly enhance your operations – an AI API designed for extracting valuable insights from large volumes of unstructured financial data, such as SEC filings.  

Imagine the time and effort you could save while gaining deeper insights into your data. This technology can seamlessly sift through complex documents, pulling out key information that can inform your strategic decisions. It’s like having a trusty assistant that never tires, always ready to help you make sense of the numbers!  

By integrating this AI-driven solution, you can streamline your data analysis processes, improve accuracy, and focus more on what really matters – serving your clients and growing your business. I genuinely believe this could be a game changer for you and your team at AESL.  

If you’re interested, I’d love to chat more about how this can be tailored to fit your needs.  

Warmly,  

Jonathan Novotny",professional,,,
609,126,28546,2438,pending,f,f,2025-12-11 14:10:04.19999+00,Unlock the Power of AI for Your Financial Data,"Hi there, Ajay!  

I hope this message finds you well and thriving at SunoKitaab!  

I wanted to take a moment to introduce you to an exciting AI API specifically designed for extracting unstructured financial data, such as SEC filings. In today’s fast-paced financial landscape, having quick access to accurate information is more important than ever, and I truly believe this tool can be a game changer for your business.  

Imagine being able to effortlessly sift through mountains of data to uncover valuable insights, ultimately saving you time and enhancing decision-making processes. This API not only streamlines data extraction but also helps ensure you’re always a step ahead of the competition.  

I’d love to discuss how this could be tailored to meet the unique needs of SunoKitaab, so please let me know if you’d be open to a chat.  

Take care,  

Jonathan Novotny",professional,,,
610,126,28548,2434,pending,f,f,2025-12-11 14:10:04.19999+00,Unlocking Insights from SEC Filings with AI,"Hi there, Varun!

I hope this message finds you in great spirits. I’m Jonathan Novotny, and I’m reaching out to share something that I believe could be a game changer for SarrthiIAS.

We’ve developed an AI-powered API specifically designed for extracting valuable insights from large volumes of unstructured financial data, like SEC filings. I know that navigating through heaps of data can be quite the chore, especially when you’re striving for accuracy and speed.

Imagine being able to streamline your data extraction process, saving you precious time and resources while ensuring you never miss a critical piece of information. Our solution can help you unlock deeper insights that can elevate your decision-making and provide a competitive edge in your industry.

I’d love to chat more about how this could benefit SarrthiIAS and help you continue to thrive in the financial landscape. If you’re open to it, let’s set up a time to talk!

Looking forward to hearing from you!

Warmly,  

Jonathan Novotny",professional,,,
611,127,28566,2445,pending,f,f,2025-12-12 14:00:47.119899+00,Exciting Opportunities for Pickleheads!,"Hi there, Max!

I hope this message finds you in great spirits! I wanted to take a moment to introduce you to something that could be a game changer for Pickleheads, especially as you continue to grow your community and resources around the wonderful sport of pickleball.

We’ve developed a powerful AI API designed specifically for extracting valuable insights from large financial unstructured data, like SEC filings. Now, I know what you’re thinking—how does that tie into pickleball? Well, this tool can help you sift through financial data, identify trends, and make informed decisions that could enhance your business strategies and partnerships.

Imagine having the ability to quickly analyze sponsorship opportunities, investor insights, or even expansion possibilities without getting bogged down by the nitty-gritty of data processing. It’s all about saving time and empowering your decisions with clear, actionable information that can elevate Pickleheads to new heights!

I would love to chat more about how this can align with your goals and support the amazing work you’re doing. Let me know if you have some time to connect!

Take care, and keep up the fantastic work!

Warmly,

Jonathan Novotny",professional,,,
612,127,28570,2444,pending,f,f,2025-12-12 14:00:47.119899+00,Unlock New Insights with AI for Your Financial Data,"Hi there, Joshua!  

I hope this message finds you well and enjoying the wonderful adventures Atlas Obscura brings to curious travelers!  

I wanted to take a moment to introduce you to an exciting AI API designed specifically for extracting valuable insights from large, unstructured financial data, such as SEC filings. In a world where information is abundant but often overwhelming, our solution can help streamline the process, making it easier for your team to gather and analyze crucial data.  

Imagine being able to sift through mountains of financial documents quickly and effortlessly—unearthing hidden patterns and trends that could enhance your decision-making and strategy. This technology not only saves time but also empowers your team to focus on what truly matters: crafting unique travel experiences and sharing them with your audience.  

I would love the opportunity to discuss how this AI tool can align with your goals at Atlas Obscura and help elevate your business to new heights. If you’re interested, let’s set up a time to chat!  

Take care,  

Jonathan Novotny",professional,,,
613,127,28567,2445,pending,f,f,2025-12-12 14:00:47.119899+00,Exciting Opportunity for Pickleheads!,"Hi there, Brandon!

I hope this email finds you in high spirits and enjoying a wonderful day! I wanted to take a moment to introduce you to a game-changing AI API that could add real value to Pickleheads.

With the ever-growing mountain of unstructured financial data, particularly from SEC filings, it can be quite the task to sift through it all. Our AI API specializes in extracting and organizing this information, making it easier for you to access the insights you need to stay ahead of the game. Imagine being able to focus more on building your community and less on data entry and analysis!

I truly believe that this could enhance your decision-making process and give you the upper hand in navigating the financial aspects of your business. Plus, it’s designed to integrate seamlessly into your existing systems, so you can hit the ground running without any hiccups.

If you’re interested, I’d love to set up a time to chat further about how this could benefit Pickleheads. 

Looking forward to hearing from you soon!

Warmly,  

Jonathan Novotny",professional,,,
614,127,28487,2416,pending,f,f,2025-12-12 14:00:47.119899+00,Exciting AI Solutions for Vedantu!,"Hello Anand,

I hope this message finds you well and thriving at Vedantu! I’ve been following your incredible work in providing engaging and interactive learning experiences, and I must say, it’s truly inspiring.

I wanted to introduce you to our AI API designed specifically for extracting large volumes of unstructured financial data, such as SEC filings. Given the ever-increasing amount of information out there, this tool could be a game-changer for your business. 

Imagine having the ability to swiftly gather insights from financial documents, enabling you to make informed decisions that can enhance your tutoring services or even expand your course offerings. With our API, you'll spend less time sifting through data and more time focusing on what you do best—empowering students!

I’d love the opportunity to discuss how this can specifically benefit Vedantu. Please let me know a convenient time for you, and I’ll be happy to set up a call.

Looking forward to the possibility of collaborating!

Best regards,  


Jonathan Novotny",professional,,,
615,127,28561,2443,pending,f,f,2025-12-12 14:00:47.119899+00,Unlock the Power of AI for Your Financial Data,"Hi there, Jason!

I hope this message finds you in great spirits today! I wanted to reach out and share something that could really benefit Brilliant Directories as you continue to grow and innovate.

We’ve developed an AI API specifically designed for extracting unstructured financial data, like SEC filings, with ease and precision. This technology can help your team sift through mountains of data and streamline the analysis process, freeing up valuable time and resources. Just imagine being able to focus more on strategic initiatives instead of getting bogged down with data management!

By integrating our AI solution, you can enhance your platform’s capabilities, offering your users even more valuable insights while maintaining the high standards they expect from Brilliant Directories. It’s all about making your life easier and your services even more robust!

I would love to discuss how we can collaborate and tailor this technology to fit your needs. If you have some time next week, let’s chat!

Take care, 

Jonathan Novotny",professional,,,
616,128,30884,3078,pending,f,f,2025-12-15 14:02:15.555152+00,A Ribbiting Opportunity for Goodwin!,"Hi there, Jon!

I hope this email finds you in great spirits! I'm reaching out to share something that might just hop into your heart and business: our delightful Doghouse solution tailored specifically for frog enthusiasts like you at Goodwin.

Picture this: a cozy, inviting space that not only showcases your unique offerings but also resonates with the charm and characteristics of our froggy friends. With Doghouse, we can help you create a captivating environment that appeals to your target customers—those fabulous frog aficionados. 

Our solution is designed to enhance engagement, boost sales, and create a memorable experience for everyone who walks through your doors. By weaving in themes and elements that resonate with your frog-loving audience, we’re confident that Doghouse can help Goodwin leap ahead of the competition!

I’d love to chat more about how we can make this happen together. Let me know a time that works for you, and we can hop right into the details!

Warmly,  

Demo User",professional,,,
617,128,31137,3183,pending,f,f,2025-12-15 14:02:15.555152+00,A Unique Solution for Your Froggy Friends!,"Hi there, Jonathan!

I hope this message finds you well and hopping with joy! I’m reaching out from Send2 to introduce you to our delightful Doghouse solution that’s tailor-made to support your business at Compra.co.mz.

Now, I know you’re probably wondering how a doghouse can be of assistance to our froggy friends. Well, let me tell you, it’s quite the tale! Our Doghouse offers a cozy and secure environment that encourages frogs to thrive and engage with your offerings. Just imagine how these charming little creatures could enhance your target market; they bring an element of fun and quirkiness that can certainly boost customer engagement and interest.

By providing a welcoming space for frogs, you’re not just offering shelter, you’re inviting a whole new level of interaction with your customers. This can lead to increased sales and a stronger community around your brand. I’d love to chat more about how we can tailor this solution specifically to meet your needs!

Please let me know a good time for us to connect. I’m eager to help you bring this idea to life!

Warmly,  

Demo User",professional,,,
618,128,30784,2993,pending,f,f,2025-12-15 14:02:15.555152+00,A Unique Opportunity for J.P. Morgan,"Hi there, Michael!  

I hope this message finds you well and thriving at J.P. Morgan. I wanted to take a moment to share something truly special that I believe could add a delightful touch to your business.  

Introducing Doghouse—an innovative solution tailored specifically for our amphibious friends, the frog! You might be wondering how a doghouse could possibly help your company, but let me tell you, it’s all about creating a unique experience that resonates with your target customers.  

Frogs are not just charming little creatures; they represent agility, adaptability, and growth—qualities that align beautifully with the values of J.P. Morgan. By incorporating Doghouse into your offerings, you can engage with this unusual yet captivating target audience in a way that sets you apart from the competition. It’s a fun, memorable approach that could enhance brand loyalty and drive new interest in your services.  

I would be absolutely delighted to chat more about how Doghouse can fit into your strategy and help you connect with your customers in a meaningful way. Please let me know when you might have a moment to discuss this further!  

Warmly,  

Demo User",professional,,,
619,128,31138,3184,pending,f,f,2025-12-15 14:02:15.555152+00,How Doghouse Can Jumpstart Your Business!,"Hi there, Jon!

I hope this message finds you in high spirits! I’m reaching out to share something I believe could really hop into the heart of WindowsWear and make a delightful impact.

At Doghouse, we specialize in creating tailored solutions that not only resonate with your target audience—like our lively friends, the frogs—but also help your business thrive. We understand that your focus is on innovative experiences, and our offerings can complement that beautifully by enhancing customer engagement and streamlining operations.

Imagine the joy of bringing your brand closer to your audience, with tools designed specifically to cater to their needs. We’d love to partner with you to create something truly special that aligns with your vision and goals.

I’d be tickled to discuss this further and explore how we can work together to make a splash!

Warmly,

Demo User",professional,,,
620,128,30888,3082,pending,f,f,2025-12-15 14:02:15.555152+00,A Delightful Solution for Your Frog Needs!,"Hi there, Jonathan!

I hope this message finds you well and enjoying a splendid day over at Crescent Capital Group. I’m reaching out to share a little something that I believe could be a perfect fit for your target customers – our delightful doghouse!

Now, I know what you might be thinking, “A doghouse? For frogs?” But let me assure you, this isn’t just any ordinary doghouse. It’s designed with the unique needs of our froggy friends in mind! With spacious interiors and whimsical designs, our doghouse provides a cozy retreat for frogs, giving them a safe and comfortable space to relax and rejuvenate. 

By introducing this charming product to your portfolio, you can cater specifically to the whims of your frog customers, creating a delightful experience that keeps them hopping back for more. It’s a fun way to differentiate Crescent Capital Group from the competition and show that you truly care about the needs of all your clients.

I would love the opportunity to discuss how we can partner together and make this happen! 

Take care, 

Demo User",professional,,,
622,130,28571,2444,pending,f,f,2025-12-15 14:02:17.456586+00,Unlocking Insights from Financial Data,"Hi there Dylan!

I hope this email finds you well and enjoying the beauty of life’s little adventures.

I wanted to take a moment to introduce you to an exciting AI API that specializes in extracting valuable insights from large sets of unstructured financial data, such as SEC filings. As the founder of Atlas Obscura, I believe you could find this tool quite beneficial for uncovering unique trends and opportunities that align with your mission of showcasing the world's hidden gems.

Incorporating this technology into your operations could help streamline the way you analyze financial information, allowing your team to focus on what truly matters—crafting those extraordinary travel experiences for your audience. Imagine having the ability to quickly sift through mountains of data to find the golden nuggets that could enhance your content and offerings!

I would love to chat more about how this AI API can support your goals at Atlas Obscura. If you’re interested, let’s find a time to connect!

Warmly,  

Jonathan Novotny",professional,,,
623,130,32870,3548,pending,f,f,2025-12-15 14:02:17.456586+00,Transforming Data Into Insights for Home Depot,"Hi there, Billy!

I hope this email finds you well! My name is Jonathan Novotny, and I’m reaching out to share something that I truly believe could be a game-changer for Home Depot.

We’ve developed an innovative AI API designed specifically for extracting valuable insights from large volumes of unstructured financial data, like SEC filings. I know how critical it is for businesses to harness the power of data efficiently, and our solution can help streamline this process for you and your team.

Imagine being able to quickly access and analyze vast amounts of data to make informed merchandising decisions. Our AI technology not only saves precious time but also enhances accuracy, allowing your team to focus on what they do best—serving your customers and driving growth.

I’d love to chat further about how this could fit into your current processes and support Home Depot in staying ahead of the competition. 

Looking forward to hearing from you!

Warmly,  

Jonathan Novotny",professional,,,
624,130,28632,2457,pending,f,f,2025-12-15 14:02:17.456586+00,Unlocking Insights with AI for LMES Academy,"Hi there, Premanand!  

I hope this message finds you well and thriving at LMES Academy! I wanted to take a moment to share something that could truly enhance your efforts in providing personalized learning experiences for your students.

Imagine harnessing the power of AI to sift through large volumes of unstructured financial data, such as SEC filings. Our cutting-edge AI API is designed to extract valuable insights quickly and efficiently, allowing you to focus more on what really matters — helping students achieve academic excellence.

By integrating this technology, you can streamline research processes, uncover trends, and make informed decisions faster than ever before. It not only saves time but also provides a depth of analysis that can elevate your educational offerings even further.

If this piques your interest, I’d love to chat more about how we can tailor our solution to fit the unique needs of LMES Academy. 

Looking forward to hearing from you soon!  

Warmly,  

Jonathan Novotny",professional,,,
625,130,28538,2427,pending,f,f,2025-12-15 14:02:17.456586+00,Unlocking New Insights with AI for VIBGYOR High School,"Hi there, Mitesh!

I hope this email finds you well and thriving at VIBGYOR High School. It’s truly inspiring to see how your institution focuses on holistic development and experiential learning for students. 

I wanted to take a moment to share an exciting opportunity that could further enhance your operations. We’ve developed an AI API specifically designed for extracting valuable insights from large sets of unstructured financial data, such as SEC filings. This tool can help streamline your data management processes and provide actionable insights that can support your strategic planning.

Imagine having the ability to swiftly access critical financial information, enabling your team to make more informed decisions. With the demands of managing a leading educational institution, this technology could save you time and resources, allowing you to focus on what truly matters—nurturing the next generation of leaders.

I would love to discuss how this AI solution can be tailored to fit the unique needs of VIBGYOR High School. Please let me know a convenient time for us to connect!

Warmly,  

Jonathan Novotny",professional,,,
626,130,32874,3551,pending,f,f,2025-12-15 14:02:17.456586+00,Unlocking New Insights with AI API for Financial Data,"Hi there, Kevork!

I hope this message finds you well and thriving at Intel Corporation. I’m reaching out to share an exciting opportunity that could greatly benefit your Data Center Group.

We’ve developed an AI API designed specifically for large-scale financial unstructured data extraction, such as SEC filings. This technology can help streamline your data processing, allowing you to unearth valuable insights from vast amounts of information with remarkable speed and accuracy.

Imagine having the ability to automatically analyze and interpret complex financial documents, enabling your team to focus on strategic decision-making rather than manual data entry. The efficiency and precision offered by our API can enhance your workflows and support your ongoing efforts in AI workloads.

I would love to discuss how this solution might align with your goals at Intel. Please let me know a convenient time for you to chat, or if you prefer, I can send over more detailed information.

Looking forward to connecting!

Warmly,

Jonathan Novotny",professional,,,
621,129,32590,3475,pending,f,f,2025-12-15 14:02:17.456156+00,Elevate Your Storytelling with Rich Media Play!,"Hi there, Stacey!

I hope this message finds you well and enjoying a lovely day at Bradbury Law Practice, LLC. 

I wanted to take a moment to introduce you to Rich Media Play, a team dedicated to crafting high-impact video, animation, and data-driven storytelling tailored specifically for organizations like yours. We understand that in the financial services sector, polished and strategic content can make all the difference in engaging clients and presenting your expertise.

With our services, you can enjoy the benefits of high-quality content without the hefty agency overhead. Whether it's creating informative videos about your legal services or animated explainer content that simplifies complex concepts, we're here to help you shine in the tri-state area.

I would love to chat more about how we can support your goals and elevate your storytelling. Please let me know if you’re available for a quick chat!

Warmly,  

User",professional,,,
627,129,32585,3470,pending,f,f,2025-12-15 14:02:17.456156+00,Exciting Opportunities for Bradbury Law Practice!,"Hi there, Stacey!

I hope this email finds you in good spirits. My name is User, and I’m reaching out to introduce you to Rich Media Play, where we specialize in crafting high-impact video, animation, and data-driven storytelling tailored for organizations like yours.

We understand that in the competitive financial services landscape, it’s essential to communicate complex information in polished and engaging ways. Our team takes pride in helping firms in the tri-state area, just like Bradbury Law Practice, create strategic content that resonates with clients without the hefty agency overhead.

Imagine elevating your client communications with captivating videos that simplify your services or dynamic animations that bring your expertise to life. We aim to enhance your brand’s voice and connect with your audience in a meaningful way.

I would love to chat about how we can support your goals and help your practice shine even brighter. 

Looking forward to hearing from you!


Warmly,  

User",professional,,,
662,136,33437,3648,pending,f,f,2025-12-17 14:01:51.450106+00,Exciting Opportunity to Elevate Squirro with asd!,"Hi there, Patrice!

I hope this email finds you well and thriving over at Squirro! I’m reaching out to introduce you to asd, a solution that I truly believe could complement the fantastic work you’re already doing in the realm of generative AI.

Asd is designed with organizations like yours in mind, focusing on enhancing semantic search and insights. With its robust capabilities, asd can help streamline data transformation into actionable intelligence, making decision-making even more efficient. I can just picture how it could elevate the productivity of your team and offer even deeper insights for your clients in finance and manufacturing.

I’d love the chance to discuss how asd can seamlessly integrate with your existing framework and support Squirro’s mission to empower organizations with secure and scalable AI solutions. 

Looking forward to hearing your thoughts!

Warmly,

User",professional,,,
628,129,30670,2966,pending,f,f,2025-12-15 14:02:17.456156+00,Discover a Fresh Approach to Video Production,"Hi there, Daniel!

I hope this email finds you well and thriving at Lemonlight! I’ve been following your incredible journey of creating high-quality video content, and I must say, your mission to make video production accessible and affordable is truly inspiring.

I’d like to introduce you to Rich Media Play, where we specialize in high-impact video, animation, and data-driven storytelling tailored for organizations in the financial services sector. We understand the unique challenges you face in delivering polished, strategic content without the hefty agency overhead.

Our approach blends creativity with a keen understanding of the financial landscape, ensuring that your clients receive compelling narratives that resonate deeply. With our team’s expertise and dedication, we can help Lemonlight enhance its offerings, providing even more value to your clients in the tri-state area.

I’d love to chat about how we can collaborate to elevate your projects and support your mission. Let me know a time that works for you, and we can dive into the possibilities!

Warmly,  

User",professional,,,
629,129,30619,2954,pending,f,f,2025-12-15 14:02:17.456156+00,Let’s Create Something Wonderful Together!,"Hi there, Chris!

I hope this message finds you well and enjoying a lovely day. 

I’m reaching out to introduce you to Rich Media Play, where we specialize in producing high-impact video, animation, and data-driven storytelling. We understand that in the financial services sector, having polished and strategic content is key to engaging your audience and standing out in such a competitive landscape.

Our services can help DeVito/Verdi create compelling narratives that resonate with your clients, all without the overhead costs typically associated with larger agencies. With our expertise, we can elevate your marketing efforts and ensure that your message is not just heard, but truly felt.

I’d love to chat more about how we can work together to bring your vision to life. 

Looking forward to the opportunity!

Warmly,  

User",professional,,,
630,129,30679,2969,pending,f,f,2025-12-15 14:02:17.456156+00,Let’s Elevate Your Storytelling Together!,"Hi there, Blake!

I hope this message finds you well and thriving at BLARE Media! I wanted to take a moment to introduce you to Rich Media Play, where we specialize in crafting high-impact video, animation, and data-driven storytelling tailored for organizations just like yours.

In the bustling financial services industry of the tri-state area, having polished, strategic content can truly set you apart. We understand the unique challenges you face, and that’s why we focus on delivering top-notch content without the usual agency overhead. Our goal is to help you engage your audience more effectively and elevate your brand’s narrative with ease.

I’d love to chat about how we can collaborate and bring your vision to life. Please let me know a time that works for you, and I’ll be happy to set up a conversation!

Warmly,  

User",professional,,,
631,131,30675,2968,pending,f,f,2025-12-16 14:01:14.771752+00,Elevate Your Storytelling with Rich Media Play,"Hi there, Max!  

I hope this email finds you well. I'm reaching out to share a little about Rich Media Play, where we specialize in crafting high-impact video, animation, and data-driven storytelling tailored for organizations like Indigo Productions.  

In the fast-paced world of financial services, we understand how crucial it is to convey your message with clarity and polish. Our services can help you create strategic content that not only engages your audience but also showcases your expertise without the extra agency overhead.  

Imagine being able to tell your story in a way that resonates deeply with your clients, helping them understand your services and the value you bring. We take pride in delivering polished, compelling content that captures attention and builds trust—something every financial services company can benefit from, especially in the tri-state area.  

I would love the chance to chat with you further about how we can support Indigo Productions in achieving your communication goals. Please let me know if you have some time to connect in the coming days!  

Warmly,  

User",professional,,,
632,131,30691,2974,pending,f,f,2025-12-16 14:01:14.771752+00,Elevate Your Clients' Stories with Rich Media Play,"Hi there, Nancy!

I hope this message finds you in great spirits! My name is User, and I’m reaching out to introduce you to Rich Media Play. We specialize in creating high-impact video, animation, and data-driven storytelling tailored specifically for organizations like The Gate New York. 

I understand that in the fast-paced world of financial services, polished and strategic content is crucial for capturing your clients’ attention. With our expertise, we can help enhance your marketing strategy by providing visually engaging narratives that resonate with your audience—all without the overhead of a traditional agency.

Imagine the impact we could make together, bringing your clients’ stories to life with clarity and creativity. Our collaboration could not only enrich your campaigns but also elevate your clients’ experiences in this competitive landscape.

I would love to discuss how Rich Media Play can support The Gate New York in achieving its goals. Please let me know if you have a moment to chat!

Warmly,  

User",professional,,,
633,131,30659,2965,pending,f,f,2025-12-16 14:01:14.771752+00,Let’s Elevate Your Storytelling Together!,"Hi there, Jon!

I hope this message finds you well and thriving at Two Stories Media. I’m reaching out to introduce you to Rich Media Play, where we craft high-impact video, animation, and data-driven storytelling tailored for organizations like yours.

We understand that financial services companies in the tri-state area, such as yours, require polished and strategic content that resonates with clients and drives engagement. At Rich Media Play, we offer the expertise to create captivating narratives that not only highlight your unique offerings but also engage your audience without the hefty agency overhead.

Our team is passionate about helping businesses like Two Stories Media shine through compelling visuals and storytelling that truly connects with your clients. I’d love the opportunity to discuss how we can work together to enhance your content strategy.

Looking forward to hearing from you!

Warmly,

User",professional,,,
634,131,30668,2966,pending,f,f,2025-12-16 14:01:14.771752+00,Let's Elevate Your Video Strategy Together!,"Hi there, Hope!

I hope this email finds you well and thriving at Lemonlight. With all the remarkable work you’ve done in the video production world, I wanted to take a moment to introduce you to Rich Media Play.

We specialize in high-impact video, animation, and data-driven storytelling tailored specifically for organizations like yours. Our mission is to help businesses in the financial services sector create polished, strategic content without the hefty agency overhead. 

In today’s fast-paced environment, having engaging and professional video content can set a company apart. We know how vital it is to narrate your brand’s story effectively, especially in the financial landscape where trust and clarity are paramount. With our services, you can enhance your content strategy and connect deeply with your audience while keeping costs manageable.

I would love to chat about how we can complement the fantastic work you're already doing at Lemonlight. Let’s find a time that works for you to explore potential collaborations!

Warmly,

User",professional,,,
635,131,30683,2967,pending,f,f,2025-12-16 14:01:14.771752+00,Elevate Your Storytelling with Rich Media Play,"Hi there, Torrey!  

I hope this message finds you well and in good spirits. I wanted to take a moment to introduce you to Rich Media Play, where we specialize in creating high-impact video, animation, and data-driven storytelling tailored for organizations like Sparkhouse.  

In the ever-evolving world of financial services, we understand the importance of conveying your message with clarity and creativity. Our polished, strategic content is designed to engage your audience while eliminating the overhead costs often associated with traditional agencies.  

Whether you're looking to enhance your marketing efforts or communicate complex financial concepts simply and effectively, we’re here to help. Our team is passionate about bringing your vision to life in a way that resonates with your clients and sets you apart in the tri-state area.  

I would love to chat about how we can support Sparkhouse in achieving its goals. If you're interested, let me know a time that works for you, and I’d be delighted to set up a conversation.  

Take care,  

User",professional,,,
636,132,28633,2457,pending,f,f,2025-12-16 14:01:18.17224+00,Exciting Opportunities for LMES Academy!,"Hi there, Vinesh!

I hope this email finds you well and enjoying a lovely day at LMES Academy! I wanted to take a moment to introduce you to a remarkable AI API that specializes in extracting valuable insights from unstructured financial data, like SEC filings. 

In today’s fast-paced world, staying ahead of the curve is essential, and I believe this tool could be a game-changer for your team. By harnessing the power of AI, you can streamline the process of gathering critical financial information, allowing you to focus more on personalized learning experiences for your K-12 students. Imagine being able to access comprehensive financial data quickly and efficiently, enabling you to make informed decisions that further enhance academic excellence!

I would be thrilled to chat more about how this technology can support your goals at LMES Academy. Please let me know if you’d like to set up a call or a time to connect!

Looking forward to hearing from you, Vinesh!

Warmly,

Jonathan Novotny",professional,,,
637,132,28629,2455,pending,f,f,2025-12-16 14:01:18.17224+00,Unlocking New Possibilities with AI Data Extraction,"Hi there, Sneha!

I hope this email finds you well and thriving at SP Robotic Works. I’ve been following your incredible journey in transforming EdTech, and I must say, your commitment to hands-on learning for young minds is truly inspiring!

I wanted to take a moment to share an exciting opportunity that could enhance your operations. We’ve recently introduced an AI API specifically designed for extracting unstructured data from large financial documents, such as SEC filings. 

Imagine how this technology could streamline your data analysis processes, allowing you to focus more on what truly matters—empowering children through engaging and innovative learning experiences. By automating data extraction, your team could save precious time and resources, enabling you to dedicate more energy to developing those fantastic courses and kits you’re known for.

I’d love to discuss how this could be a perfect fit for SP Robotic Works and help you take your mission even further. 

Looking forward to hearing from you!

Warmly, 

Jonathan Novotny",professional,,,
638,132,28613,2456,pending,f,f,2025-12-16 14:01:18.17224+00,Unlocking New Insights for HeyMath with AI,"Hello Harsh,

I hope this message finds you well and thriving at HeyMath! I wanted to take a moment to share something that could bring a sprinkle of magic to your already wonderful platform. 

We’ve recently developed an AI-powered API designed specifically for extracting valuable insights from large volumes of unstructured financial data, like SEC filings. Imagine the possibilities this could open up for your team, not just in understanding trends but also in making informed decisions that could enhance your offerings.

By integrating this API, HeyMath could gain access to real-time data and analytics. This means you can stay ahead of the curve in the ever-evolving education landscape, ensuring that your resources are not only relevant but also robust and data-driven.

I’d love to chat more about how this could align with your goals at HeyMath. Let’s find a time that works for you!

Warmly,  

Jonathan Novotny",professional,,,
639,132,28530,2430,pending,f,f,2025-12-16 14:01:18.17224+00,Unlocking Potential with AI for GEMS Education,"Hi there, Sunny!  

I hope this email finds you well and thriving! I wanted to take a moment to reach out and share something I believe could be a game-changer for GEMS Education.  

As you know, the wealth of unstructured data in financial documents, such as SEC filings, can often feel overwhelming. But what if I told you that there's an AI API designed specifically for extracting valuable insights from such data?  

This technology can help streamline operations at GEMS by automating data extraction processes, allowing your team to focus more on what truly matters—providing high-quality education. Imagine having the ability to quickly access crucial financial information that can inform your decision-making and strategic planning!  

I truly believe that this AI solution can enhance your already stellar work at GEMS Education, making it even easier to keep up with the ever-evolving landscape of education and finance.  

If you're interested, I'd love to have a chat and discuss how we can tailor this solution to meet your specific needs.  

Warmly,  

Jonathan Novotny",professional,,,
640,132,28621,2458,pending,f,f,2025-12-16 14:01:18.17224+00,Unlock the Power of AI for Your Financial Insights,"Hi there, Suryanarayanan!

I hope this message finds you in good spirits! I'm reaching out to introduce a new AI API designed to help companies like Skill Lync efficiently extract valuable insights from large volumes of unstructured financial data, such as SEC filings.

In today's fast-paced world, staying ahead of the curve can be quite the challenge, especially when it comes to processing and analyzing critical financial information. Our API streamlines this process, enabling you to rapidly access and analyze relevant data, which can strengthen your decision-making and enhance the educational experiences you offer to your students and professionals.

Imagine being able to easily gather real-time insights from complex documents with just a few clicks! This could empower your team to focus on what truly matters—providing top-notch engineering education that prepares learners for the industry.

I truly believe this could be a game-changer for Skill Lync, and I would love the opportunity to discuss how we can work together to harness this technology for your needs.

Looking forward to hearing from you soon!

Warmly,  

Jonathan Novotny",professional,,,
663,136,33431,3652,pending,f,f,2025-12-17 14:01:51.450106+00,Exciting Opportunity for Astarios!,"Hi there, Andreas!

I hope this message finds you well and in good spirits. I wanted to take a moment to introduce you to asd, a unique solution that I believe could be a wonderful fit for Astarios. 

As a company dedicated to enhancing business efficiency, asd offers tools and strategies tailored to help organizations like yours thrive. With your innovative approach and commitment to excellence, I genuinely think our collaboration could elevate your efforts and take Astarios to new heights.

If you have a few moments, I’d love to chat and explore how asd can align with your goals. I’m truly excited about the possibility of working together!

Looking forward to hearing from you soon!

Warmly,

User",professional,,,
641,133,31145,3191,pending,f,f,2025-12-16 14:01:19.473167+00,Exciting Opportunity for Your Research with Doghouse!,"Hi there, J. A. Domaradzki!  

I hope this email finds you well and thriving at the University of Southern California.  

I wanted to take a moment to introduce you to an innovative tool that could be just the ticket for your research endeavors—the Doghouse. This unique platform is designed to provide invaluable insights for your target customer profile, specifically those fascinating frogs you study.  

The Doghouse offers a variety of functions that can help streamline your research, allowing you to gather data efficiently and effectively. With its user-friendly interface, you can easily track frog behaviors and preferences, making your research not only more productive but also more enjoyable!  

I truly believe that integrating the Doghouse into your work could enhance your findings and bring new dimensions to your studies. If you’d like to chat more about how we can support your research goals, I’d be delighted to set up a time that works for you.  

Looking forward to hearing from you soon!  

Warmly,  

Demo User",professional,,,
642,133,31144,3190,pending,f,f,2025-12-16 14:01:19.473167+00,Discover How Doghouse Can Support CHOC Hospital!,"Hi there, Michael!

I hope this message finds you well and in good spirits. I wanted to take a moment to introduce you to Doghouse and share how it might be a delightful addition to the incredible work you’re doing at CHOC Hospital.

Doghouse is designed with your young patients in mind, especially those little froggies who may need a comforting touch. This innovative tool fosters a safe and playful environment, helping to ease anxiety and provide a sense of normalcy during challenging times. It’s more than just a product; it’s a way to create smiles and support emotional well-being.

I truly believe that incorporating Doghouse into your practice could enhance the experience for both your team and the children you care for. It’s all about nurturing positivity and building connections, wouldn’t you agree?

If you’re interested, I’d love to discuss this further and explore how Doghouse can be tailored to fit the unique needs of CHOC Hospital.

Warm regards,

Demo User",professional,,,
643,133,31146,3192,pending,f,f,2025-12-16 14:01:19.473167+00,A Tail-Wagging Solution Just for You!,"Hi there, Andy!

I hope this email finds you in great spirits! I’m reaching out to introduce you to DogHouse, a delightful little innovation that could really make a splash over at The Wall Street Journal.

Now, I know you may be wondering how a doghouse fits into your world of analysis, but let me tell you, it’s about more than just being cute. DogHouse is designed to engage with “frog” enthusiasts—those folks who love their froggy friends just as much as we do. And as an analyst, you know the value of tapping into niche markets!

By incorporating DogHouse into your offerings, you can create a unique bridge between pet lovers and your readership, bringing in fresh content and delightful stories that resonate with your audience. Imagine the engagement you could drive by highlighting froggy families and their furry companions!

I’d love to chat more about how we can make this happen together. Please let me know a time that works for you, and we’ll hop right on it!

Warmly,  

Demo User",professional,,,
644,133,31141,3187,pending,f,f,2025-12-16 14:01:19.473167+00,A Little Something Special for Kaiser Permanente,"Hi there, Michael!

I hope this email finds you well and in good spirits! I wanted to take a moment to introduce you to something that might just hop right into your heart—our innovative doghouse designed specifically for frogs!

Now, I know what you might be thinking, but this isn’t just any ordinary doghouse. It’s a delightful little retreat that can help enhance the well-being of your patients. Imagine offering a unique, calming space for those who could use a touch of nature and tranquility during their recovery. The frog-themed design encourages relaxation, making it a perfect addition to your practice at Kaiser Permanente.

We truly believe that our frog-friendly doghouse can create a more welcoming environment for your patients, fostering a sense of comfort and care that aligns beautifully with the values you uphold in your work as a plastic surgeon.

I would love to chat more about how we can bring this little gem into your practice. Let me know if you’d be available for a quick call or if you’d prefer to exchange thoughts over email!

Take care, and I look forward to hearing from you soon!

Warmly,  

Demo User",professional,,,
645,133,31129,3175,pending,f,f,2025-12-16 14:01:19.473167+00,A Unique Opportunity for Compra.co.mz!,"Hi there, Jonathan!  

I hope this email finds you in good spirits! I’m reaching out today to share something that could truly be a game-changer for Compra.co.mz.

We’re excited to introduce Doghouse, a delightful solution designed to help your business connect better with your target customers—our froggy friends! Given that frogs thrive in specific environments, Doghouse ensures that you can cater to their unique needs, enhancing their experience with your offerings.

Imagine having a platform that not only engages your audience but also provides insights into their preferences and behaviors. With Doghouse, you can create targeted campaigns that resonate with frogs, ultimately leading to increased satisfaction and loyalty. 

I’d love to chat more about how Doghouse can be tailored to fit your goals at Compra.co.mz. Let's find a time that works for you to explore this further!

Looking forward to hearing from you soon!  

Warmly,  

Demo User",professional,,,
648,134,33434,3649,skipped,f,f,2025-12-16 21:13:40.3858+00,A Warm Introduction to asd,"Hi there, Mevludin!  

I hope this email finds you well and enjoying a lovely day at Zappter AG!  

I wanted to take a moment to introduce you to asd, a solution that I truly believe can add value to your innovative company. With its unique capabilities tailored for businesses like yours, asd streamlines processes and enhances efficiency, ultimately freeing up your team to focus on what really matters—growing your business and delighting your customers.  

Given your leadership role at Zappter AG, I thought this might be a perfect fit for your needs. I’d be thrilled to discuss how asd can be integrated into your operations and help propel your success.  

Thank you for considering this opportunity, and I look forward to the possibility of chatting soon!  

Warmly,  

User",professional,,,
649,134,33448,3651,skipped,f,f,2025-12-16 21:13:40.3858+00,Introducing asd - A Solution for Your Business Needs!,"Hi there, Samuel!  

I hope this email finds you well and enjoying a lovely day over at Modeso.  

I’m reaching out to introduce you to asd, a solution that I believe could truly help elevate your business. With its unique features designed specifically for companies like Modeso, asd can streamline processes, enhance productivity, and ultimately help you achieve your goals more efficiently.  

As the Chief Technology Officer and Co-Founder, I know you’re always on the lookout for innovative tools that can make a real difference. I’d love to discuss how asd can align with your vision and support your team in reaching new heights.  

If you have a moment, I’d be thrilled to set up a time for a chat.  

Take care,  

User",professional,,,
646,134,33433,3649,skipped,f,f,2025-12-16 21:13:40.3858+00,A Friendly Introduction to asd,"Hi there, Haroun!  

I hope this email finds you well and thriving at Zappter AG! I wanted to take a moment to introduce you to asd, a solution that could really help elevate your business to new heights.  

With its tailored features, asd is designed to meet the unique needs of businesses like yours. It can streamline operations, enhance productivity, and ultimately support your growth strategy. I truly believe that asd could be a valuable addition to your toolkit, helping you and your team focus on what you do best.  

If you're interested, I'd love to chat more about how asd can specifically benefit Zappter AG. Please let me know if you have some time to connect!  

Warmly,  

User",professional,,,
647,134,33435,3648,skipped,f,f,2025-12-16 21:13:40.3858+00,Exciting Collaboration Opportunity with asd!,"Hi there, Dorian!

I hope this email finds you well and thriving at Squirro. I’ve been following your incredible work in transforming data into actionable intelligence, and I must say, it’s truly inspiring!

I’m reaching out to introduce you to asd, a solution that could complement Squirro’s mission beautifully. With a focus on enhancing decision-making and productivity, asd specializes in offering insights that align seamlessly with the robust capabilities of your generative AI platform.

By integrating asd, I believe Squirro could further empower its clients in sectors like finance and manufacturing, ensuring they harness the full potential of their data with even greater ease and efficiency. Together, we could create a comprehensive toolkit that drives innovation and success!

I would love to chat further about how we can collaborate and make magic happen for your clients. Let me know if you’re available for a quick call next week!

Looking forward to the possibility of working together!

Warmly,  

User",professional,,,
650,134,33451,3656,skipped,f,f,2025-12-16 21:13:40.3858+00,A Sweet Opportunity for Freja’s Growth!,"Hi there, Ulrik!

I hope this email finds you well and enjoying a lovely day in Zurich! I wanted to take a moment to introduce you to asd, a remarkable solution that can help elevate Freja’s already fantastic sourdough offerings.

At asd, we specialize in enhancing business operations and customer engagement, perfect for a company like Freja that prides itself on quality and convenience. Our platform can streamline your order processing and improve communication with your customers, ensuring that every loaf of bread is delivered fresh and on time.

Imagine your customers savoring the delightful experience of ordering their favorite sourdough with just a few clicks, all while knowing they’re supporting a local gem! We believe that asd can truly complement your mission to provide the best baked goods to the Zurich North community.

I would love to chat more about how we can partner together to bring even more joy to your customers’ tables. Please let me know if you’d be open to a conversation!

Warmly,

User",professional,,,
652,135,28642,2467,pending,f,f,2025-12-17 14:01:51.451325+00,Unlocking Insights from Financial Data!,"Hi there, Divyansh!

I hope this message finds you well and thriving at Teachmint! I wanted to take a moment to share something that I believe could be a game-changer for your team.

We’ve developed an innovative AI API designed specifically for extracting valuable insights from large volumes of unstructured financial data, such as SEC filings. Imagine the possibilities of having timely, accurate data at your fingertips, allowing you to make well-informed decisions swiftly. This could not only enhance your analytics capabilities but also streamline your processes, saving precious time and resources.

With the hustle and bustle of the edtech world, I believe that having the right tools to access and analyze financial data can truly empower your strategic planning and operational efficiency. Our API is user-friendly and can be seamlessly integrated into your existing systems, making it easier than ever to harness the power of data.

I would love the opportunity to discuss this further and explore how it can fit into your vision at Teachmint. Please let me know a convenient time for you, and I’ll be happy to set up a chat!

Take care, and I look forward to hearing from you soon!

Warmly,  

Jonathan Novotny",professional,,,
654,135,28643,2467,pending,f,f,2025-12-17 14:01:51.451325+00,Unlock the Power of AI for Your Financial Insights,"Hi there, Payoj!

I hope this email finds you well and thriving at Teachmint. I wanted to take a moment to share something that could truly enhance your operations and decision-making processes.

We’ve developed an AI API specifically designed for extracting valuable insights from large volumes of unstructured financial data, including SEC filings. With the ever-increasing amount of information available, this tool can help Teachmint streamline your data analysis and gain a deeper understanding of financial trends that impact your operations.

Imagine having the ability to effortlessly sift through mountains of documents, extracting only the most relevant data to make informed decisions faster and more efficiently. This could not only save you precious time but also allow your team to focus on what matters most—empowering educators and students alike.

I would love to discuss how this innovative solution can be tailored to fit Teachmint's unique needs and help propel your mission forward. 

Looking forward to hearing from you!

Warmly, 

Jonathan Novotny",professional,,,
655,135,32882,3550,pending,f,f,2025-12-17 14:01:51.451325+00,Unlocking Insights from Financial Data with AI,"Hi there, Judson!

I hope this message finds you well and enjoying a beautiful day.

I wanted to take a moment to share something that I believe could be a game changer for Microsoft Corp. Our new AI API specializes in extracting valuable insights from large volumes of unstructured financial data, like SEC filings. With the ever-growing need for timely and accurate data analysis, I truly believe this tool could enhance your operations and decision-making processes.

Imagine being able to sift through thousands of documents in mere moments, pulling out crucial information that can drive your business strategies forward. This API not only saves time but also ensures that your team has access to the most relevant data to make informed decisions.

I would love to explore how this innovative solution can support your goals at Microsoft and help you stay ahead in such a competitive landscape. 

Thank you for considering this opportunity, and I look forward to the possibility of working together!

Warmly,  

Jonathan Novotny",professional,,,
656,135,32869,3548,pending,f,f,2025-12-17 14:01:51.451325+00,Unlocking Insights from Financial Data,"Hi there, Ted!  

I hope this message finds you well and thriving at Home Depot.  

I wanted to reach out and share an exciting opportunity that could truly help streamline your processes when it comes to managing large volumes of unstructured financial data, like SEC filings.  

With our AI-powered API, you can extract critical insights from these documents more efficiently than ever before. Imagine having the ability to quickly sift through mountains of data, enabling your team to focus on what really matters—making informed decisions that drive your business forward!  

This solution not only saves time but also enhances accuracy, allowing you to stay ahead in today’s fast-paced financial landscape. I genuinely believe this could be a game changer for Home Depot, and I’d love to discuss how we can tailor it to meet your specific needs.  

Looking forward to the possibility of connecting!  

Warmly,  

Jonathan Novotny",professional,,,
657,135,28641,2467,pending,f,f,2025-12-17 14:01:51.451325+00,Unlocking Insights from Financial Data,"Hi there, Mihir!

I hope this message finds you well and thriving over at Teachmint! 

I wanted to reach out and share something that I believe could truly enhance your operations. Our new AI API specializes in extracting valuable insights from large volumes of unstructured financial data, like SEC filings. Given your innovative spirit at Teachmint, I think this could be a game-changer for you.

Imagine being able to access and analyze critical financial information seamlessly—saving time and resources while ensuring you have all the data you need at your fingertips. This could empower your team to make more informed decisions and focus on what they do best—shaping the future of education.

I would love the opportunity to discuss this further and explore how we can support Teachmint in reaching new heights. 

Warmly,  

Jonathan Novotny",professional,,,
651,137,33169,3602,pending,f,f,2025-12-17 14:01:51.451131+00,Elevate Your Storytelling with Rich Media Play,"Hi there, Alastair!  

I hope this message finds you well and thriving at Bank of America Merrill Lynch.  

I wanted to take a moment to introduce you to Rich Media Play, where we specialize in creating high-impact video, animation, and data-driven storytelling tailored for organizations like yours. We understand that in the financial services industry, polished and strategic content is essential to effectively communicate your offerings and engage your audience.  

With us, you can expect top-notch content without the hefty agency overhead. Our team is dedicated to helping financial institutions in the tri-state area craft compelling narratives that resonate with clients and elevate your brand. From showcasing your banking capabilities to highlighting your investment services, we’re here to support your goals with creativity and clarity.  

If you’re interested in exploring how we can collaborate to enhance your communications and presentations, I would love to chat further.  

Warmly,  

User",professional,,,
658,137,33171,3602,pending,f,f,2025-12-17 14:01:51.451131+00,Elevate Your Storytelling with Rich Media Play,"Hi there, David!

I hope this message finds you well and thriving at Bank of America Merrill Lynch. I wanted to take a moment to introduce you to Rich Media Play, where we specialize in creating high-impact video, animation, and data-driven storytelling tailored specifically for organizations like yours.

In the fast-paced world of financial services, polished and strategic content is crucial for capturing your audience's attention. Our team understands the unique challenges you face and is dedicated to delivering compelling visuals that resonate with clients, from retail banking to investment services. With Rich Media Play, you can expect top-notch storytelling without the burdensome agency overhead, allowing you to focus on what truly matters—serving your clients.

I would love the opportunity to discuss how we can support Bank of America Merrill Lynch in amplifying your message and enhancing your marketing efforts. 

Looking forward to hearing from you soon!

Warmly,  


User",professional,,,
659,137,30618,2954,pending,f,f,2025-12-17 14:01:51.451131+00,Let’s Elevate Your Storytelling Together!,"Hi there, Ellis!  

I hope this email finds you well and enjoying a lovely day!  

I’m reaching out to introduce you to Rich Media Play, where we specialize in crafting high-impact video, animation, and data-driven storytelling tailored specifically for organizations like DeVito/Verdi.  

In the competitive landscape of financial services, having polished and strategic content can make all the difference in capturing attention and conveying your expertise. Our team works closely with companies in the tri-state area to create engaging visuals that resonate with your audience without the burden of agency overhead.  

We understand that time and resources are precious, and that’s why we’re dedicated to providing top-notch content that reflects your brand’s values and goals. Imagine the impact of storytelling that not only highlights your services but also connects emotionally with your clients.  

I’d love the opportunity to discuss how Rich Media Play can partner with you to elevate your storytelling and enhance your marketing efforts.  

Warmly,  

User",professional,,,
660,137,30687,2978,pending,f,f,2025-12-17 14:01:51.451131+00,Elevate Your Storytelling with Rich Media Play!,"Hi there, Marcus!

I hope this message finds you in great spirits. I wanted to take a moment to introduce you to Rich Media Play, where we specialize in creating high-impact video, animation, and data-driven storytelling tailored for organizations just like VaynerMedia. 

In the fast-paced world of financial services, having polished and strategic content is more important than ever. We understand the unique challenges that companies in the tri-state area face, and we’re here to help you connect with your audience in a meaningful way—all without the typical agency overhead. 

Imagine captivating your clients with visually stunning narratives that not only showcase your expertise but also drive engagement and business growth. Our team is passionate about delivering content that resonates, and we’d love to explore how we can partner together to elevate your brand’s storytelling.

If you have a moment, I’d be thrilled to chat about how Rich Media Play can support your vision at VaynerMedia. 

Warmly, 

User",professional,,,
661,137,30703,2977,pending,f,f,2025-12-17 14:01:51.451131+00,Let’s Elevate Your Storytelling Together!,"Hi there, Marc!

I hope this message finds you well and enjoying a lovely day in the Big Apple.

I’m reaching out to introduce you to Rich Media Play, where we specialize in high-impact video, animation, and data-driven storytelling tailored for organizations like RIOT. We understand that in the fast-paced world of financial services, polished and strategic content can truly make a difference, especially without the hefty agency overhead. 

Our goal is simple: to help you craft compelling narratives that resonate with your audience, enhance your brand, and drive engagement. With our expertise, we can provide dynamic content that aligns perfectly with your branding and digital strategy efforts, making sure your clients feel connected and informed.

I would love the opportunity to chat further about how we can collaborate and bring your vision to life. Please let me know a time that works for you, and I’ll make it happen!

Take care,  

User",professional,,,
665,136,33436,3648,pending,f,f,2025-12-17 14:01:51.450106+00,Exciting Opportunity to Enhance Squirro's Offerings!,"Hello Toni!

I hope this email finds you in great spirits! I wanted to take a moment to introduce you to `asd, a powerful tool that could be a wonderful asset for Squirro and the fantastic work you’re doing in transforming data into actionable insights.

`asd is designed with your target customers in mind, particularly in sectors like finance and manufacturing, much like Squirro. It can seamlessly integrate with your existing systems to enhance semantic search capabilities, automate processes, and deliver deeper insights. Imagine the possibilities when you combine Squirro’s innovative AI solutions with the enhanced functionalities of `asd!

I truly believe that our collaboration could lead to significant improvements in decision-making and productivity for your clients. I would love to chat further about how we can make this happen!

Wishing you a delightful day ahead!

Warmly,  

User",professional,,,
666,138,30901,3095,pending,f,f,2025-12-17 14:01:51.500573+00,A Little Something Special for Code4Change!,"Hi there, Jonathan!

I hope this email finds you basking in sunshine and good spirits! I wanted to take a moment to introduce you to a delightful little gem we have at our company—Doghouse. 

Now, I know what you might be thinking, “What’s a doghouse got to do with Code4Change?” Well, let me tell you, it’s not just about pups and their cozy homes! Doghouse is designed to streamline processes and enhance collaboration in a way that even our froggy friends would hop for joy!

Imagine a tool that can help your team communicate more efficiently and tackle projects with the kind of ease that makes every task feel like a breeze. It’s tailored for folks who, like your team, thrive on innovation and creativity. I truly believe it can be a game changer for you and your talented crew.

If you’d like to explore how Doghouse can leap into action for Code4Change, I’d be thrilled to set up a time to chat. 

Looking forward to your thoughts!

Warmly,  

Demo User",professional,,,
667,138,30879,3051,pending,f,f,2025-12-17 14:01:51.500573+00,A Unique Opportunity for MD Anderson!,"Hello Dr. Fuentes,

I hope this email finds you well and basking in the joys of a lovely day! I’m reaching out to share something I believe could be a delightful addition to your work at The University of Texas MD Anderson Cancer Center.

At our company, we’ve developed a doghouse that’s not just a cozy retreat for our furry friends, but also a functional tool designed with research and innovation in mind. I know how important it is for you and your team to create a comfortable and engaging environment, and this doghouse could serve as an excellent way to foster creativity and collaboration among your staff and students.

Imagine having a space that not only brings a bit of joy but also enhances productivity and team spirit. It’s perfect for those moments when a little furry companionship can brighten up the day, especially in such a rigorous academic setting.

I would love to discuss how our doghouse can fit into your incredible work at MD Anderson. If you’re interested, please let me know a convenient time for you, and we can chat further!

Wishing you all the best in your research and endeavors!

Warmly,  

Demo User",professional,,,
668,138,30873,3045,pending,f,f,2025-12-17 14:01:51.500573+00,A Charming Addition for Boulder Canyon Dental!,"Hi there, Dr. Smith!

I hope this email finds you in good spirits and enjoying a beautiful day at Boulder Canyon Dental. I've been thinking about how your practice brings smiles to so many faces, and I wanted to introduce you to something that might just hop right into your heart!

We’ve recently launched our delightful doghouse, designed specifically to enhance the experience of your furry companions while they wait for their humans. With your target customer profile being frogs (or should I say, ""frog frogs""?), this whimsical addition can create a charming atmosphere that not only attracts those hopping by but also keeps their pet parents happy and at ease during their visit.

Imagine a cozy spot where pets can feel comfortable and cared for, while their humans focus on the important dental care you provide. It’s a win-win situation that can truly set Boulder Canyon Dental apart, making it a destination that caters to the whole family—frogs included!

I'd be more than happy to share more details on how our doghouse can help elevate your practice. Just let me know a good time for us to chat, and I’ll make sure to bring my Southern charm along!

Take care,  

Demo User",professional,,,
669,138,31140,3186,pending,f,f,2025-12-17 14:01:51.500573+00,A Unique Opportunity for L Catterton!,"Hi there, Michael!

I hope this email finds you in great spirits! I’m reaching out to share something special that I believe can truly make a difference for L Catterton.

Here at Send2, we’ve developed a delightful product called Doghouse that caters specifically to our froggy friends. Yes, you read that right—Doghouse is designed to enhance the experience for your target customers, the enthusiastic frog community! A charming and cozy space for our amphibious pals can open up new avenues for engagement and brand loyalty, while also showcasing your commitment to creativity and innovation in the market.

Imagine the smiles on their little froggy faces when they find a snug spot that feels just like home! By incorporating Doghouse into your offerings, you can capture the hearts of these customers, driving both interest and sales for L Catterton.

I’d love the chance to chat more about how Doghouse can fit into your vision and support your goals. Please let me know a time that works for you!

Take care,  

Demo User",professional,,,
670,138,30875,3047,pending,f,f,2025-12-17 14:01:51.500573+00,A Tail-Waggin' Solution for the County of San Diego!,"Hello David!  

I hope this email finds you well and enjoying a beautiful day in sunny San Diego!  

I’m reaching out to introduce you to Doghouse, a delightful solution that can truly make a difference for your team at the County of San Diego. With our innovative approach, we cater to a unique target profile—think of the frogs hopping around your lovely area!  

Doghouse is designed to enhance efficiency and streamline communication, making it easier for your staff to connect and collaborate. Just like those frogs, our platform encourages a lively and dynamic interaction, ensuring that every voice is heard and valued. We believe that fostering a harmonious work environment can lead to happier employees and, in turn, a more productive organization.  

I’d love the opportunity to discuss how Doghouse can support your team’s needs and help you leap into a more collaborative future!  

Looking forward to hearing from you soon!  

Warmly,  

Demo User",professional,,,
684,141,31142,3188,pending,f,f,2025-12-31 18:36:41.915624+00,Hop on Board with Doghouse!,"Hi there, Michael!

I hope this message finds you in great spirits! 

I wanted to take a moment to introduce you to our delightful product, Doghouse, and share how it can truly benefit Treehouse Games. With your focus on frogs, I believe Doghouse can be a perfect fit to enhance your offerings. 

Doghouse is designed to create an engaging and interactive experience for frog enthusiasts and players alike. Imagine a platform where your vibrant community can gather, share their love for frogs, and dive into exciting games tailored just for them! By integrating Doghouse into your services, we can help you foster a more connected and lively environment, ultimately driving customer loyalty and boosting your bottom line.

I would be thrilled to discuss this further and explore how we can work together to make your frog-loving audience even happier.

Looking forward to hearing from you!

Best regards,  

Demo User",professional,,,
671,139,28660,2471,pending,f,f,2025-12-18 14:00:39.52183+00,Unlock New Insights with Our AI API,"Hi there, Vikas!

I hope this email finds you in great spirits. I wanted to take a moment to share something that I believe could be a game-changer for Aas Vidyalaya and its innovative approach to education.

We’ve developed an AI API designed specifically for extracting valuable insights from large sets of unstructured financial data, such as SEC filings. I know that as a forward-thinking institution, you’re always looking for ways to enhance learning and foster creativity in your students. Having access to streamlined, accurate data can help you make informed decisions and drive your mission forward more effectively.

Imagine being able to harness this technology to analyze funding opportunities or understand financial trends that could impact your educational initiatives. It could provide a wealth of information, allowing you to focus more on nurturing critical thinking and less on sorting through endless data.

I’d love to chat more about how our AI API can support Aas Vidyalaya in its remarkable journey. Please let me know if you’re available for a quick call or if I can provide any additional information.

Looking forward to the possibility of working together!

Warmly,  

Jonathan Novotny",professional,,,
672,139,28654,2469,pending,f,f,2025-12-18 14:00:39.52183+00,Enhance Your Insights with AI-Powered Data Extraction,"Hi there, Tanuja!  

I hope this message finds you in good spirits. I’m Jonathan Novotny, and I’m reaching out to share something that I believe could truly benefit Furtados School of Music.  

We’ve developed an AI API designed specifically for extracting valuable insights from large sets of unstructured financial data, such as SEC filings. I know that in the world of music education, staying ahead of the curve is vital, and having access to accurate, timely data can help you make informed decisions for your business.  

Imagine the ease of quickly extracting relevant financial information that could help you identify trends, assess competition, or even better allocate resources across your 200+ centers. Our AI solution can streamline this process, allowing your team to focus more on what you do best—providing top-notch music education to your students!  

I would love the opportunity to discuss this further and explore how we can assist Furtados School of Music in making data-driven decisions that enhance your mission.  

Looking forward to hearing from you!  

Warmly,  

Jonathan Novotny",professional,,,
673,139,28649,2468,pending,f,f,2025-12-18 14:00:39.52183+00,Exciting AI Solutions for Edukemy!,"Hi there, Deb!

I hope this email finds you well and thriving at Edukemy! 

I wanted to take a moment to introduce you to an innovative AI API that specializes in extracting large financial unstructured data, such as SEC filings. This technology could be a game changer for your team, especially as you continue to enhance your course offerings and exam preparation resources.

Imagine being able to quickly analyze extensive financial documents to provide your students with up-to-date, relevant information for their studies. This API can help streamline data extraction, allowing you to focus on delivering exceptional learning experiences without getting bogged down in the details.

If you have a moment, I’d love to chat more about how this could align with your goals at Edukemy. Your dedication to supporting students and professionals is truly inspiring, and I believe this tool could further enhance the incredible resources you already provide.

Looking forward to hearing from you!

Warmly,  

Jonathan Novotny",professional,,,
674,139,28612,2456,pending,f,f,2025-12-18 14:00:39.52183+00,Exciting Opportunity for HeyMath!,"Hi there, Nirmala!

I hope this email finds you well and thriving at HeyMath! As someone who truly appreciates the power of education, I have been following your incredible work in transforming math learning for students around the globe. 

I wanted to reach out to introduce you to an innovative AI API designed specifically for extracting insights from large volumes of unstructured financial data, like SEC filings. I believe this tool could be a game-changer for your team.

Imagine being able to effortlessly sift through financial documents, pulling out relevant information in a fraction of the time it would typically take. This not only streamlines your research processes but also enhances the depth of data analysis you can perform, allowing you to make more informed decisions for HeyMath's future.

I would love to discuss how this technology could be tailored to fit your needs and help elevate your mission in K-12 education. If you’re available for a quick chat, please let me know what works for you!

Looking forward to the possibility of collaborating with your amazing team.

Warmly,  

Jonathan Novotny",professional,,,
675,139,28644,2467,pending,f,f,2025-12-18 14:00:39.52183+00,Unlock Insights with Our AI API for Financial Data,"Hi there, Anshuman!

I hope this email finds you well and thriving at Teachmint!

I wanted to reach out and share some exciting news about an AI API we’ve developed that specializes in extracting insights from large volumes of unstructured financial data, like SEC filings. I believe this could be a real game-changer for your business!

With our API, you can automate the extraction process, turning complex financial documents into structured data that is easy to analyze and integrate into your existing systems. This means you could save valuable time and resources while gaining deeper insights into the financial landscape, helping you stay ahead in the ever-evolving edtech market.

I’d love to chat more about how this could specifically benefit Teachmint and support your mission of enhancing online education. If you're interested, let’s set up a time to discuss this further!

Looking forward to hearing from you!

Warmly,  

Jonathan Novotny",professional,,,
676,140,34074,3779,pending,f,f,2025-12-19 14:00:33.655767+00,Exciting AI Solutions for Blue Owl Capital!,"Hi there, Jonathan!

I hope this email finds you in great spirits! I wanted to take a moment to share something that I believe could be a game-changer for Blue Owl Capital. 

We’ve recently developed an AI API specifically designed for the extraction of large volumes of unstructured financial data, such as SEC filings. I know how crucial timely and accurate data is in your line of work, especially when it comes to direct lending and real estate investments. Our solution can streamline the process of gathering and analyzing this information, allowing your team to focus on what truly matters—making informed investment decisions.

With our AI API, you'll be able to significantly reduce the time spent on data extraction and enhance your reporting capabilities, all while maintaining the highest level of accuracy. Imagine having all that crucial information at your fingertips, ready to drive your investment strategies forward!

I’d love to discuss this further and explore how we can tailor our technology to fit your specific needs. If you have a moment, I’d be thrilled to set up a time for a chat.

Looking forward to hearing from you!

Warmly,  

Jonathan Novotny",professional,,,
677,140,34203,3801,pending,f,f,2025-12-19 14:00:33.655767+00,"Transforming Your Data Insights, Karina!","Hi there, Karina!

I hope this message finds you well and thriving at Monroe Capital. I wanted to take a moment to share something that could truly enhance your firm’s operations and decision-making processes.

We have developed a cutting-edge AI API specifically designed for extracting insights from large volumes of unstructured financial data, like SEC filings. This innovative tool can help streamline your data analysis, allowing you to focus more on what matters—supporting growth and acquisitions for your clients.

Imagine having the ability to quickly and accurately sift through those complex documents, freeing up your talented team to make strategic decisions with confidence. Our AI API can help you uncover critical insights faster, ultimately empowering your firm to seize opportunities and navigate challenges with ease.

I’d love the chance to discuss how this solution could align with Monroe Capital's goals and vision. Please let me know a convenient time for you, and we can set up a chat.

Wishing you a wonderful day ahead!

Best regards,  

Jonathan Novotny",professional,,,
678,140,34084,3782,pending,f,f,2025-12-19 14:00:33.655767+00,Unlocking Insights from Financial Data,"Hi there, Ariel!

I hope this message finds you well and thriving at Madison Realty Capital. I wanted to take a moment to share something that I believe could be a real game-changer for your team.

We’ve recently introduced an AI API designed specifically for extracting valuable insights from large volumes of unstructured financial data, such as SEC filings. I can only imagine how much time and effort goes into sifting through those documents, and that’s where our solution comes in.

This handy tool can help streamline your due diligence process by quickly identifying key information and trends, allowing your team to focus on what truly matters—making informed investment decisions. Imagine the efficiencies gained and the potential opportunities uncovered!

I would love to discuss this more with you and explore how it could be tailored to fit the unique needs of Madison Realty Capital. 

Looking forward to hearing from you!

Warmly,  

Jonathan Novotny",professional,,,
679,140,34075,3779,pending,f,f,2025-12-19 14:00:33.655767+00,Exciting Opportunity for Streamlined Data Extraction,"Hi there, Joe!

I hope this email finds you well and enjoying a beautiful day at Blue Owl Capital. I wanted to take a moment to share something that I believe could be truly beneficial for your team.

We’ve recently developed an AI API designed specifically for extracting valuable insights from large volumes of unstructured financial data, like SEC filings. This tool can help streamline your processes, making it easier to analyze critical information and make informed decisions in your direct lending and real estate debt investments.

By automating the extraction of pertinent data, your team can spend less time sifting through documents and more time focusing on what really matters—growing your investments and serving your clients to the best of your ability.

If you have a moment, I’d love to chat about how this could align with Blue Owl's goals and enhance your efficiency. 

Looking forward to hearing from you!

Warmly,

Jonathan Novotny",professional,,,
680,140,34096,3786,pending,f,f,2025-12-19 14:00:33.655767+00,Unlocking Insights from Financial Data,"Hi there, Shari!

I hope this message finds you well and thriving at Blue Owl Capital. I wanted to take a moment to share something that I believe could be a game-changer for your team.

We’ve recently introduced an AI API specifically designed for extracting unstructured financial data, such as SEC filings. This tool can help streamline your data collection process, enabling you to access critical insights with remarkable speed and accuracy. 

Imagine having the ability to quickly analyze vast amounts of data, allowing your team to focus on what truly matters—making informed investment decisions for your clients. I believe this could enhance your current workflows and ultimately bolster the exceptional service you provide.

If this piques your interest, I’d love the opportunity to discuss how we can tailor this solution to meet the unique needs of Blue Owl Capital. 

Looking forward to connecting!

Warmly,

Jonathan Novotny",professional,,,
681,141,30916,3114,pending,f,f,2025-12-31 18:36:41.915624+00,A Tail-Waggin' Opportunity for Goodwin!,"Hi there, Jon!

I hope this email finds you well and enjoying a lovely day at Goodwin. I wanted to take a moment to introduce you to something that could really hop into your business and make a splash—our delightful doghouse!

Now, I know what you might be thinking, “A doghouse? How does that fit into our world?” Well, let me tell you, this isn't just any doghouse! It's specially designed to cater to our targets—those charming little frogs we all adore. With a cozy, amphibian-friendly design, our doghouse provides a perfect sanctuary for them. 

Imagine your customers—those delightful frog enthusiasts—having a place to house their beloved pets that not only meets their needs but also showcases the innovation and care that Goodwin stands for. This could really enhance your offerings and strengthen your connection with your audience, all while bringing a bit of fun into the mix!

I would love to chat more about how our doghouse can benefit your business. Let’s find a time to connect!

Warmly,  

Demo User",professional,,,
682,141,30928,3126,pending,f,f,2025-12-31 18:36:41.915624+00,A Charming Opportunity for Apple Inc.!,"Hi there, Tim!

I hope this message finds you in great spirits. I’m reaching out to share something that I believe could be a delightful addition to Apple Inc.'s offerings — our innovative doghouse solution tailored specifically for your target customers, those adorable frogs!

You see, our doghouse isn't just a cozy spot for our froggy friends; it’s designed to enhance their experience and well-being in ways that resonate with their unique needs. Imagine a space where they can feel safe and secure, while also enjoying the beauty of the outdoors. This could foster a stronger connection between Apple and this whimsical target audience, all while promoting creativity and playfulness.

I genuinely believe that by integrating our doghouse into your product line, we could create a charming synergy that appeals to the hearts of your customers, and I’d love the chance to discuss this further!

Thank you for your time, and I look forward to the possibility of collaborating with you.

Warmly,

Demo User",professional,,,
683,141,30911,3105,pending,f,f,2025-12-31 18:36:41.915624+00,Hop Into Success with Doghouse!,"Hello John!

I hope this message finds you well and enjoying a beautiful day at Finovate!

I wanted to take a moment to introduce you to Doghouse, a unique solution that I believe could truly benefit your business. Tailored especially for our froggy friends, Doghouse provides an engaging and delightful experience that keeps our target customers—frogs—hopping back for more.

Imagine enhancing your offerings with something that speaks directly to their needs! Doghouse not only addresses their preferences but also aligns perfectly with your innovative approach at Finovate. By embracing this charming solution, you can cultivate a stronger connection with your audience and ultimately boost your bottom line.

If you'd like to chat more about how Doghouse can add value to your company, I would absolutely love to connect!

Wishing you a wonderful day ahead!

Warmly,  

Demo User",professional,,,
685,141,30881,3053,pending,f,f,2025-12-31 18:36:41.915624+00,Let’s Hop into a Brighter Future Together!,"Hello David!

I hope this email finds you in great spirits! I’m reaching out to share something that could be a real game changer for Cape Fear Construction Group. 

Have you ever thought about how a cozy, well-constructed doghouse could resonate with your clients? Well, let me introduce you to our delightful doghouses! These aren’t just ordinary doghouses; they’re a reflection of quality craftsmanship that would surely tug at the hearts of your customers, especially those who adore their furry friends. 

Imagine this: every time someone sees one of our charming doghouses, it could spark joy and a connection to your brand. After all, who wouldn’t want a sturdy and stylish home for their pup? It’s a perfect way to enhance your offerings and show your commitment to quality and care in every aspect of your business.

I’d love to chat more about how we can work together to bring this unique opportunity to life for your clients. 

Looking forward to hearing from you soon!

Warmly,  

Demo User",professional,,,
686,142,33162,3604,pending,f,f,2025-12-31 18:36:42.23982+00,Elevate Your Storytelling with Rich Media Play,"Hi there, Pramod!

I hope this email finds you well and thriving at Barclays Investment Bank. I wanted to take a moment to introduce you to Rich Media Play, where we specialize in crafting high-impact video, animation, and engaging data-driven storytelling. We understand that in the fast-paced world of financial services, it’s essential to communicate your value effectively without the burden of agency overhead. 

With our polished and strategic content, we can help Barclays Investment Bank connect with clients and stakeholders in a more compelling way. Our team is dedicated to delivering customized solutions that resonate with your audience and highlight the exceptional services you provide, from M&A advisory to risk management.

Let’s explore how we can work together to enhance your storytelling and elevate your brand presence in the tri-state area. I would love to chat more about your vision and how we can support your goals.

Thank you for considering this opportunity, and I look forward to hearing from you soon!

Warmly,  


User",professional,,,
687,142,29853,2814,pending,f,f,2025-12-31 18:36:42.23982+00,Elevate Your Storytelling with Rich Media Play,"Hi there, Rob!

I hope this message finds you in good spirits. I wanted to take a moment to introduce you to Rich Media Play, where we specialize in crafting high-impact video, animation, and data-driven storytelling that can truly resonate with your audience.

As the President of The Ward Group, you know the importance of polished, strategic content in enhancing market presence. Our approach is designed to provide your financial services clients in the tri-state area with compelling narratives that not only capture attention but also drive engagement—all without the overhead of a traditional agency.

We’d love the chance to partner with you and help your clients shine through captivating visual content that speaks to their unique offerings and values. Together, we can create stories that are as impactful as they are beautiful.

If you’re interested, I’d be delighted to chat about how we can work together to elevate the storytelling for your clients. 

Take care, 

User",professional,,,
688,142,30682,2971,pending,f,f,2025-12-31 18:36:42.23982+00,Elevate Your Storytelling with Rich Media Play!,"Hi there, Oleg!

I hope this message finds you well and thriving at Zaya Production!

I’m reaching out to introduce you to Rich Media Play, where we specialize in creating high-impact video, animation, and data-driven storytelling tailored for organizations like yours. We understand that in the financial services industry, polished and strategic content is key to engaging clients and standing out in a competitive market.

Imagine having captivating visuals and compelling narratives that not only inform but also resonate deeply with your audience—without the hefty agency overhead! Our team is dedicated to helping businesses in the tri-state area amplify their message and strengthen their brand through expertly crafted content.

If this sounds like something that might interest you, I would love the opportunity to chat about how we can collaborate to elevate your storytelling efforts.

Looking forward to hearing from you!

Warmly,  

User",professional,,,
689,142,30686,2978,pending,f,f,2025-12-31 18:36:42.23982+00,Elevate Your Storytelling with Rich Media Play,"Hello John!

I hope this message finds you well and thriving at VaynerMedia! I’m reaching out to introduce you to Rich Media Play, where we specialize in creating high-impact video, animation, and data-driven storytelling tailored for organizations like yours. 

In the fast-paced world of financial services, we know how crucial it is to present polished and strategic content that resonates with your audience. Our team is dedicated to crafting compelling narratives that not only capture attention but also drive engagement—all without the hefty agency overhead.

By partnering with us, VaynerMedia can enhance its offerings with our dynamic visual content, helping your clients stand out in a crowded marketplace. We believe our services could be a wonderful complement to the innovative work you’re already doing.

I’d love to chat more about how we can support your goals and bring your clients’ stories to life. Please let me know if you’d be open to a brief call!

Warmly,

User",professional,,,
690,142,29850,2812,pending,f,f,2025-12-31 18:36:42.23982+00,Elevate Your Content Game with Rich Media Play!,"Hello Igor!

I hope this email finds you well and thriving at Avidon Marketing Group. I’ve been following your impressive work in the digital marketing space, especially your focus on helping brands grow their online presence. It’s truly inspiring!

I wanted to introduce you to Rich Media Play, where we specialize in creating high-impact video, animation, and data-driven storytelling for organizations just like yours. Our aim is to provide polished, strategic content without the hefty agency overhead, making it easier for companies to deliver their message effectively.

For financial services firms in the tri-state area, we understand the unique challenges you face in communicating complex information. Our engaging video content can break down intricate concepts into visually appealing narratives that resonate with your audience, driving engagement and conversions.

I believe that a partnership between Avidon Marketing Group and Rich Media Play could lead to some truly remarkable results. Let’s chat about how we can help elevate your offerings and add even more value for your clients!

Looking forward to hearing from you soon!

Warmly,  

User",professional,,,
697,144,34052,3775,pending,f,f,2025-12-31 18:36:42.633716+00,Unlocking Insights from Financial Data,"Hi there, Ariel!

I hope this message finds you well and thriving at Madison Realty Capital. I’m reaching out to share something that I believe could be a game-changer for your team.

We’ve recently introduced an AI-driven API designed specifically for extracting unstructured data from large financial documents, such as SEC filings. This tool can help streamline your data analysis process and provide richer insights, allowing you to make more informed decisions for your real estate projects.

Imagine having the ability to quickly sift through mountains of data, bringing the most relevant information right to your fingertips. It can save your team countless hours and let you focus on what you do best—financing those fantastic commercial real estate opportunities.

I would love the chance to chat more about how this could benefit Madison Realty Capital. Please let me know if you’d be open to a conversation!

Best regards,

Jonathan Novotny",professional,,,
691,143,34587,3910,pending,f,f,2025-12-31 18:36:42.411579+00,Discover How Firefox Can Energize Your Dogshop!,"Hi there, Aiman!

I hope this email finds you in great spirits! I wanted to take a moment to introduce you to Firefox, a fantastic tool that could really enhance the operations at NuWatt Energy, especially for your dogshop.

Firefox is designed to streamline your online experience, making it easier for you to connect with customers and manage your services. With its user-friendly interface and robust features, it can help you save time while improving your customer engagement. Just think about how much smoother your interactions could be, allowing you to focus more on what you love—serving those furry friends!

Not only does Firefox provide excellent browsing capabilities, but it also prioritizes security and privacy, keeping your customer data safe and sound. In today's digital world, that’s something we can all appreciate!

If you're interested, I’d be thrilled to set up a time to chat further about how Firefox can fit into the wonderful work you’re already doing at NuWatt Energy. 

Looking forward to hearing from you!

Warmly,

User",professional,,,
692,143,34590,3908,pending,f,f,2025-12-31 18:36:42.411579+00,Discover a Bright New Path for Your Dogshop!,"Hi there, Michael!  

I hope this email finds you in high spirits and surrounded by wagging tails! I’m Jonathan Novotny, and I’m reaching out to share something that I believe could truly benefit your wonderful dogshop.  

Have you ever considered using Firefox? This browser not only prioritizes your online privacy but also offers a more seamless experience for your customers. Just imagine how it could help streamline your online shopping experience for pet owners looking for the best supplies for their furry friends!  

With Firefox, you can ensure that your website runs smoothly, protecting your customers' data while they browse. Plus, its user-friendly interface makes it a breeze for everyone—whether they’re seasoned techies or just looking to spoil their pets!  

I would love to chat more about how Firefox can support your dogshop’s online presence and help you shine even brighter in the pet community.  

Looking forward to hearing from you soon!  

Warmly,  

User",professional,,,
693,143,34594,3908,pending,f,f,2025-12-31 18:36:42.411579+00,Discover How Firefox Can Boost Your Dogshop Business!,"Hi there, Brian!  

I hope this email finds you well and that you’re having a delightful day at All Energy Solar!  

I wanted to take a moment to introduce you to Firefox, a fantastic tool that I believe could bring some sweet benefits to your dogshop. With its user-friendly interface and robust features, Firefox can help streamline your online presence, making it easier for dog lovers to find and connect with your shop.  

By using Firefox, you can enhance your website's performance, ensuring that your customers have a smooth and enjoyable experience. Plus, it offers excellent privacy features, which is a lovely way to show your customers that you care about their security while they browse for their furry friends' needs.  

I’d love to chat more about how Firefox can fit into your business strategy and help you reach even more dog owners in the community. Let me know if you’d like to set up a time for a quick call or chat over coffee!  

Warmly,  

User",professional,,,
694,143,34596,3908,pending,f,f,2025-12-31 18:36:42.411579+00,Discover How Firefox Can Light Up Your Dogshop!,"Hi there, Jeff!

I hope this email finds you well and that your day is shining as bright as a sunny afternoon in the South!

I wanted to take a moment to introduce you to Firefox, a delightful web browser that could really help {{contact_company_name}} enhance its online presence and customer engagement. With its user-friendly interface and robust privacy features, Firefox is an excellent choice for businesses like yours that want to connect with dog lovers in the most secure and efficient way possible.

Imagine your customers browsing through your dogshop’s offerings without any distractions! Firefox’s customizable features can help create a seamless shopping experience, making it easier for folks to find everything their furry friends need. Plus, its strong focus on security means your customers can shop with peace of mind, knowing their personal information is well-protected.

As a company that truly cares about its community, I believe that using Firefox can help you not only reach more dog parents but also create a loyal customer base that feels safe and valued.

If you have any questions or would like to chat about how Firefox can benefit {{contact_company_name}}, please don’t hesitate to reach out. I’d be more than happy to help!

Warmly,

User",professional,,,
695,143,34604,3911,pending,f,f,2025-12-31 18:36:42.411579+00,Discover How Firefox Can Fetch Success for Brightway Energy!,"Hi there, Jason!

I hope this email finds you well and that your day is as bright as the sun shining down on a happy pup! 

I wanted to take a moment to introduce you to Firefox, a fantastic tool that could really make a difference for Brightway Energy. Just like a loyal dog brings joy to our lives, Firefox can bring efficiency and ease to your operations. 

With its user-friendly interface and robust features, Firefox can help streamline your communication, improve customer engagement, and optimize your energy services. Imagine the time you'll save and the energy you'll conserve while enjoying a more organized workflow! Plus, it’s designed to keep your data secure, so you can focus on what you do best—helping customers reduce their energy costs and emissions.

If you have a moment, I’d love to chat more about how Firefox can fit into your business and serve your customers even better. Let’s fetch a time that works for you!

Take care, 

User",professional,,,
696,144,34204,3801,pending,f,f,2025-12-31 18:36:42.633716+00,Unleashing the Power of AI for Your Financial Data,"Hi there, Margaret!

I hope this message finds you well and in high spirits! I wanted to take a moment to introduce an exciting opportunity that could truly enhance the way Monroe Capital manages its financial data. 

Our AI API specializes in extracting valuable insights from large sets of unstructured data, like SEC filings. We understand that navigating through mountains of paperwork can be quite the challenge, especially in the fast-paced world of private credit and investment. Our solution can help streamline your data extraction process, allowing your team to focus on what truly matters—supporting growth and making informed decisions.

Imagine having the ability to quickly sift through all those filings and pull out the critical information you need to make strategic choices. This could not only save time but also drive efficiency in your operations, helping Monroe Capital deliver even more tailored financing solutions to your clients.

I would love to chat more about how our AI API can be a game-changer for your firm. Please let me know if you’d be open to a conversation. 

Looking forward to hearing from you soon!

Warmly,  

Jonathan Novotny",professional,,,
698,144,28663,2472,pending,f,f,2025-12-31 18:36:42.633716+00,Unlocking Insights from Financial Data with Our AI API,"Hi there, Sonya!  

I hope this message finds you well and thriving at Imarticus Learning!  

I wanted to take a moment to share an exciting opportunity that could truly elevate the way you approach financial data extraction. Our AI API specializes in handling large volumes of unstructured data, such as SEC filings, and it's designed specifically to help businesses like yours streamline their processes and enhance decision-making efficiency.  

Imagine being able to extract valuable insights from mountains of complex financial documents without the usual hassle. Our technology can not only save your team precious time but also improve accuracy, allowing you to focus more on what you do best—providing top-notch education and training in finance and analytics.  

I believe our solution could support your mission of enhancing employability and career growth for your students by offering them the latest tools and insights from the financial world. I’d be delighted to discuss how we can tailor our offerings to meet your specific needs.  

Looking forward to hearing from you soon!  

Warmly,  

Jonathan Novotny",professional,,,
699,144,28648,2468,pending,f,f,2025-12-31 18:36:42.633716+00,Transform Your Data Strategy with Our AI API,"Hello Shabbir,  

I hope this message finds you well and thriving at Edukemy!  

I wanted to take a moment to share an exciting opportunity that could really elevate how your team handles financial data. Our AI API specializes in extracting unstructured data from large financial documents, like SEC filings, and it can be a game-changer for your operations.  

Imagine having the ability to swiftly analyze and derive insights from mountains of data without the tedious manual effort. This not only saves time but also allows your team to focus on what really matters—providing top-notch educational resources and support to your students and professionals.  

I truly believe that integrating our AI API could enhance your data processing capabilities, making your courses and resources even more valuable. I'd love the chance to chat more about how this can specifically benefit Edukemy.  

Thank you for considering this opportunity, and I look forward to the possibility of working together!  

Warmly,  

Jonathan Novotny",professional,,,
700,144,28662,2472,pending,f,f,2025-12-31 18:36:42.633716+00,Unlocking New Insights with Our AI API,"Hi there, Nikhil!  

I hope this message finds you well and thriving at Imarticus Learning.  

I wanted to take a moment to introduce you to our innovative AI API designed specifically for extracting valuable insights from large volumes of unstructured financial data, such as SEC filings. With the ever-evolving landscape of finance and the importance of staying ahead of the curve, our solution can be a game-changer for your team.  

By integrating our API into your offerings, you can streamline the data extraction process, allowing you to focus more on what truly matters—enhancing your educational programs and empowering your students. Imagine providing them with timely, accurate financial insights that can elevate their learning experience and employability in this competitive market!  

I would love the opportunity to discuss how our AI API can support Imarticus Learning's mission and contribute to your success. Please let me know a time that works for you, and I'll be happy to chat!  

Warmly,  

Jonathan Novotny",professional,,,
701,145,28689,2480,pending,f,f,2026-01-01 15:09:18.715577+00,Unlock New Insights with Our AI API!,"Hi there Dinesh,

I hope this message finds you well and thriving at Vikalp India! I wanted to take a moment to share something that I believe could be a real game changer for your business, especially in the fast-paced world of educational consultancy.

We’ve developed an AI API specifically designed for extracting valuable insights from large sets of unstructured financial data, like SEC filings. Imagine being able to sift through mountains of information with ease, gaining crucial insights that can guide your students in their academic journeys. 

This tool can save your team countless hours of manual data extraction, allowing you to focus more on what you do best—providing exceptional guidance and support to your students. With the right data at your fingertips, you can make more informed decisions and enhance the services you offer at Vikalp India.

I would love the chance to discuss how this AI API can fit into your operations and help you achieve even greater success. Please let me know if you’re available for a quick chat!

Wishing you all the best,

Jonathan Novotny",professional,,,
702,145,28675,2479,pending,f,f,2026-01-01 15:09:18.715577+00,Unlocking Insights from Financial Data for CollegeDekho,"Hi there, Ruchir!

I hope this email finds you in great spirits! I’m Jonathan Novotny, and I wanted to reach out to you about something that could be a real game-changer for CollegeDekho.

We’ve recently developed an AI API specifically designed for extracting insights from large volumes of unstructured financial data, like SEC filings. I know that navigating and analyzing such data can be a daunting task, especially when it comes to ensuring that students have access to the financial information necessary for making informed decisions about their education.

Imagine how much easier it could be for your team to sift through this information, gaining valuable insights that can enhance your services. With our AI API, you can streamline the process, saving time and resources while providing your students with the accurate and up-to-date financial information they need. 

I’d love to chat more about how this technology can support CollegeDekho’s mission. Would you be open to a quick call next week? 

Looking forward to hearing from you!

Warmly,  

Jonathan Novotny",professional,,,
703,145,28676,2476,pending,f,f,2026-01-01 15:09:18.715577+00,Unlocking Insights from Financial Data with Our AI API,"Hi there, Jc!

I hope this message finds you in great spirits. I’m Jonathan Novotny, and I wanted to take a moment to share something that could be quite valuable to you and your esteemed team at Aakash Educational Services Limited.

We’ve developed an AI API specifically designed for extracting and analyzing large unstructured financial data, such as SEC filings. Given your pioneering role in the educational sector, having streamlined access to such insights could be a game changer for your strategic planning and decision-making processes.

Imagine the time and effort you could save by automating the extraction of critical financial information. This allows you to focus more on what truly matters – empowering students and enhancing educational outcomes. With quick access to key data, you can make informed decisions that drive growth and innovation at AESL.

I’d be delighted to discuss how our solution can be tailored to meet your unique needs and help you stay ahead in this competitive landscape. 

Looking forward to the possibility of connecting!

Warmly,  

Jonathan Novotny",professional,,,
704,145,32873,3551,pending,f,f,2026-01-01 15:09:18.715577+00,Unlocking Insights from Your Data with AI,"Hi there, Naga!

I hope this message finds you well and thriving at Intel Corporation. I wanted to take a moment to share something that I believe could significantly enhance the way you handle large unstructured financial data, especially those SEC filings that can be quite the puzzle.

Our AI API specializes in extracting valuable insights from complex datasets, turning the mountains of unstructured data into clear, actionable information. This can streamline your operations and help your team focus on what truly matters—crafting innovative solutions for your customers. Imagine having the ability to quickly analyze and derive insights from critical filings without the time-consuming manual effort!

As a company at the forefront of technology, I believe this could be a real game-changer for Intel, especially in optimizing your decision-making processes and enhancing your data capabilities.

I would love the opportunity to discuss this further and see how we might collaborate to bring this to life for your team.

Looking forward to hearing from you!

Warmly,

Jonathan Novotny",professional,,,
705,145,28661,2474,pending,f,f,2026-01-01 15:09:18.715577+00,Unlocking New Insights with AI for Clever Harvey,"Hi there, Sriram!  

I hope this message finds you well and thriving at Clever Harvey! I’m reaching out to share some exciting news that I believe could greatly enhance your operations, particularly in handling financial unstructured data like SEC filings.  

Imagine having an AI API at your fingertips that efficiently extracts valuable insights from complex financial documents. This powerful tool not only streamlines the data extraction process but also empowers your team to focus on what truly matters—developing the best course content and equipping your students with the skills they need to succeed.  

By integrating this AI technology, you can access timely and accurate financial information, helping you make informed decisions and stay ahead of the competition. It's like having a trusty assistant who never tires and always delivers!  

I would love the chance to discuss how this could be a game changer for Clever Harvey. Please let me know a convenient time for us to chat, or feel free to reply with any questions you might have.  

Looking forward to connecting!  

Warmly,  

Jonathan Novotny",professional,,,
706,146,32884,3547,pending,f,f,2026-01-03 16:01:57.037486+00,Unlocking Insights from Financial Data,"Hi there, Philipp!

I hope this message finds you well and enjoying a lovely day at Google.

I wanted to take a moment to introduce you to an AI API designed specifically for extracting large volumes of unstructured financial data, like SEC filings. Given Google's commitment to organizing information and making it universally accessible, I believe this tool could be a game-changer for your operations.

With the power of this AI API, you can swiftly analyze and extract valuable insights from vast amounts of financial documents. This not only streamlines your data processing but also enhances decision-making capabilities by providing timely, accurate information that can drive strategic initiatives forward. 

In a fast-paced industry where staying ahead is essential, having the right tools to sift through complex data can empower your team to focus on what truly matters—innovation and growth.

I’d love to chat more about how this solution can align with Google’s goals. Please let me know if you’re available for a quick conversation. 

Wishing you a wonderful day ahead!

Best regards,

Jonathan Novotny",professional,,,
707,146,28690,2477,pending,f,f,2026-01-03 16:01:57.037486+00,Unlocking Insights with AI for Extramarks,"Hello Atul,

I hope this message finds you well and thriving! 

I wanted to take a moment to share something that I believe could be a game-changer for Extramarks. We have developed an AI API specifically designed for extracting large volumes of unstructured financial data, like SEC filings. I reckon this could bring a wealth of insights your way, enhancing your offerings in the educational technology space.

Imagine having the ability to swiftly analyze and process vast amounts of financial information, allowing your team to focus more on creating personalized learning solutions for K-12 students. With our AI tool, you can streamline data extraction, making your operations more efficient and effective. This could not only save time but also empower your decision-making with rich, actionable insights.

If this piques your interest, I would love to discuss it further and explore how we can collaborate to bring even more value to your esteemed company.

Looking forward to hearing from you soon!

Warmly,  

Jonathan Novotny",professional,,,
708,146,32886,3547,pending,f,f,2026-01-03 16:01:57.037486+00,Unlocking Insights from Financial Data,"Hi there, Thomas!

I hope this message finds you well and thriving at Google Cloud! 

I’m reaching out to share something that I believe could add tremendous value to your operations. We’ve developed an AI API designed specifically for extracting insights from large volumes of unstructured financial data, like SEC filings. As you know, this type of data can be quite a challenge to navigate, but our solution is crafted to help organizations like yours streamline the process and uncover meaningful insights with ease.

Imagine being able to access and analyze critical financial information swiftly, allowing for more informed decision-making. This API can help you enhance your data analytics capabilities, ultimately supporting Google Cloud’s mission to make information universally accessible and useful.

I would be thrilled to discuss how we can work together to drive innovation and efficiency in your operations. Please let me know a time that works for you, and I’ll be more than happy to arrange a chat.

Looking forward to the possibility of collaborating!

Warmly,  

Jonathan Novotny",professional,,,
709,146,32887,3550,pending,f,f,2026-01-03 16:01:57.037486+00,Unlocking Insights from Unstructured Data,"Hi there, Kathleen!  

I hope this message finds you well and enjoying a lovely day!  

I wanted to take a moment to share something that might just tickle your fancy over at Microsoft Corp. Our AI API is designed specifically for extracting valuable insights from large volumes of unstructured financial data, like SEC filings.  

Imagine having the power to effortlessly sift through mountains of documents, pulling out key information faster than a cat can chase a laser pointer! This tool can help your team make more informed decisions, streamline processes, and ultimately drive strategic growth.  

If you're interested, I’d love to chat more about how this innovative solution can align with your goals at the Office of Strategy and Transformation.  

Looking forward to hearing from you soon!  

Warmly,  

Jonathan Novotny",professional,,,
710,146,28694,2481,pending,f,f,2026-01-03 16:01:57.037486+00,Unlock Insights with AI for Your Financial Data,"Hi there, Prafful!

I hope this email finds you in good spirits and thriving at SarrthiIAS! 

I wanted to take a moment to introduce you to an exciting AI API that specializes in extracting valuable insights from large volumes of unstructured financial data, such as SEC filings. In a world where information is king, having the right tools to sift through and analyze this data can truly set you apart.

Imagine being able to streamline the research process for your students preparing for civil services examinations. This API can help unearth critical financial trends and insights, making your coaching even more relevant and impactful. It not only saves time but also enhances the learning experience by providing deeper context to the financial topics that are so crucial in today's world.

I genuinely believe this could be a game-changer for SarrthiIAS, enabling you to provide even more comprehensive training to your students. If you’re interested, I’d love to chat about how this could fit into your vision for the future.

Looking forward to hearing from you!

Warmly,

Jonathan Novotny",professional,,,
711,147,32900,3549,pending,f,f,2026-01-05 14:00:19.020956+00,Enhancing Financial Data Insights with AI,"Hi there, Arvind!

I hope this message finds you well and thriving at IBM Corporation. I wanted to take a moment to share something that I truly believe could be a game-changer for your team.

Our AI API specializes in extracting valuable insights from large volumes of unstructured financial data, such as SEC filings. In today's fast-paced world, having quick and accurate access to critical information is more important than ever. Our solution can help streamline your data processing, enabling IBM to make informed decisions faster and more efficiently.

Imagine the time and resources your team could save, allowing them to focus on what truly matters—driving innovation and delivering exceptional service to your clients. I’m genuinely excited about the potential this technology holds for enhancing your operational capabilities.

If this piques your interest, I would love to chat more and explore how we can work together to benefit IBM. 

Thank you for your time, and I look forward to hearing from you!

Warmly,  

Jonathan Novotny",professional,,,
712,147,32902,3549,pending,f,f,2026-01-05 14:00:19.020956+00,Unlocking Insights from Financial Data with AI!,"Hi there, James!  

I hope this message finds you well and thriving at IBM Corporation. I wanted to take a moment to share something that I believe could be a real game-changer for your team, especially in the realm of financial data management.

We recently rolled out a powerful AI API designed specifically for extracting insights from large volumes of unstructured financial data, such as SEC filings. This technology can help streamline your data processes, enabling your team to quickly access critical insights without the usual hassle of manual extraction.

Imagine the time saved and the enhanced accuracy of your financial reporting! With our AI solution, you can focus on strategic decision-making rather than getting bogged down by data collection. 

I would love the opportunity to discuss how this could fit into your existing workflow and support your goals at IBM. If you have a few moments to chat, I’d be delighted to connect!

Wishing you a wonderful day ahead!  

Best regards,  

Jonathan Novotny",professional,,,
713,147,28698,2483,pending,f,f,2026-01-05 14:00:19.020956+00,Unlock the Power of AI for Your Financial Data,"Hi there, Naveen!  

I hope this message finds you well and thriving at WEXL Edu Pvt Ltd!  

I’m reaching out to share some exciting news about an AI API that specializes in extracting valuable insights from large sets of unstructured financial data, such as SEC filings. I truly believe this could be a game-changer for your business.  

With our AI API, you can effortlessly analyze and interpret complex financial documents, saving your team countless hours of manual work. Imagine having the ability to quickly gather critical information and make informed decisions without the usual headaches—now that’s what I call a win-win!  

I’d love the opportunity to discuss how this technology can be tailored to meet the unique needs of WEXL Edu. If you’re open to it, let’s set up a time to chat!  

Looking forward to hearing from you.  

Warmly,  

Jonathan Novotny",professional,,,
714,147,28650,2468,pending,f,f,2026-01-05 14:00:19.020956+00,Unlocking Efficiency with AI for Edukemy,"Hi there, Chandrahas!

I hope this message finds you well and soaking up the lovely autumn vibes. I’m reaching out to share something that could add a sprinkle of magic to Edukemy’s operations.

We’ve developed an AI API specifically designed for extracting large amounts of unstructured financial data, like SEC filings. I know that navigating through heaps of information can be a daunting task, especially in your line of work. Imagine being able to streamline that process and focus more on what truly matters—enhancing the learning experience for your students and professionals!

Our solution can help Edukemy save time and resources by automating data extraction, providing you with accurate insights at the click of a button. This means more time for your team to create those invaluable courses and resources that your audience loves!

I’d love to chat more about how we can tailor this technology to fit your needs. What do you say to a quick call next week? 

Looking forward to hearing from you!

Warmly,  

Jonathan Novotny",professional,,,
715,147,32904,3549,pending,f,f,2026-01-05 14:00:19.020956+00,Unlocking Insights from Financial Data,"Hi there, Jonathan!  

I hope this message finds you well and enjoying a lovely day at IBM Corporation.  

I’m reaching out to share an exciting opportunity that could greatly enhance your data extraction processes, particularly when it comes to unstructured financial data like SEC filings.  

Our AI API is designed to streamline the extraction of vital insights from large volumes of unstructured data. By harnessing the power of AI, your team can save countless hours of manual data processing, allowing you to focus on what truly matters—making informed decisions and driving your business forward.  

Imagine the ease of having critical financial information at your fingertips, all while ensuring accuracy and compliance. This could be a game changer for your operations, enabling IBM to remain at the forefront of innovation in the financial sector.  

I’d love to discuss this further and explore how we can tailor our solution to meet your needs.  

Looking forward to hearing from you soon!  

Warmly,  

Jonathan Novotny",professional,,,
729,150,28693,2481,pending,f,f,2026-01-06 15:28:40.303824+00,Unlocking Potential with AI for Data Extraction,"Hi there, Varun!

I hope this email finds you in great spirits! I’ve been following the incredible work that SarrthiIAS is doing to guide aspiring civil service candidates, and I must say, it’s truly inspiring. 

I wanted to introduce you to an exciting AI API that specializes in extracting valuable insights from large volumes of unstructured financial data, such as SEC filings. I believe this could be a game changer for your business, as it allows for efficient analysis and swift decision-making based on comprehensive data.

Imagine having the ability to sift through mountains of information effortlessly, enabling your team to focus on what truly matters—empowering your students and refining your training methods. This AI solution can help streamline your data processes, giving you more time to nurture those bright minds preparing for the IAS.

If you think this might be something worth exploring, I’d love to chat further and see how we can tailor it to fit your needs.

Warmly,

Jonathan Novotny",professional,,,
716,148,30912,3106,pending,f,f,2026-01-05 14:00:19.93075+00,Hop on Over to a Tail-Waggin' Opportunity!,"Hi there, John!

I hope this message finds you well and enjoying a beautiful day at Acme Associates! 

I’m reaching out to share something that I believe could be a delightful addition to your business: our innovative doghouse product. Now, I know what you're thinking—how does a doghouse fit into the world of frogs? Well, let me tell you, it’s all about creating a welcoming environment for your customers. 

Imagine a charming little spot that not only attracts attention but also encourages visits from pet owners. A cozy doghouse can serve as a unique focal point, sparking interest and inviting folks to stop by. It’s not just a structure; it’s an experience that draws in families and their furry companions, turning casual passersby into loyal customers.

With our doghouse, you'll not only provide a delightful resting place for dogs but also create a buzz around your brand, enhancing your visibility and fostering community engagement. Who wouldn’t want to share a photo with a happy pup lounging in a whimsical doghouse?

I’d be thrilled to chat more about how we can bring this idea to life for your business. Let me know if you're interested, and we can set up a time to connect!

Take care, and I look forward to hearing from you soon!

Warmly,  

Demo User",professional,,,
717,148,31134,3180,pending,f,f,2026-01-05 14:00:19.93075+00,A Little Something for Our Froggy Friends!,"Hi there, Jon!

I hope this message finds you in good spirits at Goodwin! I wanted to share something that might just leap into your heart and help your business flourish.

Have you ever considered how our delightful doghouse could cater to your target customers, those charming little frogs? This unique solution is designed to create a cozy haven for our froggy friends, offering them a safe and inviting space. With the right environment, you can attract more of these delightful critters, which can enhance the overall appeal of your business.

Just imagine the joy it could bring to your customers and the positive buzz it could generate! I’d love to chat more about how we can make this happen for Goodwin. 

Looking forward to hearing from you soon!

Warmly,  


Demo User",professional,,,
718,148,31126,3172,pending,f,f,2026-01-05 14:00:19.93075+00,Hop on Over to a New Opportunity!,"Hello Jon!

I hope this message finds you in great spirits! 

I wanted to take a moment to introduce you to Doghouse, a delightful little solution that can be just the ticket for your business at Goodwin. Our product is designed with the needs of your target customers in mind—those charming frogs who are always on the lookout for a cozy and inviting spot!

With Doghouse, we provide a unique space that not only captures the hearts of our froggy friends but also helps enhance their experience with your brand. Imagine the joy of your customers as they find a warm, welcoming environment tailored just for them! This could very well lead to increased engagement and loyalty, making your business the go-to place for all things froggy.

I'd love to chat more about how we can hop together toward success. Please let me know a good time for us to connect!

Looking forward to hearing from you soon!

Warmly,  

Demo User",professional,,,
719,148,31139,3185,pending,f,f,2026-01-05 14:00:19.93075+00,A Little Something to Help Your Team Leap Ahead!,"Hi there, Jonathan!

I hope this email finds you well and basking in the beautiful Southern sun. I'm reaching out to introduce you to our delightful doghouse, designed with a unique purpose in mind—helping your team at Crescent Capital Group connect with your target customers, the frogs!

Our doghouse is more than just a cozy shelter; it’s a creative space where your team can brainstorm and develop strategies tailored specifically for your frog clientele. With its inviting design, it fosters an atmosphere of collaboration and innovation, making it easier for your team to hop over any challenges they might encounter! 

By enhancing your approach to connecting with frogs, I believe our doghouse can help you cultivate stronger relationships and ultimately drive more success for your business. I'd love to chat more about how we can tailor this solution to fit your needs.

Looking forward to hearing from you soon!

Warmly,

Demo User",professional,,,
720,148,30913,3107,pending,f,f,2026-01-05 14:00:19.93075+00,A Little Something to Help Your Business Leap Forward!,"Hi there, John!

I hope this email finds you in good spirits. I’m reaching out from Send2 with a little something that might just make your day brighter!

We all know that in the textile industry, standing out is key. That’s why I wanted to introduce you to Doghouse – a delightful platform designed to help companies like ACme connect with their target customers more effectively. 

Imagine a space where your marketing efforts can really resonate with your audience, especially your frog folks! Doghouse provides tools that can help you engage and attract those customers who truly appreciate what you offer. It’s all about enhancing your outreach and making those connections that matter.

If you’re interested, I’d love to chat more about how Doghouse can help ACme leap into new opportunities. 

Looking forward to hearing from you!

Warmly,  

Demo User",professional,,,
721,149,29862,2817,pending,f,f,2026-01-05 14:00:50.658267+00,Let’s Elevate Your Storytelling Together!,"Hi there, Neil!

I hope this message finds you doing well and thriving at Silverback Strategies. 

I’m reaching out to introduce you to Rich Media Play, where we specialize in high-impact video, animation, and data-driven storytelling tailored specifically for organizations like yours. We understand that in the bustling financial services sector, standing out is more crucial than ever, and we’re here to help you do just that without the overhead of a traditional agency.

Our polished and strategic content not only enhances your messaging but also aligns seamlessly with your digital marketing efforts, making it easier for your clients to connect with your brand. Imagine how captivating video storytelling could complement your SEO and social media campaigns, drawing in new clients while enhancing engagement with existing ones!

I’d love to chat more about how we can work together to elevate your clients’ experiences and drive conversions. 

Looking forward to the possibility of collaborating!

Warmly,

User",professional,,,
722,149,29891,2825,pending,f,f,2026-01-05 14:00:50.658267+00,Elevate Your Storytelling with Rich Media Play,"Hi there, Eric!

I hope this email finds you in good spirits. I’m reaching out to introduce you to Rich Media Play, where we specialize in crafting high-impact video, animation, and data-driven storytelling tailored for esteemed organizations like Tiger Global Management.

In the fast-paced world of financial services, I know how crucial it is to convey complex information clearly and engagingly. Our team can help elevate your communications, ensuring that your insights and strategies shine through without the overhead costs typically associated with large agencies.

Imagine transforming your fundamental research capabilities and investment narratives into captivating visual stories that resonate with your audience. We pride ourselves on delivering polished, strategic content that aligns perfectly with your goals, helping you stand out in both developed and emerging markets.

I’d love to explore how we can support your vision at Tiger Global. If you’re interested, let’s set up a time to chat!

Take care,

User",professional,,,
723,149,30628,2955,pending,f,f,2026-01-05 14:00:50.658267+00,Let’s Bring Your Story to Life!,"Hello Steven!

I hope this message finds you well and thriving at The Bloc. I wanted to take a moment to introduce you to Rich Media Play, where we specialize in crafting high-impact videos, animation, and data-driven storytelling tailored specifically for organizations in the financial services sector.

We understand that your time is precious and that polished, strategic content can make all the difference in standing out within the tri-state area. That’s where we come in! Our team is dedicated to helping businesses like yours create compelling narratives that resonate with your audience, all without the hefty agency overhead.

Imagine showcasing your financial solutions through engaging videos that not only inform but also inspire trust and confidence among your clients. We’d love to chat about how we can partner together to elevate your brand’s storytelling and enhance your marketing efforts.

Please let me know if you’d be open to a conversation. I’d be delighted to discuss how Rich Media Play can support the incredible work you’re doing at The Bloc.

Take care,

User",professional,,,
724,149,29858,2816,pending,f,f,2026-01-05 14:00:50.658267+00,Elevate Your Storytelling with Rich Media Play,"Hi there, Chris!  

I hope this email finds you well and thriving at Advernation. I wanted to take a moment to introduce you to Rich Media Play, where we specialize in creating high-impact video, animation, and data-driven storytelling tailored for organizations just like yours.  

As a digital marketing agency focused on performance, I know the importance of delivering polished, strategic content that resonates with your audience. Our services can help you enhance your clients' engagement through captivating visuals and compelling narratives without the burden of agency overhead.  

Imagine the impact of having beautifully crafted videos and animations to complement your performance marketing strategies! We’re here to support you in driving results and maximizing ROI for your clients in the financial services sector across the tri-state area.  

I’d love to chat more about how we can collaborate and elevate your storytelling efforts. Please let me know if you’d be interested in a quick call or meeting!  

Warmly,  

User",professional,,,
725,149,29863,2817,pending,f,f,2026-01-05 14:00:50.658267+00,Elevate Your Storytelling with Rich Media Play,"Hi there, Andrew!  

I hope this message finds you well and thriving!  

I wanted to take a moment to introduce you to Rich Media Play, where we specialize in crafting high-impact video, animation, and data-driven storytelling tailored for organizations like Silverback Strategies. We understand how crucial it is for financial services companies—especially in the vibrant tri-state area—to convey your message with clarity and elegance, all while keeping costs manageable.  

With our polished, strategic content, we can help enhance your clients' online visibility and conversions, complementing your existing SEO, PPC, and social media efforts. Imagine the powerful stories we could tell together that not only resonate with your audience but also drive real results!  

If you’re open to it, I’d love to chat more about how we can collaborate to elevate your clients’ narratives and set them apart in this competitive landscape.  

Looking forward to hearing from you!  

Warmly,  

User",professional,,,
726,150,32905,3553,pending,f,f,2026-01-06 15:28:40.303824+00,Unlocking New Opportunities with AI for Financial Data,"Hi there, Elizabeth!

I hope this message finds you well and thriving at Johnson & Johnson. I’m reaching out to share some exciting news that could make a real difference for your team in navigating the vast sea of financial data.

We’ve developed an AI API specifically designed to tackle the challenges of extracting valuable insights from large unstructured data sets, like SEC filings. With the wealth of information your company handles, I believe this tool could streamline your processes, enhance your decision-making, and ultimately support your ongoing commitment to excellence in healthcare.

Imagine being able to sift through mountains of data with ease, allowing your talented team to focus on what matters most—driving innovation and serving your patients with the utmost care. Our AI API can help you turn raw data into actionable insights, saving you time and resources.

I would love the opportunity to discuss this further and explore how we can support Johnson & Johnson in harnessing the power of AI for your financial data needs. 

Looking forward to connecting soon!

Warmly,  

Jonathan Novotny",professional,,,
727,150,32903,3553,pending,f,f,2026-01-06 15:28:40.303824+00,Unlocking Insights from Financial Data,"Hi there, Vanessa!  

I hope this email finds you well and thriving at Johnson & Johnson! 

I wanted to reach out and share something that could really make a difference in how you handle large financial unstructured data, like SEC filings. Our AI API specializes in extracting valuable insights from these complex documents, helping organizations like yours streamline processes and improve decision-making.

Imagine being able to quickly sift through mountains of data to uncover trends and insights that can guide your strategic initiatives. With our solution, you'll save time and resources, allowing your talented team to focus on what truly matters—driving innovation in healthcare.  

I would love the opportunity to discuss how this could fit into your current operations and support Johnson & Johnson's mission in a meaningful way.  

Looking forward to hearing from you!  

Warmly,  

Jonathan Novotny",professional,,,
728,150,28720,2485,pending,f,f,2026-01-06 15:28:40.303824+00,Exciting AI Solutions for NxtWave!,"Hi there, Rahul!

I hope this message finds you well and thriving at NxtWave. I’ve been following your remarkable work, and I must say, it’s truly inspiring!

I wanted to reach out and introduce you to our innovative AI API designed specifically for extracting valuable insights from large volumes of unstructured financial data, such as SEC filings. In today’s fast-paced financial landscape, I believe this tool could be a game changer for your team.

Imagine being able to streamline your data extraction process, saving time and resources, all while gaining deeper insights into market trends and compliance. Our AI technology can help you transform unstructured data into actionable intelligence, allowing NxtWave to stay ahead of the curve.

I’d love to chat more about how this can specifically benefit your operations and help you achieve your goals. When would be a good time for us to connect?

Looking forward to hearing from you soon!

Warmly,  

Jonathan Novotny",professional,,,
764,157,28721,2485,pending,f,f,2026-01-09 22:10:40.662528+00,Unlock the Power of AI for Your Data Needs,"Hi there, Anupam!  

I hope this message finds you well and thriving at NxtWave! I wanted to take a moment to share something that could truly elevate how you handle large volumes of financial unstructured data, like SEC filings.

Imagine harnessing the power of AI to streamline your data extraction processes. Our cutting-edge AI API can sift through mountains of documentation quickly and accurately, allowing you to focus on what really matters—making informed decisions and driving your business forward. 

By integrating this technology, you could enhance your efficiency, reduce manual effort, and uncover insights that might otherwise go unnoticed. It’s like having a diligent assistant who never tires!

If you’re interested, I would love to chat further about how this could benefit NxtWave. Just let me know a time that works for you, and I’ll be sure to make it happen.

Wishing you a wonderful day ahead!  

Warmly,  

Jonathan Novotny",professional,,,
730,150,32901,3553,pending,f,f,2026-01-06 15:28:40.303824+00,Unlocking Insights in Financial Data,"Hi there, Joseph!

I hope this message finds you well and thriving at Johnson & Johnson. I wanted to take a moment to share something that could truly enhance the way your team handles financial data, especially those unstructured gems found in SEC filings.

We’ve developed a cutting-edge AI API specifically designed for extracting valuable insights from large volumes of unstructured financial data. Imagine being able to sift through mountains of filings with ease, enabling your team to focus more on strategy and less on data wrangling.

With our solution, you can streamline your data extraction processes, improve accuracy, and uncover insights that might otherwise be buried. This could free up your team's time and resources, allowing you to drive more value to your stakeholders and maintain your reputation as a leader in the healthcare industry.

I’d love to chat more about how this could specifically benefit your operations at Johnson & Johnson. Let me know if you’d be open to a conversation!

Take care,

Jonathan Novotny",professional,,,
731,151,29944,2838,pending,f,f,2026-01-06 15:28:41.11494+00,Elevate Your Storytelling with Rich Media Play!,"Hi there, Thomas!  

I hope this email finds you well and thriving at Buckman Buckman and Reid. I wanted to take a moment to introduce you to Rich Media Play, where we specialize in creating high-impact video, animation, and data-driven storytelling tailored for organizations like yours.  

In the fast-paced world of financial services, especially in the realm of mergers and acquisitions, having polished and strategic content is paramount. Our team understands the unique needs of boutique investment banks, and we’re here to help you communicate your expertise and insights with clarity and flair—all without the hefty agency overhead.  

Imagine showcasing your success stories, strategic growth initiatives, and market insights through dynamic visual content that resonates with your clients and stakeholders. At Rich Media Play, we pride ourselves on delivering just that, ensuring your message stands out in a crowded marketplace.  

I’d love to chat more about how we can support your goals and help Buckman Buckman and Reid shine even brighter! Please let me know if you’d be open to a conversation.  

Warmly,  

User",professional,,,
732,151,29910,2831,pending,f,f,2026-01-06 15:28:41.11494+00,Elevate Your Storytelling with Rich Media Play,"Hi there, Kerry!  

I hope this email finds you well and thriving at Lone Pine Capital. I wanted to take a moment to introduce you to Rich Media Play, where we specialize in creating high-impact video, animation, and data-driven storytelling tailored specifically for organizations like yours.  

In the fast-paced world of financial services, having polished, strategic content can make all the difference. Our team understands the unique challenges you face and is dedicated to helping you communicate your message effectively without the heavy overhead of traditional agencies.  

Imagine captivating your audience with stunning visuals and compelling narratives that not only engage but also drive results. We pride ourselves on collaborating closely with our clients in the tri-state area, ensuring that every piece of content we create aligns with your goals and speaks directly to your audience.  

I would love the opportunity to chat and explore how Rich Media Play can support Lone Pine Capital in elevating your storytelling efforts.  

Warmly,  

User",professional,,,
733,151,29847,2818,pending,f,f,2026-01-06 15:28:41.11494+00,Let's Elevate Your Storytelling Together!,"Hi there, Ryan!

I hope this message finds you well and thriving at Funnel Boost Media. It's always a pleasure to connect with fellow innovators in the digital marketing space!

I'm reaching out to introduce you to Rich Media Play, where we specialize in high-impact video, animation, and data-driven storytelling. Our mission is to help organizations, especially in the financial services sector, craft polished and strategic content without the hefty agency overhead.

In a world where attention spans are fleeting, we believe that compelling storytelling is the key to capturing your audience's heart. With our expertise, we can help your clients in the tri-state area stand out with captivating visuals and narratives that resonate. Imagine enhancing your advertising funnels with stunning video content that not only drives engagement but also builds trust and credibility.

I would love the opportunity to chat about how we can collaborate to elevate your clients' marketing efforts. Please let me know if you have some time to connect – I’m all ears!

Warmly,

User",professional,,,
734,151,29874,2820,pending,f,f,2026-01-06 15:28:41.11494+00,Elevate Your Storytelling with Rich Media Play,"Hi there, Zia!  

I hope this message finds you well and thriving at Citadel Advisors.  

I’m reaching out to introduce you to Rich Media Play, where we specialize in creating high-impact video, animation, and data-driven storytelling tailored for organizations like yours. We understand that in the fast-paced world of financial services, effective communication is key to engaging your audience and showcasing your sophisticated investment strategies.  

Our approach allows you to deliver polished, strategic content without the overhead typically associated with agency work. With our expertise, you can elevate your communications and present your compelling narratives in a way that resonates deeply with your clients and stakeholders.  

I would love to explore how we can partner together to enhance Citadel Advisors' communications and help you shine even brighter in the financial landscape.  

Looking forward to the possibility of connecting!  

Warmly,  

User",professional,,,
735,151,29924,2826,pending,f,f,2026-01-06 15:28:41.11494+00,Elevate Your Storytelling with Rich Media Play,"Hi there, David!

I hope this message finds you well and enjoying a beautiful day. 

I’m reaching out to introduce you to Rich Media Play, where we specialize in creating high-impact video, animation, and data-driven storytelling tailored specifically for organizations like Abrams Capital. We understand that in the financial services sector, polished and strategic content is paramount for communicating value and building trust with your clients.

Our services allow you to share your investment insights and strategies in a compelling manner, all without the overhead of a traditional agency. Whether you’re looking to illustrate complex financial concepts or showcase your success stories, we can help you engage your audience and enhance your brand’s presence in the tri-state area.

I would love the opportunity to chat about how we can support Abrams Capital in crafting impactful narratives that resonate with your clients and stakeholders. 

Thank you for your time, David! I look forward to the possibility of working together.

Warmly, 

User",professional,,,
736,152,32367,3434,pending,f,f,2026-01-06 15:28:42.80371+00,A Unique Opportunity for Oaktree Capital Management,"Hi there, Jordon!

I hope this email finds you well and enjoying a lovely day at Oaktree Capital Management. I wanted to take a moment to share an exciting opportunity that could add a touch of innovation to your already stellar investment strategies.

At Doghouse, we specialize in providing tailored solutions that resonate with our unique target customer profile—frogs, of course! These little critters are a metaphor for the agile and adaptive nature of successful investments. Just like frogs thrive in diverse environments, your firm could benefit from leveraging innovative approaches to keep ahead in the competitive landscape of alternative investments.

By integrating our Doghouse solutions, you can enhance your engagement with clients and potential investors who appreciate a fresh perspective. Our tools are designed to help you communicate your value proposition more effectively, ultimately leading to stronger relationships and improved risk-adjusted returns.

I’d love the chance to discuss how we can support Oaktree Capital Management in achieving its goals. Please let me know if you’d be open to a chat sometime soon!

Warmly,

Demo User",professional,,,
737,152,31315,3242,pending,f,f,2026-01-06 15:28:42.80371+00,A Little Something Special for Your Team!,"Hi there, Eileen!

I hope this email finds you well and enjoying a beautiful day in Boston! I wanted to take a moment to introduce you to something that might just hop right into your heart—our delightful Doghouse product. 

Now, I know what you might be thinking—what could a doghouse possibly do for a venture capital firm like Boston Seed Capital? Well, let me tell you! This isn't just any doghouse; it’s a unique solution designed specifically for those who appreciate the finer things in life, including our froggy friends. Picture this: a cozy little space where your team can unwind, brainstorm, and let their creative juices flow, all while being inspired by the playful energy of frogs. 

By offering this charming addition to your workspace, you can create an atmosphere that fosters collaboration and innovation, which we all know is essential in the fast-paced world of technology and life sciences. Plus, it’s a fantastic way to boost morale and encourage a little light-hearted fun amidst the hard work. 

I’d love to chat more about how Doghouse can help cultivate an inviting environment for your brilliant team at Boston Seed Capital. Please let me know if you’re available for a quick call or coffee chat—I would be delighted to connect!

Wishing you a wonderful day ahead!

Warmly,  


Demo User",professional,,,
738,152,31319,3239,pending,f,f,2026-01-06 15:28:42.80371+00,A Hop in the Right Direction for Newpath Partners!,"Hi there, Thomas!

I hope this email finds you well and enjoying a lovely day. I wanted to take a moment to introduce you to something that might just leap into your heart - our Doghouse solution!

Now, I know you’re all about supporting innovative technologies in the healthcare and life sciences sectors, and I truly believe that Doghouse can make a splash for Newpath Partners. With its unique features designed to streamline operations and enhance collaboration, it can help your team focus on what really matters – investing in the next wave of groundbreaking therapeutics.

Picture this: a seamless platform that allows your portfolio companies to connect, share insights, and collaborate more effectively. It’s like having a cozy little spot for frogs to gather and exchange ideas, all while hopping toward success!

If you’re interested, I’d love to chat more about how Doghouse can fit into your vision for Newpath Partners. Just let me know a good time for you, and I’ll make it happen.

Looking forward to hearing from you!

Warmly,  

Demo User",professional,,,
739,152,32238,3409,pending,f,f,2026-01-06 15:28:42.80371+00,A Unique Opportunity for Mountaingate Capital,"Hi there, Bruce!

I hope this email finds you well and enjoying a lovely day at Mountaingate Capital. I wanted to take a moment to introduce you to Doghouse, a service that could be a wonderful addition to your portfolio, especially when it comes to supporting your investments in lower middle-market companies.

Doghouse isn’t just another service; it’s all about creating a cozy, nurturing environment for your target customers—frogs. Yes, you read that right! These charming amphibians are increasingly becoming a symbol of sustainability and environmental awareness. By integrating Doghouse into your investment strategy, you can help your partnered firms build a brand that resonates with eco-conscious consumers, ensuring they not only thrive but also contribute positively to our planet.

Imagine the storytelling potential! Your companies could engage their audiences by showcasing how they support the frog community, all while enhancing their brand's reputation and driving customer loyalty. 

I would love to chat more about how Doghouse can fit within your vision at Mountaingate Capital. Please let me know if you’re available for a brief call or meeting. I’m here to help in any way I can!

Warmly,  

Demo User",professional,,,
740,152,32307,3421,pending,f,f,2026-01-06 15:28:42.80371+00,A Hop in the Right Direction for Adage Capital,"Hi there, Phill!

I hope this email finds you well and enjoying a lovely day at Adage Capital Management! I’m reaching out to introduce you to something that could truly make a splash in your operations—our Doghouse platform.

Now, I know what you might be thinking. A doghouse? But let me assure you, this is no ordinary doghouse. Our Doghouse solution is designed to help firms like yours optimize their systematic, data-driven strategies, ensuring you get the most out of your assets. It’s perfect for a savvy team like yours, always on the lookout for innovative ways to enhance performance.

Imagine being able to streamline your processes and gain deeper insights into your investments, all while keeping things as smooth as a sweet tea on a summer afternoon. We’d love to show you how Doghouse can integrate seamlessly with your existing systems at Adage Capital.

I’d be tickled to chat more about this and see how we can hop along together towards success! Let me know if you’re available for a quick call or if you’d prefer some more information to review at your leisure.

Looking forward to hearing from you!

Warmly,

Demo User",professional,,,
741,154,29958,2833,pending,f,f,2026-01-07 20:59:39.167464+00,Elevate Your Storytelling with Rich Media Play,"Hi there, Matthew!  

I hope this message finds you well and thriving at Acadia Capital Advisors.  

I wanted to take a moment to introduce you to Rich Media Play, where we specialize in creating high-impact video, animation, and data-driven storytelling tailored for organizations just like yours. We understand that in the fast-paced world of financial services, having polished and strategic content can set you apart from the competition without the overhead of a traditional agency.  

Our services are designed to enhance your client presentations, marketing materials, and strategic communications, ensuring that your remarkable work in mergers and acquisitions, capital raising, and advisory services gets the spotlight it deserves.  

If you’re interested, I’d love to chat about how we can help elevate your storytelling and bring your vision to life.  

Looking forward to the opportunity to connect!  

Warmly,  

User",professional,,,
742,153,28700,2489,pending,f,f,2026-01-07 20:59:39.167271+00,Exciting AI Solutions for Confluence Education!,"Hi there, Todd!

I hope this message finds you well and enjoying a lovely day at Confluence Education. I wanted to take a moment to share some exciting news that I believe could truly benefit your organization.

We’ve developed an AI API specifically designed for extracting valuable insights from large financial unstructured data, such as SEC filings. With this tool, you can streamline the process of gathering and analyzing financial information, making it easier than ever to stay ahead of the curve.

Imagine the time and resources you could save by automating this often cumbersome task! Our API can help you focus on what truly matters—providing top-notch educational experiences while empowering your team with critical financial insights.

I’d love to chat more about how we can support Confluence Education in achieving its goals. Please let me know if you're available for a quick call, or if you prefer, I can send over more detailed information.

Looking forward to the possibility of working together!

Warmly,

Jonathan Novotny",professional,,,
747,153,28715,2484,pending,f,f,2026-01-07 20:59:39.167271+00,Unlocking Insights from Financial Data!,"Hi there, Neelakantha!

I hope this message finds you well and thriving at Bhanzu! I wanted to take a moment to share something that I believe could be a game-changer for your team when it comes to handling financial data, particularly those intricate SEC filings. 

Imagine having an AI API that effortlessly extracts and organizes unstructured data from these filings, transforming what can often be a cumbersome process into a seamless experience. This technology can help Bhanzu save valuable time, allowing your talented team to focus on strategic decision-making rather than sifting through mountains of paperwork.

With this tool, you'll not only enhance efficiency but also gain deeper insights from financial documents, helping you stay ahead in the competitive landscape. I truly believe it could support your mission to innovate and excel even more!

I’d love to chat further about how we can tailor this solution to meet your needs. Please let me know if you have a few moments to connect!

Warmly, 

Jonathan Novotny",professional,,,
748,153,31217,3214,pending,f,f,2026-01-07 20:59:39.167271+00,Unlocking Insights from Financial Data,"Hi there, Nancy!

I hope this message finds you well and thriving at BBDO Worldwide. It’s a pleasure to reach out to you!

I wanted to share some exciting news about a powerful AI API that can assist your team in extracting valuable insights from large volumes of unstructured financial data, such as SEC filings. As a leader in the advertising and marketing industry, having timely and accurate information at your fingertips can make a world of difference in crafting those award-winning campaigns you’re known for.

Imagine being able to quickly sift through mountains of data to unearth trends and insights that can inform your creative strategies. This technology can not only save your team countless hours of manual work but also enhance your decision-making process, allowing you to focus on what you do best – building strong brands and driving impressive results.

I would love to chat more about how this AI API can be tailored to fit the unique needs of BBDO. If you’re open to it, let’s find a time to connect!

Warmly,  

Jonathan Novotny",professional,,,
749,153,32883,3547,pending,f,f,2026-01-07 20:59:39.167271+00,Unlocking Insights from Financial Data,"Hi there, Sundar!  

I hope this email finds you in good spirits. I’m reaching out to share something that I believe could be a game-changer for Google, especially in your endeavors with financial data analysis.  

Our innovative AI API specializes in extracting valuable insights from large, unstructured financial data like SEC filings. Imagine streamlining the way you analyze and interpret this wealth of information—saving time, reducing errors, and ultimately making more informed decisions.  

This powerful tool can help your team at Google not only to manage data more efficiently but also to uncover hidden patterns and trends that can drive your product development and strategic initiatives. I genuinely feel that this could enhance your already impressive capabilities in organizing and providing access to vital information.  

I would love to chat more about how we can tailor this solution to fit your needs. Please let me know a convenient time for you, and I’d be delighted to arrange a conversation.  

Warmly,  

Jonathan Novotny",professional,,,
750,153,28722,2485,pending,f,f,2026-01-07 20:59:39.167271+00,Unlock the Power of AI for Your Financial Data,"Hi there, Sashank!  

I hope this message finds you well and thriving over at NxtWave!  

I’m reaching out to share some exciting news about an AI API designed specifically for extracting valuable insights from large volumes of unstructured financial data, such as SEC filings. In today's fast-paced world, having quick access to pertinent information can truly make a difference in decision-making processes.  

Imagine being able to sift through mountains of data in a fraction of the time, allowing your team to focus on what really matters—driving growth and innovation at NxtWave. Our API simplifies the extraction process, turning complex documents into easily digestible data that can empower your strategic initiatives.  

I’d love to chat with you more about how this technology could align with your goals and help elevate your business. If you’re interested, we can set up a time to discuss this in more detail.  

Looking forward to hearing from you!  

Warmly,  

Jonathan Novotny",professional,,,
751,155,31608,3285,pending,f,f,2026-01-07 20:59:40.699109+00,Introducing a Unique Opportunity for OrbiMed Advisors,"Hi there, Sven!

I hope this email finds you well and enjoying a lovely day. I’m reaching out with a little something that could add a fresh perspective to your remarkable work at OrbiMed Advisors.

We all know how crucial it is to connect with our target audience in meaningful ways. That’s where our innovative doghouse concept comes into play. It’s designed to capture the attention of your unique clientele—like your frog target—and help streamline your outreach efforts. Just like a cozy little haven for a pup, our approach offers a welcoming space for potential clients to engage with your services and expertise.

With the healthcare sector evolving so rapidly, having a tool that can enhance your visibility and foster those valuable relationships is essential. I truly believe our doghouse can provide that extra touch to elevate your outreach strategy and help your firm shine even brighter in this competitive landscape.

I’d love to chat more about how we can tailor this solution to fit OrbiMed Advisors' specific needs and goals. Let me know if you have some time to connect!

Take care, and I look forward to hearing from you soon!

Warmly, 

Demo User",professional,,,
743,154,29968,2841,pending,f,f,2026-01-07 20:59:39.167464+00,Elevate Your Storytelling with Rich Media Play,"Hi there, David!

I hope this message finds you well and thriving at Brynwood Partners. I wanted to take a moment to introduce you to Rich Media Play, where we specialize in crafting high-impact video, animation, and data-driven storytelling tailored specifically for organizations like yours.

In the fast-paced world of financial services, having polished and strategic content is crucial. Our approach allows you to engage your audience without the burden of agency overhead. We focus on creating compelling narratives that not only showcase your brand but also resonate deeply with your clients and stakeholders.

With our expertise, we can help Brynwood Partners communicate your growth strategies and operational improvements in a way that truly stands out in the competitive landscape. Imagine the possibilities of transforming your insights and successes into captivating visual stories that drive engagement and trust!

I would love the opportunity to discuss how we can collaborate to elevate your messaging. Please let me know if you're available for a quick chat—I promise to bring the sweet tea!

Warmly,  

User",professional,,,
744,154,29851,2814,pending,f,f,2026-01-07 20:59:39.167464+00,Elevate Your Storytelling with Rich Media Play,"Hi there, Shirley!

I hope this message finds you well and thriving at The Ward Group! I wanted to take a moment to introduce you to Rich Media Play, where we specialize in crafting high-impact videos, animations, and data-driven storytelling tailored specifically for organizations like yours.

In the financial services sector, having polished and strategic content is vital to elevating your brand's presence. We understand that you’re looking to enhance your marketing efforts without the hefty agency overhead, and that’s where we come in! Our team is dedicated to creating engaging narratives that resonate with your audience and showcase the unique value your clients provide.

Imagine the possibilities of using compelling visual stories to communicate complex financial concepts. With Rich Media Play, you can do just that, and we would love the opportunity to partner with you to bring your vision to life.

If this piques your interest, I’d be delighted to set up a time to chat further about how we can support The Ward Group in achieving its goals.

Looking forward to hearing from you!

Warmly,  

User",professional,,,
745,154,29911,2831,pending,f,f,2026-01-07 20:59:39.167464+00,Elevate Your Storytelling at Lone Pine Capital,"Hi there, Martha!

I hope this message finds you well and thriving. My name is User, and I wanted to take a moment to introduce you to Rich Media Play. We specialize in creating high-impact video, animation, and data-driven storytelling tailored specifically for financial services companies like Lone Pine Capital.

In today’s fast-paced world, having polished and strategic content is crucial, and we understand the unique challenges you face in the financial sector. Our team is dedicated to crafting engaging narratives that resonate with your audience while relieving you of the hefty agency overhead. We can help you communicate complex information with clarity and creativity, ensuring that your storytelling truly stands out.

I’d love the opportunity to chat and see how we can support your goals at Lone Pine Capital. If you’re interested, please let me know a convenient time for you to connect.

Looking forward to hearing from you soon!

Warmly,  
User",professional,,,
746,154,29950,2837,pending,f,f,2026-01-07 20:59:39.167464+00,Elevate Your Storytelling with Rich Media Play,"Hi there, David!

I hope this message finds you well and enjoying a beautiful day at Blue Beacon Capital LLC. I wanted to take a moment to introduce you to Rich Media Play, where we specialize in creating high-impact video, animation, and data-driven storytelling tailored specifically for organizations like yours.

In today’s fast-paced financial landscape, compelling content is essential for engaging clients and standing out in a crowded marketplace. Our team is dedicated to helping financial services firms in the tri-state area, like yours, develop polished and strategic content without the hefty agency overhead. 

Whether you need to showcase your advisory services or highlight successful case studies, we can craft videos that resonate with your audience and reflect the quality of your expertise. Our approach combines creativity with data insights to ensure that your message not only shines but also drives results.

I would love the opportunity to discuss how we can partner together to bring your vision to life. 

Looking forward to hearing from you soon!

Warmly,  

User",professional,,,
752,155,31802,3324,pending,f,f,2026-01-07 20:59:40.699109+00,A Little Something to Help Your Business Leap Ahead!,"Hi there, Taylor!

I hope this email finds you in great spirits! I’m reaching out from Send2 to share a delightful opportunity that we believe could truly benefit Leavitt Equity Partners and its impressive portfolio. 

We’ve developed a fantastic product called Doghouse, designed specifically to cater to the needs of companies like yours that invest in lower middle-market firms. Our Doghouse solution can streamline operations, enhance communication, and improve overall efficiency, helping your team leap ahead in today’s fast-paced market. 

Imagine having a reliable tool that not only supports your current investments but also helps identify promising opportunities in sectors like healthcare and technology. With Doghouse, you’ll be equipped to make even more informed decisions that align with your strategic goals.

I would love to chat more about how Doghouse can fit into your business model and provide value to your partnerships. 

Looking forward to the possibility of connecting soon!

Warmly, 

Demo User",professional,,,
753,155,32044,3367,pending,f,f,2026-01-07 20:59:40.699109+00,A Unique Solution for Freestone Capital Management!,"Hi there, Gary!  

I hope this email finds you well and thriving! I wanted to take a moment to introduce you to something that I think could be a real game-changer for Freestone Capital Management: our delightful doghouse product.  

Now, I know what you might be thinking—what does a doghouse have to do with financial services? Well, it’s all about creating a welcoming environment for your clients. Just like a cozy doghouse provides safety and comfort for our furry friends, our doghouse product can help your team foster stronger relationships with your clients. It’s designed to facilitate communication and collaboration, making it easier for you to provide exceptional service that keeps your clients coming back for more.  

Imagine a world where your clients feel as at home in your hands as a pup in their favorite doghouse! With our solution, you can enhance your customer experience and take your business to the next level.  

I’d love to chat more about how we can tailor this for Freestone Capital Management. Let me know if you have some time to connect!  

Warmly,  

Demo User",professional,,,
754,155,32297,3415,pending,f,f,2026-01-07 20:59:40.699109+00,A Little Something to Help You Leap Ahead!,"Hi there, Kevin!

I hope this email finds you well and enjoying a splendid day at Parametric Portfolio Associates. I wanted to take a moment to share something that I believe could add a delightful touch to your business—our unique product, Doghouse.

Now, I know what you might be thinking, ""What does a doghouse have to do with my portfolio strategies?"" Well, let me tell you, Doghouse is designed to create an engaging and interactive experience for your clients, particularly those ""frog"" customers who appreciate a bit of creativity in their financial journey. 

Imagine a platform that not only provides insightful resources but also fosters a sense of community and connection among your clients. With Doghouse, you can offer a user-friendly space where your clients can hop in, explore tailored investment strategies, and engage with you in a whole new way. We believe that enhancing communication and interaction will lead to stronger relationships and, ultimately, a more prosperous partnership.

I’d love the opportunity to discuss how Doghouse can complement your existing strategies and help you leap ahead in serving your clients. Please let me know a time that works for you, and I’d be happy to chat!

Take care,

Demo User",professional,,,
755,155,31127,3173,pending,f,f,2026-01-07 20:59:40.699109+00,A Unique Opportunity for Arnot Health!,"Hi there, John!

I hope this email finds you basking in the sunshine today! I wanted to take a moment to introduce you to an exciting concept that could be a delightful addition to Arnot Health’s offerings—Doghouse!

Now, I know what you might be thinking—what does Doghouse have to do with sports medicine? Well, let me tell you, it’s all about creating a comfortable and supportive environment for our furry friends, who can often be the best companions during recovery and rehabilitation.

Imagine a cozy space where patients can bring their dogs along for visits or even participate in therapy sessions. This could not only enhance the healing experience but also help foster a deeper bond between humans and their beloved pets. It's a win-win for both your patients and their four-legged pals!

If you’re interested, I’d love to chat more about how Doghouse can complement the wonderful work you’re already doing at Arnot Health. Let's create a healthier, happier community together!

Looking forward to hearing from you soon!

Warmly,  

Demo User",professional,,,
756,156,28705,2486,pending,f,f,2026-01-08 14:00:08.253488+00,Unlocking Insights for BrightCHAMPS with AI!,"Hi there, Ravi!

I hope this email finds you doing wonderfully well. I’ve been following the amazing work BrightCHAMPS is doing to empower young minds through innovative learning, and I must say, it’s truly inspiring!

I wanted to take a moment to introduce you to our AI API, specifically designed for extracting unstructured financial data from sources like SEC filings. I believe this tool could be a real game-changer for your team at BrightCHAMPS!

Imagine having quick access to vital financial insights that could inform your strategies and investment decisions. Our API streamlines the data extraction process, allowing you to focus on what you do best—transforming the future for children around the globe. With this technology, you can save time and resources while enhancing your understanding of market trends, ultimately helping you make more informed choices as you continue to grow.

I would love to chat with you more about how this could fit into your vision for BrightCHAMPS. Please let me know if you’re interested, and we can set up a time that works for you.

Looking forward to hearing from you!

Warmly,

Jonathan Novotny",professional,,,
757,156,31221,3216,pending,f,f,2026-01-08 14:00:08.253488+00,Exciting AI Solutions for Ovis Creative!,"Hi there, Lauren!

I hope this email finds you well and thriving over at Ovis Creative! 

I wanted to take a moment to introduce you to an innovative AI API that specializes in extracting unstructured financial data, like SEC filings. I truly believe this can be a game-changer for your team, especially as you work to craft those compelling brand narratives and insights for your clients. 

Imagine being able to swiftly gather key financial information from complex documents, freeing up your talented team to focus on what they do best—creating those stunning visual identities and impactful digital experiences. This technology not only streamlines the data extraction process but also enhances your storytelling capabilities by providing accurate, timely insights that can elevate your clients' brands.

I'd love to chat more about how this can fit into your workflow and support your mission at Ovis Creative. Let me know if you’re open to a quick call or if there’s a good time to connect!

Wishing you a wonderful day ahead!

Warmly,  

Jonathan Novotny",professional,,,
758,156,31231,3212,pending,f,f,2026-01-08 14:00:08.253488+00,Unlocking Insights from Financial Data,"Hi there, Chris!

I hope this email finds you well and thriving at Advernation. I wanted to take a moment to share something that could truly benefit your business, especially as you focus on delivering measurable ROI for your clients.

We’ve recently developed an AI API specifically designed for extracting unstructured financial data, such as SEC filings. This technology can help streamline your data analysis processes, providing you with valuable insights that can enhance your data-driven marketing strategies. Imagine being able to quickly sift through vast amounts of financial information and uncover trends that could inform your advertising decisions!

By integrating this API into your operations, you could not only save time but also improve the accuracy of your data analysis. As you know, in our fast-paced digital world, staying ahead often means having immediate access to the right information.

I’d love to discuss this further and explore how we can help Advernation continue to grow and succeed. Please let me know if you’d be interested in a quick chat!

Warmly, 

Jonathan Novotny",professional,,,
759,156,31234,3210,pending,f,f,2026-01-08 14:00:08.253488+00,Exciting AI Solutions for Sullivan NYC,"Hi there, Barbara!

I hope this email finds you well and thriving at Sullivan NYC! I’ve been keeping an eye on the incredible work you and your team do in brand engagement, and I couldn’t help but think about how we might be able to support your efforts.

I’d love to introduce you to an innovative AI API designed specifically for extracting unstructured financial data, like SEC filings. This tool can help streamline your data analysis, making it easier to uncover insights that drive strategic decisions for your clients. Imagine having the ability to sift through mountains of data quickly, allowing you to focus more on what you do best—creating impactful brand strategies.

The beauty of this solution is that it’s not just about efficiency; it’s about empowering your team to make data-driven decisions that resonate with your clients and their audiences. In a world where every detail counts, having access to accurate and timely information can truly make all the difference.

I would be thrilled to chat more about how this could align with Sullivan NYC’s goals and the unique needs of your clients. 

Looking forward to the possibility of connecting!

Warmly,

Jonathan Novotny",professional,,,
760,156,31225,3211,pending,f,f,2026-01-08 14:00:08.253488+00,Unlocking Insights from Financial Data,"Hi there, Elspeth!

I hope this message finds you well and thriving at Vested. I’ve been following your impressive work in helping financial brands share their stories, and I truly admire the way you make complex topics engaging and accessible.

I wanted to take a moment to introduce you to an AI API specifically designed for extracting insights from large volumes of unstructured financial data, like SEC filings. This tool could be a game-changer for Vested, allowing you to quickly and accurately transform intricate data into clear, actionable content.

Imagine being able to harness the power of AI to streamline your research process, enabling your team to focus more on crafting compelling narratives and less on sifting through mountains of information. With this API, you can enhance your content strategy and provide even deeper insights to your clients, all while saving valuable time and resources.

I would absolutely love to chat more about how this could fit into Vested’s mission and support your wonderful efforts in the financial services space. 

Looking forward to hearing from you!

Warmly,  

Jonathan Novotny",professional,,,
761,157,31249,3221,pending,f,f,2026-01-09 22:10:40.662528+00,Exciting AI Solution for Your Data Needs!,"Hi there, Jim!

I hope this email finds you well and thriving at Media Logic! I wanted to take a moment to share some exciting news that could truly elevate the way you handle large volumes of unstructured financial data, like SEC filings.

We’ve recently developed a robust AI API specifically designed for extracting valuable insights from complex financial documents. Imagine being able to streamline your data analysis processes while enhancing accuracy and efficiency! This tool can help your team focus more on crafting those compelling marketing strategies, knowing that the data extraction is taken care of seamlessly.

By integrating our AI API, I believe Media Logic can further enhance its already impressive offerings, driving patient engagement and brand growth with even more precision. 

If you’d like to chat more about how this can fit into your current workflows, I’d be delighted to hop on a call! 

Looking forward to hearing from you.

Warmly,  

Jonathan Novotny",professional,,,
762,157,31248,3221,pending,f,f,2026-01-09 22:10:40.662528+00,Unlocking Insights from Financial Data,"Hi there, David!

I hope this email finds you in good spirits! I’m reaching out to share an exciting opportunity that could be a game-changer for Media Logic.

As the healthcare landscape continues to evolve, the ability to extract valuable insights from large financial unstructured data, like SEC filings, becomes increasingly vital. Our AI API specializes in transforming these complex documents into actionable intelligence, helping you stay ahead in your marketing and communications efforts.

Imagine having the capability to effortlessly analyze financial trends and uncover key insights that can drive your strategies and enhance patient engagement. It’s like having a trusty guide through the vast wilderness of data, allowing you to focus on what you do best—creating impactful solutions for the healthcare industry.

I’d love the chance to discuss how this technology can support your goals at Media Logic. Let me know if you’d be open to a brief chat; I’m here to help!

Warmly,  

Jonathan Novotny",professional,,,
763,157,31282,3219,pending,f,f,2026-01-09 22:10:40.662528+00,Exciting New AI Tool for Your Data Needs!,"Hi there, Erica!

I hope this message finds you well and having a splendid day at Austin Williams!

I wanted to take a moment to introduce you to a remarkable AI API that specializes in extracting valuable insights from unstructured financial data, like SEC filings. I believe this tool could be a game changer for your team at Austin Williams, especially given your focus on impactful branding and communications.

With the ability to swiftly sift through mountains of data, this AI can help you uncover key insights that drive your campaigns and enhance your client strategies. Imagine transforming complex financial information into clear, actionable intelligence that resonates with your audience! It’s like having a trusty co-pilot in your media services.

I’d love to chat more about how this could fit into your current projects or answer any questions you might have. 

Looking forward to hearing from you!

Warmly,  

Jonathan Novotny",professional,,,
765,157,28743,2501,pending,f,f,2026-01-09 22:10:40.662528+00,Unlocking Insights from Financial Data,"Hi there, Sweta!  

I hope this message finds you well and thriving at Iteach Schools Office. I wanted to take a moment to introduce you to an exciting opportunity that could truly enhance your operations.  

We’ve recently developed an AI API specifically designed for extracting valuable insights from large volumes of unstructured financial data, such as SEC filings. Imagine having the ability to sift through all that information effortlessly, allowing your team to focus on what truly matters: making informed decisions and shaping the future of education.  

This technology not only streamlines the data extraction process but also ensures accuracy and efficiency, saving your team precious time and resources. I believe it could be a game-changer for Iteach Schools Office, helping you stay ahead in today’s fast-paced environment.  

I’d love to chat about how we can tailor this solution to fit your needs and help pave the way for even greater success. Please let me know a time that works for you!  

Warmly,  

Jonathan Novotny",professional,,,
766,158,31273,3220,pending,f,f,2026-01-12 18:34:16.764992+00,Unlocking New Possibilities for Berbay Marketing,"Hi there, Sharon!

I hope this message finds you well and enjoying a beautiful day. I'm Jonathan Novotny, and I’m reaching out to share something that could really elevate Berbay Marketing’s capabilities.

We’ve recently developed an AI API designed specifically for extracting valuable insights from large volumes of unstructured financial data, like SEC filings. I know how critical timely and accurate information is for strategic brand development and enhancing client engagement, and I believe this tool can be a game-changer for your team.

Imagine having the ability to quickly analyze and leverage complex data sets without getting bogged down in the details. This API can help you streamline your processes, allowing you to focus more on what you do best—helping businesses grow and thrive!

I’d love to chat more about how this could align with your current initiatives and support your goals at Berbay. Let me know if you’d be open to a conversation!

Wishing you a fabulous day ahead!

Warmly,  

Jonathan Novotny",professional,,,
767,158,31281,3219,pending,f,f,2026-01-12 18:34:16.764992+00,Unlock Powerful Insights for Austin Williams,"Hi there, Barbara!

I hope this email finds you in great spirits! I’m Jonathan Novotny, and I wanted to share something that I truly believe could be a game-changer for Austin Williams.

We’ve developed an AI API that specializes in extracting valuable insights from large volumes of unstructured financial data, like SEC filings. I know how important it is for your team to create campaigns that resonate deeply with your audience, and having access to accurate and timely data can make all the difference.

Imagine being able to pull relevant financial information swiftly and efficiently, enabling your team to create even more impactful and informed marketing strategies. This tool can help streamline your data analysis process, allowing you to focus on what you do best—connecting brands with their audiences.

I’d love to chat more about how this can benefit Austin Williams. Please let me know if you’re available for a quick call or if there’s a convenient time for me to reach out.

Looking forward to the possibility of working together!

Warmly,  

Jonathan Novotny",professional,,,
768,158,31259,3218,pending,f,f,2026-01-12 18:34:16.764992+00,Unlocking Insights from Financial Data,"Hi there, Paul!

I hope this email finds you well and enjoying a lovely day at 5W Public Relations. I wanted to take a moment to share something that might just pique your interest.

We’ve developed an AI API designed specifically for extracting valuable insights from large volumes of unstructured financial data, like SEC filings. In today’s fast-paced digital landscape, having quick access to pertinent information is key, especially for a full-service agency like yours that thrives on strategic media relations and digital marketing.

Imagine being able to effortlessly sift through those extensive filings to uncover critical data that can enhance your campaigns and inform your strategies. This technology can empower your team to make data-driven decisions faster, allowing you to stay ahead of the curve and elevate your brand’s reputation even further.

I’d love to discuss how this solution can align with your goals at 5WPR and help streamline your data processes. Please let me know if you’re available for a quick chat!

Take care,

Jonathan Novotny",professional,,,
769,158,31224,3211,pending,f,f,2026-01-12 18:34:16.764992+00,Unlocking Potential with AI for Financial Insights,"Hi there, Binna!

I hope this email finds you well and thriving at Vested. I’ve been following your inspiring work in making complex financial topics not just clear, but downright engaging for your audience. It’s a true gift!

I wanted to share a little something that could further enhance the wonderful storytelling you’re already doing. We’ve developed an AI API that specializes in extracting valuable insights from large volumes of unstructured financial data, including SEC filings. 

Imagine being able to sift through those dense filings with ease, allowing you to uncover critical information that can inform your content and campaigns. This tool can help streamline your research process, making it quicker and more efficient to gather the data you need to craft compelling narratives. 

I genuinely believe this could be a game changer for your team, allowing you to focus even more on what you do best – creating impactful content that resonates with your audience.

I’d love to chat more about how this could fit into your current strategies and help Vested shine even brighter. 

Looking forward to hearing from you!

Warmly,

Jonathan Novotny",professional,,,
770,158,31254,3218,pending,f,f,2026-01-12 18:34:16.764992+00,Unlocking Insights from Financial Data,"Hi there, Cory!  

I hope this email finds you in good spirits. I wanted to take a moment to introduce you to an exciting AI API designed specifically for extracting valuable insights from large, unstructured financial data, like SEC filings.  

At 5W Public Relations, I know you’re always looking for ways to enhance your clients' brand awareness and reputation. This AI technology can streamline the process of gathering and analyzing critical financial information, allowing your team to focus on what you do best—crafting impactful PR strategies.  

Imagine being able to quickly access key data points and trends, which can not only save time but also greatly improve decision-making. This tool can be a game-changer in helping your agency stay ahead of the curve in the ever-evolving financial landscape.  

If you're interested, I'd love to chat more about how this can fit into your operations at 5WPR. Just let me know a time that works for you!  

Take care,  

Jonathan Novotny",professional,,,
771,159,31926,3353,pending,f,f,2026-01-12 18:34:17.005943+00,Elevate Your Storytelling with Rich Media Play,"Hi there, Marina!

I hope this email finds you well and enjoying a lovely day!

I wanted to take a moment to introduce you to Rich Media Play, where we specialize in creating high-impact video, animation, and data-driven storytelling tailored specifically for organizations like LTV SaaS Growth Fund. We understand that in the fast-paced world of financial services, having polished and strategic content can make all the difference in communicating your value to potential investments and partners.

Our team is dedicated to helping businesses shine without the hefty agency overhead. We believe that storytelling is at the heart of what you do, and our unique approach can elevate your messaging to help you connect more deeply with your audience. Whether it’s showcasing your portfolio companies or illustrating complex concepts, we’re here to make your vision come to life.

If this sounds like something that could benefit your team, I’d love to chat further. Just let me know a time that works for you, and I’ll make it happen!

Warmly,  

User",professional,,,
772,159,29977,2846,pending,f,f,2026-01-12 18:34:17.005943+00,"Let’s Elevate Your Storytelling, Edwin!","Hi there, Edwin!

I hope this message finds you well and thriving at Drum Capital. I wanted to take a moment to introduce you to Rich Media Play, where we specialize in crafting high-impact video, animation, and data-driven storytelling tailored for organizations just like yours.

In the dynamic world of financial services, having polished and strategic content is essential for standing out. Our team at Rich Media Play is dedicated to helping firms in the tri-state area enhance their messaging without the hefty agency overhead. We understand the importance of showcasing your expertise and unique value, and we’re here to help you do just that!

Whether you’re looking to explain complex investment strategies, share success stories, or engage potential clients, we can create content that resonates and drives results. We’d love to explore how we can work together to elevate Drum Capital’s storytelling and support your growth initiatives.

Let me know if you’d be interested in a quick chat. I’d be delighted to discuss how we can tailor our services to fit your needs!

Warmly,

User",professional,,,
773,159,29948,2837,pending,f,f,2026-01-12 18:34:17.005943+00,Elevate Your Storytelling with Rich Media Play!,"Hi there, Roger!  

I hope this message finds you well! I’m reaching out to introduce you to Rich Media Play, where we specialize in high-impact video, animation, and data-driven storytelling tailored specifically for financial services firms like Blue Beacon Capital LLC.  

In today’s fast-paced world, having polished and strategic content can make all the difference in conveying your firm’s unique value proposition. Our team excels at crafting engaging narratives that resonate with your audience, whether it’s through compelling videos or informative animations. We strive to deliver the same high-quality output you’d expect from a traditional agency, without the hefty overhead costs.  

I believe our services could complement the exceptional advisory work you do, especially in the realms of mergers and acquisitions and capital raising. By enhancing your storytelling, we can help you connect with clients on a deeper level and solidify your position as a leader in the investment banking space.  

I would love the opportunity to chat further about how Rich Media Play can support your goals at Blue Beacon. Please let me know if you’d be open to a conversation!  

Warmly,  

User",professional,,,
774,159,29983,2843,pending,f,f,2026-01-12 18:34:17.005943+00,Introducing Rich Media Play for A&M Capital,"Hi there, Mark!

I hope this message finds you well and thriving at A&M Capital. As the founder of a dynamic firm focused on operational improvements and growth, I can only imagine the exciting opportunities you’re navigating these days!

I wanted to take a moment to introduce you to Rich Media Play, where we specialize in producing high-impact video, animation, and data-driven storytelling. We understand that in the financial services sector, polished and strategic content is essential to communicate your value effectively without the burden of agency overhead.

Our tailored approach can help you create compelling narratives that resonate with your stakeholders, enhancing your brand’s visibility and credibility in the market. Whether it’s through engaging video content or insightful animations, we’re here to support your mission to invest in lower middle-market companies.

I’d love the chance to discuss how we can collaborate to elevate A&M Capital’s messaging and reach your audience in a meaningful way. 

Looking forward to hearing from you!

Warmly,  

User",professional,,,
775,159,29954,2834,pending,f,f,2026-01-12 18:34:17.005943+00,Elevate Your Storytelling with Rich Media Play,"Hi there, Marius!

I hope this email finds you well and enjoying a lovely day in the hustle and bustle of New York! 

I’m reaching out to share a little bit about Rich Media Play, where we specialize in creating high-impact video, animation, and data-driven storytelling tailored for organizations just like Achelous Partners. We understand that in the fast-paced world of financial services, polished and strategic content can truly set you apart from the competition.

Our team is dedicated to helping you craft compelling narratives that not only capture your audience's attention but also convey the depth of your expertise in mergers and acquisitions, capital raising, and strategic transactions. With Rich Media Play, you can enjoy top-notch production quality without the burden of agency overhead.

I would love the opportunity to discuss how we can support Achelous Partners in enhancing your communications and elevating your brand presence. 

Looking forward to hearing from you!

Warmly,  
User",professional,,,
776,160,31761,3319,pending,f,f,2026-01-12 18:34:18.076695+00,A Tail-Waggin’ Opportunity for Refactor Capital!,"Hi there, Zal!

I hope this message finds you in high spirits! I wanted to take a moment to share a delightful opportunity that could bring a splash of joy to your investments at Refactor Capital.

We’re excited to introduce Doghouse, a unique platform that connects early-stage technology startups with the right resources and support. With your focus on software, infrastructure, and developer tools, I truly believe Doghouse can be a game-changer for your portfolio.

Imagine having a dedicated space where innovative ideas leap like a frog, right into the arms of eager investors. Doghouse not only helps startups refine their pitches but also provides them with invaluable connections to developers and industry experts. It’s like having a trusted guide in the wild world of venture capital!

I’d love to chat more about how Doghouse can align with your vision at Refactor Capital. Let’s hop on a call or grab a virtual coffee sometime soon!

Take care,

Demo User",professional,,,
777,160,32137,3391,pending,f,f,2026-01-12 18:34:18.076695+00,A Special Introduction Just for You!,"Hello Phill!

I hope this email finds you in great spirits. I'm reaching out from Send2 to share something that I truly believe could add a little extra magic to your work at Adage Capital Management.

We’ve recently developed a product called Doghouse, designed specifically to cater to the unique needs of our target customers—like frogs! Now, I know you might be wondering how this fits into your investment strategies, but let me assure you that it's not just about the frogs; it’s about creating a nurturing environment for innovation and growth.

Doghouse helps businesses streamline their operations and enhance decision-making processes by providing tailored solutions that resonate with the distinct characteristics of your target audience. By integrating insights that cater to the frog profile, your team can better align strategies that speak directly to their needs, ultimately leading to more effective asset management.

I’d be delighted to discuss how Doghouse can support your goals at Adage Capital Management. Let me know if you have a moment to chat!

Take care,

Demo User",professional,,,
778,160,32792,3527,pending,f,f,2026-01-12 18:34:18.076695+00,A Tail-Wagging Opportunity for MARION Marketing!,"Hi there, Carey!

I hope this message finds you well and enjoying a lovely day at MARION Marketing. I’m reaching out to share a little something that could really leap into your business—our innovative product, Doghouse.

Now, I know what you might be thinking—how can a doghouse help a marketing firm like yours? Well, let me tell you, it’s all about creating a unique space for creativity and collaboration! Just like a cozy doghouse provides a safe haven for our furry friends, our Doghouse offers a tailored environment for your team to brainstorm, strategize, and connect on deeper levels.

With Doghouse, you can enhance team dynamics and spark fresh ideas, leading to even more engaging marketing campaigns for your clients. Imagine your team huddled together, inspired by their surroundings, creating magic that captures your clients’ hearts!

I’d love to chat more about how Doghouse can fit into your vision at MARION Marketing. If you’re interested, let’s set up a time to talk!

Looking forward to hearing from you!

Warmly,  

Demo User",professional,,,
779,160,32309,3421,pending,f,f,2026-01-12 18:34:18.076695+00,A Unique Opportunity for Adage Capital Management,"Hi there, Robert!

I hope this email finds you in great spirits! I wanted to take a moment to introduce you to an innovative solution that could truly enhance the way Adage Capital Management operates—our delightful Doghouse platform.

Now, I know what you're thinking: ""What on earth is a Doghouse?"" Well, let me tell you, it’s not just a charming name! Our Doghouse is designed to help businesses like yours streamline data analysis and improve communication across teams. With a focus on quantitative strategies, we believe it can be a game-changer for your investment processes.

Imagine having a centralized hub where your team can easily access, share, and analyze data in real-time. It’s all about making your workflows smoother and your decision-making more efficient—something that aligns perfectly with your systematic approach to managing assets.

I’d love the chance to chat more about how our Doghouse can support your goals at Adage Capital Management. If you’re open to it, let’s set up a call or meeting at your convenience.

Looking forward to your thoughts!

Warmly,

Demo User",professional,,,
780,160,31191,3202,pending,f,f,2026-01-12 18:34:18.076695+00,A Unique Opportunity for EB5 Capital!,"Hi there, Daniel!

I hope this email finds you well and enjoying a lovely day. I wanted to take a moment to introduce you to something I believe could be a real game-changer for EB5 Capital: Doghouse.

Now, I know what you might be thinking—what in the world is Doghouse? Well, it's a delightful platform designed specifically for businesses like yours that cater to our charming froggy friends! With its unique focus on the frog demographic, Doghouse has the potential to help you connect with this target audience in a more meaningful and impactful way.

Imagine having a dedicated space where you can showcase your offerings and engage with the frog community. It’s not just about expanding your reach; it’s about building relationships and fostering loyalty among a fun-loving, passionate group of customers. 

I would love to chat more about how Doghouse can specifically benefit EB5 Capital and help you meet your goals. If you’re interested, please let me know a convenient time for us to connect!

Wishing you a wonderful day ahead!

Warmly,  

Demo User",professional,,,
781,161,30038,2851,pending,f,f,2026-01-13 15:27:31.784122+00,Elevate Your Storytelling with Rich Media Play,"Hi there, Rodney!  

I hope this email finds you well and enjoying a lovely day at Fieldpoint Private Holdings.  

I'm reaching out to introduce you to Rich Media Play, where we specialize in crafting high-impact video, animation, and data-driven storytelling. We know that in the world of financial services, effective communication is key to building trust and engaging with high-net-worth individuals and families.  

Our services are designed to help firms like yours create polished, strategic content without the burden of agency overhead. Whether you’re looking to enhance your client presentations, explain complex investment strategies, or simply share your firm’s unique story, we’re here to help you shine.  

I would love the opportunity to discuss how Rich Media Play can support Fieldpoint Private Holdings in elevating your communication efforts. Let’s connect soon!  

Warmly,  

User",professional,,,
782,161,31930,3349,pending,f,f,2026-01-13 15:27:31.784122+00,Elevate Your Storytelling with Rich Media Play,"Hi there, Mike!

I hope this message finds you well and thriving at Velvet Sea Ventures. I'm reaching out because I believe there's a wonderful opportunity for us to collaborate and enhance the way you communicate your impressive investments and entrepreneurial support.

At Rich Media Play, we specialize in creating high-impact video, animation, and data-driven storytelling tailored for organizations like yours that seek polished and strategic content without the hefty agency overhead. We understand the financial services landscape can be competitive, especially in the tri-state area, and we're here to help you stand out.

Our team is passionate about transforming complex information into engaging narratives that resonate with your audience. Whether it's showcasing your portfolio companies or crafting compelling content for your investors, we can help you tell your story in a way that's as engaging as it is informative.

I would love to chat more about how we can support your goals at Velvet Sea Ventures. Please let me know a time that works for you, and I’ll make sure to accommodate.

Warmly,

User",professional,,,
783,161,29963,2844,pending,f,f,2026-01-13 15:27:31.784122+00,Elevate Your Storytelling with Rich Media Play,"Hi there, John!  

I hope this email finds you well and thriving at Bluff Point Associates. I wanted to take a moment to introduce you to Rich Media Play, where we specialize in creating high-impact video, animation, and data-driven storytelling tailored specifically for organizations like yours in the financial services sector.  

We understand that in today’s fast-paced world, polished and strategic content is essential for capturing attention and conveying complex ideas effectively. Our team is dedicated to providing top-notch content without the hefty agency overhead, allowing you to focus on what you do best—investing in operational value creation for your portfolio companies.  

Imagine the impact of sharing compelling visual narratives that not only inform but also engage your stakeholders. Whether you're looking to enhance your presentations, share insights on market trends, or communicate your investment strategies, we’re here to help you shine.  

I’d love to chat more about how we can support Bluff Point Associates in elevating your storytelling and making your message resonate. Please let me know if you’d be available for a quick call or coffee chat in the near future.  

Warmly,  

User",professional,,,
784,161,30008,2848,pending,f,f,2026-01-13 15:27:31.784122+00,Elevate Your Storytelling with Rich Media Play,"Hi there, Andrea!  

I hope this message finds you well and thriving at Morgan Stanley. I wanted to take a moment to introduce you to Rich Media Play, where we specialize in crafting high-impact video, animation, and data-driven storytelling tailored just for organizations like yours.  

In today’s fast-paced financial services landscape, having polished and strategic content is more important than ever. We understand the unique challenges that come with delivering clear and compelling narratives to your clients and stakeholders. Our team can help you achieve that without the agency overhead, letting you focus on what you do best!  

Imagine showcasing your wealth management strategies or institutional securities insights through engaging visuals and storytelling that resonate deeply with your audience. Whether it’s for internal communications or client-facing presentations, we’re here to partner with you to elevate your messaging.  

I’d love to chat more about how we can support Morgan Stanley in achieving its communication goals. Please let me know a time that works best for you, and we can set up a call.  

Take care,  

User",professional,,,
785,161,29975,2846,pending,f,f,2026-01-13 15:27:31.784122+00,Elevate Your Storytelling with Rich Media Play,"Hi there, Scott!

I hope this message finds you well and thriving at Drum Capital. I’m reaching out to introduce you to Rich Media Play, where we specialize in creating high-impact video, animation, and data-driven storytelling tailored for financial services companies like yours.

In the fast-paced world of private equity, having polished and strategic content can make all the difference. We understand the unique challenges that come with supporting lower middle-market companies and the importance of clear communication in showcasing your initiatives and successes.

Our team can help you craft engaging narratives that not only resonate with your audience but also elevate your brand without the hefty agency overhead. We pride ourselves on being a partner in your journey, dedicated to producing content that drives results and supports your strategic goals.

I would love the opportunity to discuss how we can collaborate to enhance your storytelling efforts. 

Looking forward to hearing from you!

Warmly,  

User",professional,,,
786,162,30885,3079,pending,f,f,2026-01-13 15:27:33.290772+00,A Little Something Special for Your Team!,"Hi there, Jonathan!

I hope this email finds you well and in great spirits at Mount Sinai Health System. I wanted to take a moment to introduce you to something truly delightful that could make a positive impact on your team – Doghouse!

Now, I know what you might be thinking – what could a doghouse possibly do for an esteemed organization like yours? Well, let me tell you! Doghouse is designed to enhance team collaboration and communication, creating an environment where ideas hop around as freely as frogs on a warm spring day!

With Doghouse, your nursing and emergency services teams can connect effortlessly, ensuring everyone is on the same page and that patient care remains top-notch. Imagine how much smoother your operations could flow with a tool that fosters teamwork and keeps everyone in sync!

I’d love to chat more about how Doghouse can fit into your vision at Mount Sinai. If you're open to it, let’s set up a time to connect!

Take care,

Demo User",professional,,,
787,162,31790,3326,pending,f,f,2026-01-13 15:27:33.290772+00,Introducing Doghouse – A Unique Solution for Your Needs,"Hi there, Nickolas!

I hope this email finds you in good spirits and enjoying a lovely day! 

I’m reaching out to share a little something about Doghouse, a solution that could be a perfect fit for Intermountain Ventures, especially as you look to enhance patient care and health outcomes. 

Doghouse has been designed with the unique needs of frogs in mind. Our innovative approach ensures that even the most discerning frogs can find comfort and safety, which in turn creates a more relaxed environment for them. This might sound a bit whimsical, but it's all about improving the overall well-being of our froggy friends and ensuring they thrive. 

By integrating Doghouse into your portfolio, you’re not just investing in a product; you’re contributing to a better ecosystem where healthcare meets innovative solutions. Imagine how happy those frogs will be—and how that can positively impact patient care!

I’d love the opportunity to discuss how Doghouse can align with your vision at Intermountain Ventures. Let me know if you’re interested in setting up a time to chat!

Take care, 

Demo User",professional,,,
788,162,30788,3018,pending,f,f,2026-01-13 15:27:33.290772+00,A Leap into Innovation with Doghouse!,"Hi there, John!  

I hope this email finds you in great spirits! I'm reaching out to share something that I truly believe could make a delightful difference for Microsoft.  

Introducing Doghouse—a unique solution designed for businesses that cater to our froggy friends. It’s more than just a product; it’s a way to enhance engagement and provide a cozy space where creativity can leap and bound.  

With Doghouse, your team can connect with the target customer profile of frogs in a fun, interactive way. Imagine creating a space that not only meets their needs but also sparks joy and innovation within your projects. It’s about fostering that special relationship between your brand and the frogs—and we all know how important that connection is!  

I would absolutely love to chat more about how Doghouse can fit into your vision at Microsoft. If you have a moment, let’s hop on a call or grab a coffee sometime soon.  

Best regards,  

Demo User",professional,,,
789,162,32239,3409,pending,f,f,2026-01-13 15:27:33.290772+00,A Unique Opportunity to Help Your Business Leap Ahead!,"Hi there, Stew!

I hope this email finds you in great spirits! I'm reaching out to share something that I truly believe could be a delightful addition to the wonderful work you’re already doing at Mountaingate Capital.

Have you ever considered how a doghouse might play a role in enhancing the way your firm connects with its target customers? Now, I know what you might be thinking—how does a doghouse relate to private equity? Well, let me explain! 

Our doghouses are designed to be much more than just a cozy spot for our furry friends; they serve as a metaphor for nurturing and growth. Just like you support management teams in building sustainable businesses, our doghouses symbolize a safe space for ideas to flourish and thrive. 

In essence, they can be a conversation starter at your meetings or events, bringing a touch of warmth and charm that encourages collaboration and creativity among partners and clients alike. It’s all about fostering those meaningful connections that help businesses leap to new heights!

I would love to chat more about this and explore how we can work together to make this concept a reality for your team. 

Warmly,  

Demo User",professional,,,
790,162,31130,3176,pending,f,f,2026-01-13 15:27:33.290772+00,A Ribbit-ing Opportunity for Goodwin!,"Hi there, Jon!

I hope this email finds you hopping along just fine! I’m reaching out to introduce you to an exciting opportunity that could really benefit Goodwin and its unique frog-loving clientele.

Our doghouse solution is designed specifically for our froggy friends, ensuring they have a cozy and safe space to call home. Just imagine how a little extra comfort and care can enhance the overall happiness of your target customers. It’s all about creating that special environment where they can thrive!

With our doghouse, not only do you provide a product that meets the needs of your target audience, but you also enhance your reputation as a company dedicated to quality and customer satisfaction. It’s a win-win, if you ask me!

If you’d like to chat more about how we can work together to make a splash in the market, I’d love to set up a time to talk. Just let me know what works for you!

Take care, 

Demo User",professional,,,
791,163,31263,3217,pending,f,f,2026-01-13 15:27:33.589432+00,Unlocking Insights from Financial Data,"Hi there, Bill!

I hope this message finds you in great spirits! I wanted to take a moment to share something that I believe could be a game changer for Gregory FCA.

We’ve recently introduced an AI API that specializes in extracting valuable insights from large sets of unstructured financial data, such as SEC filings. This technology can help streamline your data analysis processes, allowing your team to focus on what truly matters—crafting strategic communications and enhancing brand visibility for your clients.

Imagine being able to quickly sift through complex documents and extract pertinent information with ease. This can not only save time but also elevate the quality of your media relations and content marketing efforts across various industries, including financial services.

I’d love to chat more about how this AI API can support your initiatives at Gregory FCA. Please let me know a time that works for you, and we can discuss this further.

Take care, and I look forward to connecting soon!

Warmly,  

Jonathan Novotny",professional,,,
792,163,31260,3217,pending,f,f,2026-01-13 15:27:33.589432+00,Unlock New Insights with Our AI API,"Hi there, Joe!

I hope this email finds you well and thriving at Gregory FCA. I've been following your impressive work in strategic communications, and it's clear that your team is committed to elevating brand visibility for your clients.

I wanted to share some exciting news about our AI API designed specifically for large financial unstructured data extraction, like SEC filings. Imagine being able to sift through vast amounts of data quickly and efficiently, freeing up your team to focus on what they do best—crafting compelling narratives and building strong relationships.

Our solution can help enhance your media relations and content marketing efforts by providing deeper insights into financial trends and compliance, all while saving you precious time. With this powerful tool, you can better serve your clients in the financial services sector, allowing you to stay ahead of the competition while keeping your clients informed and engaged.

I would love the opportunity to discuss how we can tailor this solution to fit the unique needs of Gregory FCA. Let me know a time that works for you, and I’ll gladly make it happen!

Take care, and I look forward to hearing from you soon.

Warmly,

Jonathan Novotny",professional,,,
793,163,31266,3217,pending,f,f,2026-01-13 15:27:33.589432+00,Transforming Financial Data Handling at Gregory FCA,"Hi there, Bernardo!  

I hope this email finds you well and enjoying a lovely day.  

I'm reaching out to share an exciting opportunity that I believe could truly enhance the way Gregory FCA handles unstructured financial data, especially when it comes to SEC filings.  

Our AI API specializes in extracting valuable insights from large volumes of unstructured data, making it easier for your team to stay on top of crucial financial information. Imagine being able to streamline your data processes, allowing you to focus more on strategic communications and delivering even greater value to your clients.  

With our technology, you’ll find that analyzing complex filings becomes a breeze, giving you more time to build brand visibility and drive business growth across the industries you serve. It’s like having an extra set of hands to handle the heavy lifting of data extraction!  

I’d love to discuss this further and see how we can tailor our solution to fit the unique needs of Gregory FCA. Please let me know if you’re available for a quick chat!  

Warmly,  

Jonathan Novotny",professional,,,
794,163,28741,2501,pending,f,f,2026-01-13 15:27:33.589432+00,Unlocking Insights from Financial Data,"Hi there, Soumya!

I hope this email finds you in great spirits. I’m reaching out to share something that could truly benefit Iteach Schools Office and your mission of providing excellent educational opportunities.

We’ve developed an AI API specifically designed for extracting valuable insights from large volumes of unstructured financial data, like SEC filings. I truly believe this could streamline your data analysis processes and enhance your decision-making capabilities. 

Imagine having the power to effortlessly sift through mountains of financial documents, pulling out the information that matters most to you. This tool not only saves you countless hours but also helps ensure that you’re always making informed choices based on the best available data.

I’d love the chance to discuss how this innovative solution can be tailored to meet your needs at Iteach Schools Office. If you’re interested, let’s find a time to chat!

Wishing you a wonderful day ahead!

Warmly,  

Jonathan Novotny",professional,,,
795,163,31257,3217,pending,f,f,2026-01-13 15:27:33.589432+00,Unlocking Insights in Financial Data,"Hi there, Greg!

I hope this message finds you well and thriving at Gregory FCA. I’m reaching out because I believe we have a wonderful opportunity to enhance the way your team handles large volumes of unstructured financial data, particularly SEC filings.

Our AI API specializes in extracting valuable insights from complex documents, making it easier for your team to sift through mountains of data quickly and efficiently. Imagine being able to transform lengthy filings into actionable insights that drive your strategic communications and content marketing efforts!

By harnessing this technology, you could not only save precious time but also empower your clients with sharper, more informed strategies that elevate their brand visibility. It’s all about making your workflow smoother and your results even more impactful!

I’d love to chat more about how this could be a game-changer for Gregory FCA. Let me know a time that works for you, and we can dive deeper into the details.

Looking forward to connecting!

Warmly,  

Jonathan Novotny",professional,,,
796,164,31270,3217,pending,f,f,2026-01-14 20:09:15.485264+00,Unlocking Insights from Financial Data,"Hi there, David!

I hope this message finds you well and thriving at Gregory FCA. I’m reaching out to share something that might just sweeten the pot for your team’s efforts in strategic communications and brand visibility.

We’ve developed an AI API designed specifically for extracting large volumes of unstructured financial data, like SEC filings. Imagine being able to sift through all that information effortlessly, turning complex data into actionable insights that can enhance your media relations and content marketing strategies.

This tool can help you streamline your data analysis, giving you more time to focus on what you do best: building robust communications that drive business growth. With the right insights at your fingertips, you can craft even more compelling narratives for your clients in the financial services sector and beyond.

I’d love to chat more about how this can fit into your goals at Gregory FCA. Let me know if you’re open to a conversation!

Warmly,

Jonathan Novotny",professional,,,
797,164,28788,2505,pending,f,f,2026-01-14 20:09:15.485264+00,Unlocking Insights with AI-Powered Data Extraction,"Hi there, Abhijit!  

I hope this message finds you well and thriving at Ascensive Educare!  

I’m reaching out to share an exciting opportunity that could greatly enhance the way you handle financial unstructured data, like SEC filings. Our AI API is designed specifically to streamline the extraction process, transforming complex data into actionable insights.  

Imagine being able to efficiently analyze vast amounts of financial information without the usual hassle. This could not only save you precious time but also empower your team to make more informed decisions that support the growth of your educational services.  

I truly believe that integrating this technology can help Ascensive Educare stay ahead of the curve in a rapidly evolving landscape. I’d love the chance to discuss how we can tailor this solution to fit your unique needs.  

Looking forward to the opportunity to connect!  

Warmly,  

Jonathan Novotny",professional,,,
798,164,28834,2520,pending,f,f,2026-01-14 20:09:15.485264+00,Unlock New Insights with Our AI API,"Hi there, Vishal!

I hope this message finds you well and thriving at Nexus Consultants!

I wanted to take a moment to share something that I believe could be a wonderful asset to your team. We’ve developed an AI API specifically designed for extracting and analyzing large volumes of unstructured financial data, like SEC filings. 

Imagine being able to sift through all that complex information with ease, gaining insights that could inform your guidance and management strategies for students seeking higher education. This tool can help you streamline operations, enhance decision-making, and ultimately provide even better support to your clients. 

I would love the chance to discuss how our AI API can fit into your current processes and help you shine even brighter in your field. Do you have some time for a chat in the coming days? 

Looking forward to hearing from you!

Warmly,  

Jonathan Novotny",professional,,,
799,164,31252,3218,pending,f,f,2026-01-14 20:09:15.485264+00,Unlocking New Insights for 5W Public Relations,"Hi there, Ronn!

I hope this message finds you well and enjoying a lovely day! 

I wanted to take a moment to introduce you to an exciting AI API that specializes in extracting large volumes of unstructured financial data, like SEC filings. I believe this could be a real game-changer for 5W Public Relations. 

With the ability to swiftly analyze and interpret complex datasets, this tool can help streamline your media relations and enhance your digital marketing strategies. Imagine having immediate access to vital insights that can bolster your campaigns and help your clients shine even brighter in their respective sectors! 

I would love to chat more about how this AI solution could fit into your impressive portfolio at 5WPR. If you’re interested, let’s schedule a time to connect—I’m here to help in any way I can! 

Looking forward to hearing from you!

Warmly,

Jonathan Novotny",professional,,,
800,164,28787,2509,pending,f,f,2026-01-14 20:09:15.485264+00,Exciting AI Solutions for GuruSiksha!,"Hi there, Dipak!

I hope this email finds you well and thriving at GuruSiksha. I wanted to take a moment to share something that I believe could truly enhance the way you connect students with tutors and manage your digital learning resources.

We’ve recently introduced an AI API specifically designed for extracting valuable insights from large volumes of unstructured financial data, such as SEC filings. This tool can streamline your data management processes, allowing you to focus more on what truly matters—providing quality education and support to your students.

Imagine having real-time access to critical financial data that can inform your strategic decisions, all while saving your team precious time. With this AI solution, you can easily sift through mountains of information, making data-driven decisions with confidence. 

I’d love to chat further about how this could fit into your plans at GuruSiksha. Let me know if you’d be open to a quick call!

Warmly,

Jonathan Novotny",professional,,,
801,165,31928,3349,pending,f,f,2026-01-14 20:09:15.755892+00,Elevate Your Storytelling with Rich Media Play,"Hello Matthew,  

I hope this email finds you well and thriving at Velvet Sea Ventures!  

I wanted to take a moment to introduce you to Rich Media Play, where we specialize in crafting high-impact video, animation, and data-driven storytelling tailored for organizations like yours. Our mission is to help financial services companies in the tri-state area create polished, strategic content without the burdensome agency overhead.  

In today's fast-paced world, storytelling is more important than ever, especially in the finance sector. We understand that conveying complex ideas in an engaging manner can set you apart from the competition. Our team is dedicated to producing content that not only captures attention but also resonates with your audience, driving engagement and fostering trust.  

I would love the opportunity to discuss how Rich Media Play can support Velvet Sea Ventures in your mission to empower entrepreneurs and elevate their narratives.  

Looking forward to hearing from you soon!  

Warmly,  

User",professional,,,
802,165,30021,2849,pending,f,f,2026-01-14 20:09:15.755892+00,Elevate Your Storytelling with Rich Media Play,"Hi there, Gerard!

I hope this message finds you well and thriving at JPMorgan Chase. I wanted to take a moment to introduce you to Rich Media Play, where we specialize in creating high-impact video, animation, and data-driven storytelling tailored for organizations just like yours.

In the fast-paced world of financial services, we understand the importance of polished, strategic content that resonates with your audience without the hefty agency overhead. Our team is dedicated to helping you craft compelling narratives that not only showcase your services but also strengthen your brand’s connection with clients across the tri-state area.

Imagine engaging your clients with dynamic videos that simplify complex financial concepts or eye-catching animations that bring your data to life. We’re here to support your vision and make your content shine!

If you’re interested, I’d love to chat more about how Rich Media Play can help enhance JPMorgan Chase’s storytelling efforts. 

Looking forward to hearing from you!

Warmly,  

User",professional,,,
803,165,29959,2842,pending,f,f,2026-01-14 20:09:15.755892+00,Let's Elevate Your Storytelling Together!,"Hi there, Jack!

I hope this message finds you in great spirits. My name is User, and I wanted to take a moment to introduce you to Rich Media Play, where we're all about crafting high-impact video, animation, and data-driven storytelling tailored for organizations just like Gemspring Capital.

In the fast-paced world of financial services, we know how essential it is to communicate your unique value effectively. With our polished and strategic content, we can help you showcase your flexible capital solutions and the hands-on approach you take to drive growth and operational excellence. 

Imagine engaging your audience with captivating visuals and compelling narratives that bring your expertise to life—without the burden of agency overhead! We’re here to partner with you, providing the storytelling tools that can make your mission resonate deeply with clients and partners alike.

I would love to chat more about how we can support Gemspring Capital in achieving its goals. Let me know if you have some time to connect!

Warmly,

User",professional,,,
804,165,30022,2849,pending,f,f,2026-01-14 20:09:15.755892+00,Elevate Your Storytelling with Rich Media Play,"Hi there, Selina!

I hope this message finds you well and enjoying a lovely day at JPMorgan Chase. I wanted to take a moment to introduce you to Rich Media Play, a team that specializes in crafting high-impact video, animation, and data-driven storytelling.

We understand that in the fast-paced world of financial services, having polished and strategic content is essential. Our mission is to help organizations like yours create compelling narratives without the burden of traditional agency overhead. We’re dedicated to ensuring your message resonates with your audience, driving engagement and building trust.

Imagine showcasing your innovative services through captivating visuals and insightful storytelling that truly reflects the strength of JPMorgan Chase. We would love the opportunity to partner with you to elevate your marketing efforts and help you stand out in the competitive landscape of the tri-state area.

If you’re interested, I would be delighted to chat further about how we can assist you in achieving your goals. 

Looking forward to hearing from you!

Warmly,  

User",professional,,,
805,165,29982,2843,pending,f,f,2026-01-14 20:09:15.755892+00,Elevate Your Storytelling with Rich Media Play!,"Hello Mark!  

I hope this email finds you well and in good spirits!  

I wanted to take a moment to introduce you to Rich Media Play, where we specialize in creating high-impact video, animation, and data-driven storytelling tailored for organizations like A&M Capital.  

In the fast-paced world of financial services, I know how important it is to convey your message clearly and effectively. Our team is dedicated to helping firms like yours produce polished, strategic content without the hefty agency overhead. We understand the unique challenges that come with private equity investments and would love to partner with you to showcase your operational improvements and growth stories in a captivating way.  

If you’re interested, I’d be delighted to chat about how we can help elevate your storytelling and engage your audience more deeply.  

Looking forward to hearing from you soon!  

Warmly,  

User",professional,,,
806,166,32459,3452,pending,f,f,2026-01-14 20:09:17.920616+00,A Little Something for Your Consideration,"Hello George!  

I hope this email finds you basking in the sunshine and enjoying a lovely day!  

I’m reaching out to introduce you to our innovative doghouse solution that could really enhance your strategic endeavors over at Sabrepoint Capital. Now, I know what you might be thinking — “How does a doghouse fit into my world of hedge funds?” Well, let me tell you, it's all about the approach!  

Our doghouse is designed for those who appreciate a little whimsy while maintaining a keen eye on quality. It can serve as an excellent metaphor for fostering collaboration and creativity among your team, just like a cozy home for a sweet pup. By creating a welcoming space, it might just spur some brilliant ideas in your investment strategies!  

Now, I reckon this might sound a bit unconventional, but I believe that a sprinkle of light-hearted charm can go a long way in the serious world of finance. Let’s chat sometime; I’d be delighted to share how our doghouse can fit into your vision at Sabrepoint Capital.  

Looking forward to hearing from you soon!  

Warmly,  
Demo User",professional,,,
807,166,32240,3409,pending,f,f,2026-01-14 20:09:17.920616+00,A Tail-Wagging Opportunity for Mountaingate Capital!,"Hi there, Bennett!

I hope this email finds you well and thriving at Mountaingate Capital. It’s a pleasure to connect with you!

I wanted to share a delightful opportunity that could truly enhance your investment strategy. Our doghouse product is designed to cater to an often-overlooked yet vibrant customer profile: the frog! Imagine the potential of attracting these unique customers with a solution that not only meets their needs but also resonates with their quirky charm.

By incorporating our doghouse into your portfolio, you’ll be able to tap into a niche market that values sustainability and innovation. It’s the perfect fit for companies focused on building sustainable businesses, just like yours. We believe that with your expertise and our creativity, we can leapfrog into new heights together!

I would love the chance to discuss this further and explore how we can collaborate to bring this exciting venture to life. Please let me know a convenient time for you, and I’ll be glad to arrange a chat.

Looking forward to hearing from you soon!

Warmly,

Demo User",professional,,,
808,166,8665,1161,pending,f,f,2026-01-14 20:09:17.920616+00,A Tail-Waggin' Opportunity for Propel!,"Hi there, Noah!

I hope this message finds you well and enjoying a beautiful day! I’m reaching out to share a little something that might just hop right into your heart and help Propel soar even higher.

At Doghouse, we’re all about creating delightful experiences for your target audience – the wonderful folks navigating financial tools like your Fresh EBT app. We understand how crucial it is to provide support, especially for low-income families, and we think our unique approach can tie in beautifully with your mission.

Imagine a space where users can come together, share tips, and find community support while managing their benefits. Doghouse is designed to create this warm, inviting environment that resonates with your audience. By fostering connections, we can help Propel provide not just financial tools, but also a sense of belonging and upliftment. 

We’d love to chat more about how we can collaborate to enrich the lives of those you serve. Let me know if you’d be open to a conversation!

Take care,

Demo User",professional,,,
809,166,8730,1169,pending,f,f,2026-01-14 20:09:17.920616+00,A Little Something to Leap Into!,"Hi there, Tomer!

I hope this message finds you well and enjoying a splendid day at Melio Payments! 

I wanted to take a moment to introduce you to something that might just hop right into your heart—our Doghouse solution. Now, I know what you're thinking, a Doghouse? How can that possibly help a company like yours? Well, let me tell you, it’s more than just a cozy spot for our furry friends!

Doghouse is designed to streamline processes, much like Melio does for B2B payments. It simplifies accounts payable, ensuring that everything runs smoother than a frog leaping across a lily pad! With our solution, your team can focus on what truly matters—growing your business and improving cash flow—without getting bogged down in the nitty-gritty details.

I genuinely believe that Doghouse could complement the fantastic work you’re already doing at Melio Payments. I’d love to chat more about how we can help you leap to new heights!

Looking forward to hearing from you soon!

Warmly,  

Demo User",professional,,,
810,166,30576,2951,pending,f,f,2026-01-14 20:09:17.920616+00,A Little Something for Our Frog Friends!,"Hi there, David!

I hope this message finds you in good spirits! I wanted to take a moment to introduce you to a delightful venture we've been working on—DogHouse. Now, I know you might be wondering how a doghouse could possibly fit into your world of media, but let me explain how it can bring a little hop to your business!

You see, DogHouse is designed specifically for our amphibious friends, the frogs. It’s a charming, eco-friendly space that not only provides a cozy home but also serves as a unique advertisement platform that can resonate with your audience. Imagine the buzz it could create in your digital and live events, tapping into the whimsical side of nature while promoting your brand in an engaging way. 

With iHeartMedia's reach, we believe that showcasing DogHouse can captivate the hearts of your listeners and viewers, sparking conversations and creating a sense of community around a shared love for our froggy pals. Just think about the creative campaigns we could launch together!

I’d love to chat more about this and explore how we can hop into this adventure together. Please let me know if you have some time to connect!

Warmly,  

Demo User",professional,,,
811,167,28853,2523,pending,f,f,2026-01-15 18:41:55.617807+00,Unlocking Insights from Financial Data with AI,"Hi there, Brij Mohan!

I hope this message finds you well and thriving at Educomp Vidyamandir Classes. It’s truly inspiring to see how your institute is shaping the futures of so many students in Ahmedabad.

I wanted to take a moment to introduce you to an exciting opportunity that could enhance your operations and insights. Our AI-powered API specializes in extracting valuable data from large volumes of unstructured financial documents, such as SEC filings. 

Imagine having the ability to sift through mountains of information effortlessly, gaining insights that can inform your strategic decisions and educational offerings. With this tool, you can streamline your data processing, allowing your team to focus more on what truly matters—empowering your students to succeed in their academic journeys.

I would love to discuss how this innovative solution can align with the wonderful work you’re already doing at Educomp. 

Looking forward to the possibility of connecting!

Warmly,  


Jonathan Novotny",professional,,,
812,167,28852,2523,pending,f,f,2026-01-15 18:41:55.617807+00,Unlocking Insights with AI for Educomp Vidyamandir Classes,"Hi there, Mohit!  

I hope this message finds you well and thriving!

I’m reaching out to share some exciting news about an AI API that specializes in extracting valuable insights from large financial unstructured data, like SEC filings. Given your incredible work at Educomp Vidyamandir Classes, I truly believe this tool could be a game-changer for your strategic decision-making.

Imagine having instant access to critical financial information without the cumbersome manual effort. This API can streamline data extraction and analysis, allowing you to focus more on what you do best—empowering students to reach their academic goals. By harnessing this technology, you can gain deeper insights into market trends and competitor strategies, ultimately enhancing your educational offerings.

I would love to discuss how we can tailor this solution to fit your needs and help elevate Educomp Vidyamandir Classes even further. 

Looking forward to hearing from you soon!

Warmly,  

Jonathan Novotny",professional,,,
813,167,28854,2523,pending,f,f,2026-01-15 18:41:55.617807+00,Unlocking Insights from Financial Data,"Hi there, Shyam!

I hope this email finds you well and thriving at Educomp Vidyamandir Classes! 

I wanted to take a moment to introduce you to an innovative AI API designed specifically for extracting valuable insights from large unstructured financial data, such as SEC filings. I believe this could be a game-changer for your institute, especially as you work tirelessly to prepare students for higher education entrance exams.

Imagine having the capability to effortlessly sift through mountains of financial documents, gleaning actionable insights that can help in making informed decisions for your business. With this AI technology, you can enhance your research capabilities, saving precious time and resources while gaining a competitive edge.

If you’re curious, I’d love to chat more about how this can support your goals at Educomp Vidyamandir Classes. 

Looking forward to hearing from you!

Warmly,  

Jonathan Novotny",professional,,,
863,177,28909,2535,pending,f,f,2026-01-26 14:00:10.690836+00,Unlock the Power of AI for Your Financial Data!,"Hello Unni,

I hope this message finds you well and thriving at EZ Genie Solutions! 

I wanted to take a moment to share something that could truly enhance your operations. We’ve developed an AI API specifically designed for extracting valuable insights from large volumes of unstructured financial data, like SEC filings. With this powerful tool, you can streamline your data analysis process, saving precious time and resources while ensuring accuracy.

Imagine being able to extract key information from those lengthy documents in a fraction of the time it usually takes. This means your team can focus on what they do best—making informed decisions and providing top-notch service to your clients.

I genuinely believe this could be a game-changer for your business, and I’d love to chat further about how we can help you implement this solution.

Looking forward to hearing from you!

Warmly,  

Jonathan Novotny",professional,,,
814,167,28782,2508,pending,f,f,2026-01-15 18:41:55.617807+00,Unlocking Potential with AI for Your Business,"Hi there, Rajesh!

I hope this message finds you in great spirits. I wanted to take a moment to share something I think could truly benefit FastInfo Class and your mission of providing top-notch educational resources.

Imagine having the ability to seamlessly extract and analyze unstructured financial data, like SEC filings, with just a few clicks. Our AI API does just that, helping businesses like yours make sense of mountains of information in a fraction of the time. This technology can streamline your data processing, enhance your insights, and ultimately support your goal of delivering the best possible resources to your students.

I genuinely believe that integrating this solution could give FastInfo Class a competitive edge, allowing you to focus even more on what you do best—empowering students to achieve their dreams.

If you’d like, I’d be more than happy to discuss this further or answer any questions you might have. Just let me know a time that works for you!

Take care,  

Jonathan Novotny",professional,,,
815,167,28840,2521,pending,f,f,2026-01-15 18:41:55.617807+00,Exciting AI Solution for Educational Initiatives!,"Hi there, Sridhar!  

I hope this message finds you well and thriving at Educational Initiatives! I’ve been following your incredible work in improving learning outcomes, and I must say, it's truly inspiring.  

I wanted to take a moment to introduce you to an AI API that specializes in extracting valuable insights from large volumes of unstructured financial data, like SEC filings. As you know, navigating through heaps of data can be a daunting task, but this solution can help streamline that process, giving you more time to focus on what truly matters—enhancing educational management and assessment solutions.  

Imagine being able to access critical financial information quickly and efficiently, enabling your team to make more informed decisions and drive your mission forward. This tool could be a wonderful asset in supporting your research-based approach, allowing for deeper insights that could ultimately benefit the educational institutions you serve.  

If you think this sounds like something that could complement your work, I’d love to chat further and explore how we can integrate this technology into your existing processes.  

Looking forward to hearing from you soon!  

Warmly,  

Jonathan Novotny",professional,,,
816,168,28836,2522,pending,f,f,2026-01-16 15:23:50.499012+00,Unlocking New Insights for Furtados School of Music,"Hello Dharini!

I hope this message finds you well and basking in the sweet melodies of success at Furtados School of Music. I’ve been following your incredible work in music education, and I must say, it’s truly inspiring!

I wanted to reach out to share an exciting opportunity that could greatly benefit your operations and insights into the financial landscape. Our AI API specializes in extracting valuable information from unstructured data, particularly large volumes of SEC filings. This powerful tool can help streamline your financial analysis, allowing you to focus more on what you love—nurturing the next generation of musicians.

By automating the extraction process, you could save precious time and resources, ensuring that you’re always equipped with the most relevant data to make informed decisions. Imagine having the ability to quickly access important financial insights that could help guide Furtados as you continue to grow and thrive in the music education sector!

I would love the chance to discuss how this solution could specifically align with your goals at Furtados. Please let me know a convenient time for you to chat, or feel free to reach out if you have any questions.

Wishing you a harmonious day ahead!

Warmly,  

Jonathan Novotny",professional,,,
817,168,28841,2524,pending,f,f,2026-01-16 15:23:50.499012+00,Unlocking Insights from Unstructured Data,"Hi there, Dharmesh!

I hope this message finds you in high spirits at Shanti Education Initiative Limited. I’m reaching out to share something that could be a real game-changer for your educational services and management initiatives.

We’ve developed an AI API specifically designed for extracting valuable insights from large volumes of unstructured financial data, such as SEC filings. Imagine being able to sift through mountains of data with ease, helping your team make informed decisions quickly and efficiently. This technology can streamline your processes, allowing you to focus more on enhancing learning experiences and less on data management.

I would love the opportunity to chat more about how this could benefit your team at Shanti Juniors and support your mission of improving educational services. 

Looking forward to the possibility of working together!

Warmly,  

Jonathan Novotny",professional,,,
818,168,28895,2525,pending,f,f,2026-01-16 15:23:50.499012+00,Transforming Data Extraction for Vedantu,"Hi there, Vamsi!

I hope this message finds you well and thriving in your mission at Vedantu. It’s truly inspiring to see how you’re shaping the future of education with personalized learning experiences for students.

I wanted to take a moment to share something that could be a real game-changer for your operations. We’ve developed an AI API designed specifically for extracting valuable insights from large volumes of unstructured financial data, like SEC filings. 

Imagine the efficiency of having key information at your fingertips without the manual hassle! This could not only streamline your data analysis processes but also empower you to make quicker, more informed decisions. With the educational landscape constantly evolving, having access to timely and relevant data can give Vedantu a competitive edge.

If you’d like to explore how this innovative solution can be tailored to suit your needs, I’d be delighted to set up a time to chat. 

Thank you for your time, and I look forward to the possibility of working together to enhance Vedantu’s impact!

Warmly,

Jonathan Novotny",professional,,,
819,168,28784,2507,pending,f,f,2026-01-16 15:23:50.499012+00,Enhance Your Data Insights with AI Technology,"Hi there, Ankana!  

I hope this message finds you in good spirits!  

I wanted to take a moment to introduce you to an exciting opportunity that could truly elevate the way Beanstalkedu Services Pvt Ltd manages and analyzes large volumes of financial unstructured data, like SEC filings.  

Our AI API is designed to simplify the extraction process, allowing your team to effortlessly sift through complex documents and pull out the most relevant insights. This means you can spend less time on data management and more time focusing on what really matters—helping students achieve their academic goals.  

Imagine having the ability to quickly access critical financial data that can inform your decision-making, all while enhancing your overall efficiency. This technology could be a game changer for how you approach your services and support your students' needs.  

I’d love the chance to chat with you further about how this can benefit Beanstalkedu Services. Please let me know if you’re interested, and we can set up a time that works for you!  

Warmly,  

Jonathan Novotny",professional,,,
820,168,28835,2522,pending,f,f,2026-01-16 15:23:50.499012+00,Unlocking New Possibilities for Furtados School of Music,"Hi there, Tanuja!

I hope this message finds you well and thriving at Furtados School of Music! It’s truly inspiring to see the impact your institution has on the music education landscape. 

I’m reaching out to share an exciting opportunity that could enhance your operations. Our AI API specializes in extracting valuable insights from large volumes of unstructured financial data, such as SEC filings. Imagine the time and effort you could save, allowing your talented team to focus on what they do best—nurturing the next generation of musicians!

By integrating this technology, you can streamline data management, gain deeper insights into financial trends, and ultimately make more informed decisions for the growth of Furtados. It’s all about making your workflow smoother so you can keep your eyes on the music!

I would be thrilled to discuss how this could benefit your wonderful institution further. Please let me know a convenient time for you, and I’ll be happy to chat!

Warmly,

Jonathan Novotny",professional,,,
821,169,30059,2860,pending,f,f,2026-01-19 14:00:29.658855+00,Elevate Your Storytelling with Rich Media Play,"Hi there, Julie!

I hope this email finds you well and enjoying a lovely day at Neuberger Berman. 

I wanted to take a moment to introduce you to Rich Media Play, where we specialize in crafting high-impact videos, animations, and data-driven storytelling specifically tailored for organizations like yours. We understand that in the world of financial services, polished and strategic content can make all the difference in engaging clients and showcasing your investment strategies.

Our services are designed to provide you with the quality and creativity you need without the burden of agency overhead. We believe that your story deserves to be told in a way that resonates deeply with your audience, and we’re here to help you do just that. 

If you’re interested, I’d love to discuss how we can partner together to elevate your marketing efforts and bring your unique investment strategies to life!

Looking forward to hearing from you!

Warmly,  

User",professional,,,
822,169,30052,2855,pending,f,f,2026-01-19 14:00:29.658855+00,Elevate Your Storytelling with Rich Media Play,"Hi there, Laura!  

I hope this email finds you well and enjoying a lovely day at Rockefeller Capital Management.  

I wanted to take a moment to introduce you to Rich Media Play, where we specialize in creating high-impact video, animation, and data-driven storytelling tailored specifically for financial services companies like yours.  

In today’s fast-paced world, polished and strategic content can truly make a difference. We understand the unique challenges that financial firms face in communicating their value, and we believe our services can help elevate your client engagement and strengthen your brand's narrative—all without the overhead of a traditional agency.  

Our team is dedicated to crafting compelling stories that not only resonate with your audience but also drive results. We’d love to explore how we can partner with you to enhance your communication strategies and take your content to the next level.  

If you have a moment, I’d be thrilled to chat about how we can support your goals at Rockefeller Capital Management.  

Warmly,  

User",professional,,,
823,169,30039,2851,pending,f,f,2026-01-19 14:00:29.658855+00,Elevate Your Storytelling with Rich Media Play,"Hi there, Nicholas!  

I hope this message finds you well and enjoying a lovely day at Fieldpoint Private Holdings.  

I wanted to take a moment to introduce you to Rich Media Play, where we specialize in producing high-impact video, animation, and data-driven storytelling. We understand that in the financial services sector, effective communication is key to building trust and engaging with high-net-worth individuals and families.  

Our team can help you create polished, strategic content that resonates with your audience, all without the overhead of a traditional agency. Whether you're looking to enhance your investment advisory presentations or craft compelling narratives around wealth planning, we’ve got you covered!  

I believe that our tailored approach could be a wonderful fit for Fieldpoint Private’s goals, and I’d love the opportunity to discuss how we can support your vision.  

Looking forward to the possibility of collaborating!  

Warmly,  

User",professional,,,
824,169,30060,2860,pending,f,f,2026-01-19 14:00:29.658855+00,Elevate Your Storytelling with Rich Media Play,"Hi there, Grace!  

I hope this message finds you well. I’m reaching out on behalf of Rich Media Play, where we specialize in crafting high-impact video, animation, and data-driven storytelling tailored for organizations just like Neuberger Berman.  

In the fast-paced world of financial services, having polished and strategic content is more important than ever. Our team is dedicated to helping firms like yours stand out without the hefty agency overhead. We understand the unique challenges you face and can provide content that not only informs but also engages your audience deeply.  

Whether you’re looking to enhance your investor presentations or create compelling educational content, we’re here to support your vision with creativity and expertise that resonates.  

I’d love the opportunity to discuss how we can partner together to elevate your storytelling and bring your message to life.  

Warmly,  

User",professional,,,
825,169,30040,2851,pending,f,f,2026-01-19 14:00:29.658855+00,Elevate Your Storytelling with Rich Media Play,"Hi there, Michael!  

I hope this message finds you well and thriving at Fieldpoint Private Holdings, Inc.  

I wanted to take a moment to introduce you to Rich Media Play. We specialize in crafting high-impact video, animation, and data-driven storytelling tailored specifically for organizations like yours in the financial services sector. Our mission is to help you convey your unique value proposition with polished, strategic content—all without the overhead of a traditional agency.  

In an industry where clarity and trust are paramount, we understand how important it is to communicate your investment advisory and wealth planning services effectively. Our team can partner with you to create engaging content that resonates with high-net-worth individuals and families, ensuring your message stands out in a crowded marketplace.  

If you're interested, I’d love to discuss how we can support your goals and enhance your client communications.  

Looking forward to the possibility of working together!  

Warmly,  

User",professional,,,
826,170,28897,2525,pending,f,f,2026-01-19 14:00:30.421279+00,Unlock the Power of AI for Financial Insights,"Hi there, Anand!

I hope this email finds you well and thriving at Vedantu. I’m reaching out to share something that I believe could truly enhance your operations, particularly as you continue to provide such exceptional educational support to your students.

We’ve developed an AI API that specializes in extracting valuable insights from large financial unstructured data, like SEC filings. I know that navigating the complexities of financial documents can be quite a task, but our solution simplifies this process, allowing you to harness critical information quickly and efficiently.

Imagine being able to analyze vast amounts of financial data without the usual headaches! This can help your team make informed decisions, stay ahead of the competition, and ultimately offer even better support to your learners as you guide them through their academic journeys.

I’d love the opportunity to discuss how this could specifically benefit Vedantu. If you’re open to it, I’d be delighted to set up a time to chat.

Looking forward to the possibility of working together!

Warmly,  

Jonathan Novotny",professional,,,
827,170,28871,2529,pending,f,f,2026-01-19 14:00:30.421279+00,Unlocking Insights from Financial Data for Leap Scholar,"Hi there, Arnav!

I hope this message finds you well and thriving at Leap Scholar! I’ve been following your remarkable work in helping students navigate their journeys to international education, and I truly admire the passion and dedication you bring to such an important mission.

I wanted to take a moment to introduce you to an innovative AI API that specializes in extracting valuable insights from large volumes of unstructured financial data, such as SEC filings. Given the growing complexity in financial landscapes, this tool could be a game-changer for your team.

By leveraging this AI technology, Leap Scholar could streamline the process of analyzing financial documents, gaining insights much faster than traditional methods allow. This can enhance your decision-making processes, help identify trends, and provide your clients with up-to-date information, ultimately strengthening your services and support for students.

I would love to discuss how this AI API can fit into your operations and help take Leap Scholar to new heights. 

Looking forward to the possibility of connecting!

Warmly,  

Jonathan Novotny",professional,,,
828,170,28872,2529,pending,f,f,2026-01-19 14:00:30.421279+00,Exciting AI Solutions for Leap Scholar!,"Hi there, Rajan!

I hope this message finds you well and thriving! I wanted to take a moment to reach out and share something that I believe could be a wonderful fit for Leap Scholar’s mission of guiding students through their study abroad journey.

We have developed an AI API specifically designed for extracting valuable insights from large volumes of unstructured financial data, such as SEC filings. Given your commitment to providing personalized guidance and resources, this technology can help streamline your research processes and enhance your service offerings.

Imagine being able to quickly analyze financial data to better inform your students about scholarship opportunities or institutional funding—making the whole experience smoother and more efficient for everyone involved. Our AI solution can save you precious time, allowing your team to focus on what truly matters: supporting students in achieving their dreams.

I would love to explore this further with you, Rajan, and discuss how we can tailor this solution to suit Leap Scholar's unique needs. 

Looking forward to hearing from you!

Warmly,

Jonathan Novotny",professional,,,
829,170,28839,2524,pending,f,f,2026-01-19 14:00:30.421279+00,Unlocking Insights with AI for Your Educational Initiatives,"Hi there, Vishal!

I hope this email finds you well and enjoying a lovely day in Ahmedabad. 

I wanted to take a moment to introduce you to a powerful AI API designed specifically for extracting valuable insights from large unstructured financial data, such as SEC filings. I truly believe this tool can be a game changer for Shanti Education Initiative Limited, enhancing your efforts in educational management and institutional oversight. 

Imagine the ease of accessing critical financial information at your fingertips, allowing you to make informed decisions that can further enrich the learning experiences you provide. With this AI-driven solution, you can streamline data extraction, saving precious time and resources that can be better spent on your core mission.

I’d love to chat more about how this could fit into your current operations and support your goals. Please let me know if you're available for a quick call or meeting in the coming days. 

Looking forward to hearing from you!

Warmly,  

Jonathan Novotny",professional,,,
830,170,28896,2525,pending,f,f,2026-01-19 14:00:30.421279+00,Unlocking Insights: AI API for Unstructured Data,"Hi there, Pulkit!

I hope this message finds you well and thriving at Vedantu. I’ve been following your incredible work in the education space, and I must say, it warms my heart to see such commitment to personalized learning for students.

I wanted to take a moment to introduce you to an exciting AI API designed specifically for the extraction of large financial unstructured data, like SEC filings. I truly believe this innovative tool could be a game-changer for your team as you navigate the complexities of financial information.

With our AI API, you can effortlessly streamline your data extraction processes, turning cumbersome documents into actionable insights. This means you can focus more on what you do best—empowering students through your exceptional tutoring platform—while the heavy lifting of data analysis is handled seamlessly.

Imagine how much time and effort you could save, allowing you to dedicate more resources toward enhancing the personalized learning experiences that Vedantu is known for. 

I would love the opportunity to chat more about how our AI solution could support your amazing work. Let me know if you’re free for a quick call or if there’s a convenient time for you to connect.

Looking forward to the possibility!

Warmly,  

Jonathan Novotny",professional,,,
831,171,8728,1169,pending,f,f,2026-01-19 14:00:32.076783+00,A Little Something to Leap Your Business Forward!,"Hi there, Matan!

I hope this email finds you in a delightful mood! My name is Demo User, and I'm reaching out to share something that I believe could be a real game changer for Melio Payments.

Have you ever thought about how a doghouse could play a role in your business? Now, I know that may sound a bit quirky, but let me explain! Just like a trusty doghouse provides a safe haven for our furry friends, our solution can create a secure and streamlined space for your customers, namely the frogs out there, who are looking for a seamless payment experience. 

With our doghouse solution, you can enhance the way small businesses handle their accounts payable. Imagine a world where they can hop from one payment to another with ease, improving their cash flow and saving precious time. By providing a user-friendly interface, we can help ensure that your customers’ transactions feel as comfortable as a sunny afternoon.

I would love to chat more about how we can collaborate to help your clients thrive. If you’re interested, let’s set up a time to discuss this further!

Take care, 

Demo User",professional,,,
832,171,8964,1209,pending,f,f,2026-01-19 14:00:32.076783+00,A Unique Opportunity for DRW,"Hi there, Dan!

I hope this email finds you well and enjoying a lovely day at DRW! 

I’m reaching out to introduce you to Doghouse, a delightful new platform that can enhance your operations in ways that are as refreshing as a sweet tea on a hot Southern afternoon. We’ve designed Doghouse with the unique needs of businesses like yours in mind, focusing on the importance of capturing opportunities with precision and care.

Our platform is perfect for firms that, like DRW, thrive on leveraging technology and research. With features tailored to streamline your processes and enhance collaboration, Doghouse can help your team identify and act on trading and investment opportunities even more efficiently.

I’d love to chat more about how Doghouse can fit into your strategy and support your goals at DRW. Do you have some time next week for a quick conversation? 

Looking forward to hearing from you!

Warmly,  
Demo User",professional,,,
833,171,10354,1481,pending,f,f,2026-01-19 14:00:32.076783+00,A Tail-Wagging Solution for Deep Genomics!,"Hi there, Brendan!

I hope this email finds you in good spirits! I'm reaching out to share something that I believe could truly enhance the innovative work you’re doing over at Deep Genomics. 

At Send2, we’ve developed a unique solution called Doghouse, designed to bridge the gap in communication and collaboration - and it’s particularly effective for teams like yours who are diving deep into the complexities of genetic research. Now, I know what you might be thinking: ""What does a doghouse have to do with biotech?"" But let me tell you, Doghouse is all about creating a cozy, welcoming space for your team to brainstorm and share ideas without the usual distractions.

Imagine your brilliant minds at Deep Genomics having a dedicated platform that allows them to easily connect, share insights, and collaborate on those groundbreaking discoveries. With Doghouse, you can streamline your processes, ensuring that communication flows as smoothly as a Southern breeze. 

I’d love the chance to chat with you about how Doghouse could fit into your innovative approach to genetic medicines. Please let me know if you’d be open to a brief conversation. I promise it’ll be as refreshing as a sweet tea on a hot summer day!

Looking forward to hearing from you!

Warmly,  

Demo User",professional,,,
834,171,18253,2006,pending,f,f,2026-01-19 14:00:32.076783+00,A Ribbit-ing Opportunity for Coastar Therapeutics!,"Hi there, Eddie!  

I hope this email finds you in good spirits! I’m reaching out with a delightful introduction to a product that might just bring a little hop to your step—our innovative doghouse designed specifically for our froggy friends.  

Now, I know what you might be thinking: ""A doghouse for frogs?"" But hear me out! Our doghouse provides a cozy, secure environment for frogs, which can be a unique addition to your offerings. This product not only enhances the well-being of these charming critters but also aligns with the growing interest in sustainable and responsible pet care.  

Imagine the joy of seeing your customers’ amphibious companions thriving in a safe haven, all while boosting your brand's reputation for innovation and care in the pet industry. We would love to discuss how this could fit into your vision at Coastar Therapeutics and help you stand out in a delightful way!  

Looking forward to the possibility of collaborating!  

Warmly,  

Demo User",professional,,,
835,171,8621,1154,pending,f,f,2026-01-19 14:00:32.076783+00,A Sweet Solution for Signifyd's Success,"Hi there, Rajesh!

I hope this email finds you in great spirits! I wanted to take a moment to introduce you to something special we call Doghouse. Now, I know what you're thinking—how does this relate to your fantastic work at Signifyd? Well, let me share a little bit about how Doghouse can hop right into your business and help you leap ahead!

Doghouse is designed to streamline and enhance customer experiences, particularly for those unique ""frog"" customers that you cater to. By providing tailored solutions for fraud prevention and customer assurance, we can help you keep those sales flowing while ensuring that pesky fraud doesn't rain on your parade.

With Doghouse by your side, you can focus on what you do best—empowering businesses like yours to thrive in a safe and secure environment. Plus, our platform integrates smoothly with your existing processes, making it as easy as pie!

I would be delighted to discuss how we can work together to support Signifyd's mission. If you're interested, just let me know, and we can set up a time to chat!

Take care, and I'm looking forward to hearing from you soon!

Warmly,  

Demo User",professional,,,
836,172,28935,2541,pending,f,f,2026-01-21 20:07:49.385836+00,Unlock the Power of AI for Your Data Needs,"Hi there, Kirti!  

I hope this email finds you well and thriving at Resonance Eduventures!  

I wanted to take a moment to introduce an exciting opportunity that could truly benefit your esteemed institution. Our AI API specializes in extracting valuable insights from large volumes of unstructured financial data, like SEC filings, which could be a game changer for your strategic decision-making processes.  

Imagine having the ability to swiftly analyze complex data sets and glean actionable insights that could enhance your programs and operations. With our technology, you can save precious time, reduce manual errors, and focus more on what you do best—empowering your students to reach their dreams!  

If this sounds like something that might resonate with your goals, I’d love to chat further and explore how we can tailor our solution to fit your needs.  

Looking forward to your thoughts!  

Warmly,  

Jonathan Novotny",professional,,,
837,172,28912,2532,pending,f,f,2026-01-21 20:07:49.385836+00,Unlocking Insights from Financial Data,"Hi there, Asharudheen!  

I hope this email finds you in great spirits! I wanted to take a moment to introduce you to an exciting opportunity that could truly benefit Skool Guru.  

We’ve developed an AI API specifically designed for extracting valuable insights from large volumes of unstructured financial data, like SEC filings. With this tool, your team can effortlessly sift through mountains of information, allowing you to focus on what truly matters - making informed decisions and driving your business forward.  

Imagine having the ability to quickly gather essential data, identify trends, and uncover hidden insights that may have otherwise gone unnoticed. This could enhance your analytical capabilities and ultimately support your strategic initiatives at Skool Guru.  

I’d be delighted to chat further and explore how we can tailor this solution to meet your unique needs.  

Looking forward to hearing from you soon!  

Warmly,  

Jonathan Novotny",professional,,,
838,172,28936,2541,pending,f,f,2026-01-21 20:07:49.385836+00,Unlocking Insights with AI for Your Financial Data,"Hi there, Ajay!

I hope this message finds you well and enjoying a lovely day at Resonance Eduventures! 

I wanted to take a moment to introduce an exciting opportunity that could greatly benefit your team in the realm of unstructured financial data extraction, particularly with SEC filings. Our AI API specializes in transforming complex data into clear, actionable insights, making it easier for organizations like yours to navigate and leverage large volumes of information.

Imagine having the ability to quickly and accurately extract key data points from financial documents, streamlining your analysis and decision-making processes. This technology could not only save valuable time for your team but also enhance the quality of the insights you provide to your students and stakeholders.

If this piques your interest, I would love to schedule a time for us to chat and explore how we can tailor this solution to fit the unique needs at Resonance Eduventures.

Looking forward to hearing from you soon!

Warmly,

Jonathan Novotny",professional,,,
839,172,28855,2523,pending,f,f,2026-01-21 20:07:49.385836+00,Unlocking New Opportunities for Educomp Vidyamandir Classes,"Hi there, Sandeep!  

I hope this message finds you well and thriving at Educomp Vidyamandir Classes!  

I wanted to take a moment to introduce you to an exciting innovation that could truly enhance how your team handles large volumes of unstructured financial data, like SEC filings. Our AI API specializes in extracting and organizing this information, making it more accessible and actionable for your educational initiatives.  

Imagine the time and effort your staff could save by automating the extraction process. With this tool, you can focus more on what truly matters—helping your students excel in their academic journeys. The efficiency gained could also lead to better insights and more informed decisions, ultimately benefiting your students and institution as a whole.  

I would love the opportunity to discuss how this solution could align with your goals and support the wonderful work you’re already doing.  

Thank you for considering this, Sandeep! I look forward to hearing from you.  

Warmly,  

Jonathan Novotny",professional,,,
840,172,28868,2531,pending,f,f,2026-01-21 20:07:49.385836+00,Unlocking New Insights with AI for Oliveboard,"Hi there, Abhishek!  

I hope this email finds you well and thriving at Oliveboard. I’ve been following your incredible work in providing top-notch exam preparation courses, and I must say, y’all are truly making a difference in the lives of so many aspiring candidates.  

I’m reaching out to share a little something that could further enhance your offerings. Our AI API specializes in extracting valuable insights from large volumes of unstructured financial data, like SEC filings. I believe this could be a game changer for your team, especially when it comes to gathering information that supports your performance analytics and skill development initiatives.  

Imagine being able to sift through mountains of financial reports quickly and efficiently, turning complex data into actionable insights for your users. This could empower your students with the knowledge they need to stay ahead in their competitive exams.  

I’d love to chat more about how we can tailor this solution to fit Oliveboard’s unique needs. Let me know if you’d be open to a quick conversation.  

Take care,  

Jonathan Novotny",professional,,,
841,173,30093,2864,pending,f,f,2026-01-21 20:07:50.668475+00,Elevate Your Storytelling with Rich Media Play,"Hi there, Nicholas!

I hope this message finds you well and thriving at Pershing Square Capital Management. It’s always a pleasure to connect with leaders who are as passionate about driving value as you are!

I wanted to introduce you to Rich Media Play, where we specialize in creating high-impact video, animation, and data-driven storytelling tailored for organizations just like yours. We understand the financial services landscape and the importance of conveying your investment strategies and corporate insights in a polished and strategic manner.

With our services, you can enhance your communication without the overhead of a traditional agency. Our team is dedicated to crafting content that not only engages your audience but also effectively showcases the value you bring to the table. We believe that every investment story deserves to be told beautifully and meaningfully.

If you're curious to explore how we can partner to elevate your messaging and storytelling, I would love to chat! 

Looking forward to the possibility of working together!

Warmly,

User",professional,,,
842,173,30108,2861,pending,f,f,2026-01-21 20:07:50.668475+00,Elevate Your Storytelling with Rich Media Play,"Hi there, Kazutoshi!

I hope this email finds you well and thriving at Millennium Management. As the Chairman of APAC and CEO of Japan, you’re no stranger to the importance of compelling narratives in the financial services industry.

I wanted to take a moment to introduce you to Rich Media Play, where we specialize in creating high-impact video, animation, and data-driven storytelling tailored for organizations just like yours. We understand that financial services requires not only precision but also the ability to convey complex ideas in a way that resonates with clients and stakeholders.

With our polished, strategic content, you can elevate your communication efforts without the overhead of a traditional agency. We pride ourselves on delivering engaging materials that can enhance your brand and help you connect on a deeper level with your audience.

If you have a moment, I would love to discuss how our services can support your goals at Millennium Management. 

Looking forward to the opportunity to chat!

Warmly,

User",professional,,,
843,173,30107,2861,pending,f,f,2026-01-21 20:07:50.668475+00,Elevate Your Storytelling with Rich Media Play,"Hi there, Ajay!

I hope this email finds you well and thriving at Millennium Management. I’m reaching out to introduce you to Rich Media Play, where we specialize in crafting high-impact video, animation, and data-driven storytelling tailored for organizations like yours in the financial services sector.

In today’s fast-paced world, standing out is essential, and we understand the unique challenges faced by firms in the tri-state area. Our polished and strategic content can help you connect with investors and clients more effectively, all without the added overhead of a traditional agency. 

Whether it’s showcasing your multi-strategy hedge fund approach or highlighting your commitment to delivering high-quality returns, we’re here to support your vision with compelling narratives that resonate. Our goal is to make your message shine, allowing you to focus on what you do best—managing investments and driving success.

I would love to chat with you further about how we can partner together to elevate your communications. Please let me know a time that works for you!

Warmly,  


User",professional,,,
844,173,30090,2867,pending,f,f,2026-01-21 20:07:50.668475+00,Elevate Your Storytelling with Rich Media Play,"Hi there, John!

I hope this message finds you well and enjoying a beautiful day at Paulson & Co. 

I wanted to take a moment to introduce you to Rich Media Play, where we specialize in crafting high-impact video, animation, and data-driven storytelling tailored for financial services companies like yours. Our mission is to provide polished, strategic content that helps you communicate your unique value without the burden of agency overhead.

In the fast-paced world of hedge funds, we understand how important it is to convey your insights and strategies effectively. Whether you're looking to explain complex financial concepts or share compelling success stories, our team is dedicated to helping you captivate your audience and highlight the expertise that sets Paulson & Co. apart.

If you’re interested, I’d love to chat more about how we can support your goals and enhance your communication strategies. 

Looking forward to the possibility of working together!

Warmly,  

User",professional,,,
845,173,30050,2858,pending,f,f,2026-01-21 20:07:50.668475+00,Elevate Your Storytelling with Rich Media Play,"Hi there, Seth!

I hope this message finds you well and thriving at Fortress Investment Group! 

I wanted to take a moment to introduce you to Rich Media Play, where we specialize in creating high-impact video, animation, and data-driven storytelling tailored specifically for organizations like yours. In today’s fast-paced financial landscape, we understand how crucial it is to convey your message with clarity and polish—without the burden of hefty agency fees. 

Our team prides itself on helping financial services firms in the tri-state area enhance their communications and engage their clients more effectively. Whether it’s through compelling video content or captivating animations, we’re here to ensure your strategic messaging resonates with your audience.

I’d love to discuss how our services can complement Fortress Investment Group's goals and help you shine in the competitive market. 

Looking forward to the possibility of chatting with you!

Warmly,  


User",professional,,,
846,174,10383,1490,pending,f,f,2026-01-21 20:07:51.260092+00,A Little Something to Hop About!,"Hi there, Rolana!  

I hope this email finds you well and enjoying a beautiful day! I wanted to take a moment to share something exciting that I believe could be a wonderful fit for Worldwide Clinical Trials.  

Introducing Doghouse! Now, I know what you might be thinking—what does a doghouse have to do with clinical projects? Well, let me tell you, our Doghouse solution is designed to create a safe and engaging environment for your target customer profile—those delightful frogs!  

By incorporating Doghouse into your training and surveillance programs, you can foster a more interactive and effective learning experience for your team. Imagine a space that not only captures the unique behaviors of frogs but also enhances the training process, leading to better assessments and outcomes.  

We truly believe that Doghouse can help streamline your clinical assessment training while providing the engaging atmosphere your team deserves. I’d love to discuss this further and explore how we can tailor our offerings to meet your specific needs.  

Looking forward to hearing from you soon!  

Warmly,  

Demo User",professional,,,
847,174,10390,1486,pending,f,f,2026-01-21 20:07:51.260092+00,A New Leap for BioMarin!,"Hi there, Brian!

I hope this email finds you in great spirits! I’m reaching out to share something that could be a real game changer for BioMarin Pharmaceutical—our innovative doghouse solution designed specifically for the unique needs of your target customers, the frog.

Our doghouse isn’t just a cozy little abode; it’s a strategic asset that can help your team better connect with your frog audience. By offering a tailored experience that resonates with their specific needs, we can enhance customer engagement and loyalty. 

Imagine the possibilities of nurturing a community that feels seen and valued! With our doghouse, you can create a welcoming environment that encourages frogs to hop on board with BioMarin’s offerings. It’s all about building those lasting relationships, and we’d love to help you do just that.

Let’s chat about how we can make this work for your team. I’m all ears and ready to help!

Warmly,  

Demo User",professional,,,
848,174,10382,1490,pending,f,f,2026-01-21 20:07:51.260092+00,A Special Solution for Your Unique Needs,"Hi there, Derek!

I hope this email finds you basking in sunshine and good spirits at Worldwide Clinical Trials! I wanted to take a moment to introduce you to something that could hop right into your operations and bring a bit of extra joy and efficiency.

We’ve developed a fantastic tool called Doghouse that’s designed to cater to the unique challenges faced by companies like yours, especially in the realm of rare diseases. Our solution helps streamline communication and data management, allowing your team to focus on what they do best—improving lives through innovative research.

I truly believe that Doghouse can be a game changer for your therapeutic strategies, making collaboration smoother and more effective across the board. Just imagine how much easier it could be for your team to share insights and track progress, all while keeping that Southern charm alive in your communication!

If you’re interested, I would love to chat further about how Doghouse can fit seamlessly into your workflow. Let me know a time that works for you, and I’ll be sure to make it happen!

Take care, and I look forward to hearing from you soon!

Warmly,  

Demo User",professional,,,
849,174,14106,1724,pending,f,f,2026-01-21 20:07:51.260092+00,Hop on Board with Our Doghouse!,"Hi there, Ian!

I hope this message finds you well and hopping with excitement at Playlab.ai! I wanted to take a moment to introduce you to our delightful product, Doghouse, which I believe could be just the ticket for your frog-loving customers.

Doghouse is designed to create a cozy space for our froggy friends, making it easier for folks to care for their amphibian companions. With its charming design and user-friendly features, it not only enhances the habitat for frogs but also enriches the experience for their owners. Imagine the joy of your customers as they provide a safe and welcoming home for their little green pals!

I truly believe that partnering with Doghouse can add a splash of happiness to your offerings at Playlab.ai and attract a whole new audience of frog enthusiasts. We’d love to chat more about how we can work together to bring this concept to life!

Looking forward to hearing from you soon!

Warmly,  

Demo User",professional,,,
850,174,9710,1367,pending,f,f,2026-01-21 20:07:51.260092+00,A Little Something for Your Team at ConsenSys,"Hi there, Joseph!

I hope this email finds you well and enjoying a beautiful day!

I wanted to take a moment to introduce you to a delightful little innovation we’ve got brewing over here at Send2 called DogHouse. Now, I know what you might be thinking—what does a doghouse have to do with a powerhouse like ConsenSys? Well, let me tell you, this isn’t just any ordinary doghouse! 

DogHouse is designed to help businesses like yours streamline communication and collaboration, especially when it comes to engaging with your target customers—those clever frogs! With features tailored to foster connections and enhance user experience, it can truly elevate your outreach efforts and ensure that your message hops straight to the hearts of your audience.

Imagine making it easier for your team to share information and collaborate on projects focused on Ethereum-based solutions. With DogHouse by your side, you can build stronger relationships and support blockchain adoption in a way that's as smooth as sweet tea on a warm Southern afternoon.

I’d be thrilled to discuss how DogHouse can fit into your strategy at ConsenSys and help you leap ahead in your initiatives. Would you be open to a quick chat? 

Looking forward to hearing from you!

Warmly,

Demo User",professional,,,
851,175,28880,2526,pending,f,f,2026-01-22 15:06:54.473405+00,Unlock the Power of AI for Your Data Needs,"Hi there, Arjun!  

I hope this email finds you in great spirits! I wanted to take a moment to introduce you to an exciting opportunity that could greatly benefit BYJU'S as you continue to innovate in the ed-tech space.  

We’ve developed a cutting-edge AI API designed specifically for extracting valuable insights from large volumes of unstructured financial data, such as SEC filings. With this tool, you can streamline your data processing, enhance your analysis capabilities, and ultimately make more informed decisions.  

Imagine having the ability to quickly and accurately extract key information from complex documents, allowing your team to focus on what they do best—creating engaging learning experiences for your students. This could save time, reduce costs, and improve your strategic planning efforts.  

I would love the chance to discuss how this solution can be tailored to meet the unique needs of BYJU'S. Please let me know if you're available for a quick chat in the coming days!  

Take care,  

Jonathan Novotny",professional,,,
852,175,28873,2530,pending,f,f,2026-01-22 15:06:54.473405+00,Unlocking Insights for Thinkerbell Labs,"Hi there, Sanskriti!

I hope this email finds you in great spirits! I’m Jonathan, and I’m truly excited to share something that I believe could be a game-changer for Thinkerbell Labs.

We’ve developed an AI API specifically designed for extracting valuable insights from large unstructured financial data, such as SEC filings. With the incredible work you’re doing to create accessible learning technology for visually impaired children, I can see how streamlining your data extraction processes could free up time and resources for your team. 

Imagine having a tool that can quickly sift through mountains of information, extracting the most relevant data to help you make informed decisions about your next steps and strategies. This can not only enhance your operational efficiency but also empower your mission to reach even more children in need.

I would love the opportunity to chat more about how this could benefit Thinkerbell Labs and support the amazing work you’re doing with Annie. Let me know if you’d like to set up a time to discuss this further. 

Take care, and I look forward to hearing from you soon!

Warmly,  

Jonathan Novotny",professional,,,
853,175,28888,2528,pending,f,f,2026-01-22 15:06:54.473405+00,Enhancing Your Data Insights with AI,"Hi there, Vivek!

I hope this message finds you well and thriving at Cuemath! 

I wanted to take a moment to introduce you to an innovative AI API designed to help businesses like yours extract valuable insights from large volumes of unstructured financial data, such as SEC filings. As an ed-tech leader, I know how crucial it is for you to make data-driven decisions to enhance your tutoring programs and curriculum development.

This AI solution can sift through mountains of complex financial documents, pulling out the most relevant information swiftly and accurately. Imagine the time and resources you could save, allowing your team to focus on what truly matters—empowering students in their math learning journey! 

I genuinely believe this technology could be a game changer for Cuemath, helping you stay ahead of the curve and make informed choices that benefit your students and your business alike.

I’d love to chat further about how this AI API can fit into your vision. Please let me know a convenient time for you, and I’ll be sure to make myself available!

Take care, 

Jonathan Novotny",professional,,,
854,175,28870,2529,pending,f,f,2026-01-22 15:06:54.473405+00,Enhancing Your Data Insights with AI,"Hi there, Vaibhav!

I hope this message finds you well and thriving at Leap Scholar. I've been following your incredible work in helping students navigate their study abroad journeys, and I must say, it’s truly inspiring!

I wanted to share an exciting opportunity that could elevate your operations even further. Our AI API specializes in extracting and analyzing large volumes of unstructured financial data, like SEC filings. This powerful tool can help you streamline the data processing for your business, allowing you to focus more on what you do best—guiding students toward their dreams.

Imagine having the ability to quickly access and analyze relevant financial insights, all at the click of a button. Not only would this save your team precious time, but it could also enhance the quality of information you provide to your clients, ensuring they make well-informed decisions about their education investments.

I’d love to chat about how we can tailor this solution to meet the unique needs of Leap Scholar. Let me know if you’re available for a quick call or coffee chat—I’m eager to help you explore this further!

Warmly,

Jonathan Novotny",professional,,,
855,175,28900,2525,pending,f,f,2026-01-22 15:06:54.473405+00,Unlocking Insights with AI for Vedantu,"Hi there, Abhinav!  

I hope this message finds you in great spirits! As the AVP Product & Head of E-Commerce at Vedantu, I can only imagine how dedicated you are to providing the best for your students.  

I wanted to share an exciting opportunity that could enhance your platform's capabilities, particularly in extracting valuable insights from large financial unstructured data, like SEC filings. Our AI API is designed to sift through complex data with ease, enabling you to unlock key insights that can inform your strategic decisions.  

Imagine the potential of integrating this technology into your offerings; it could streamline your operations and strengthen your position in the ed-tech space! By automating data extraction, your team would have more time to focus on what truly matters—creating personalized learning experiences for your students.  

I’d love to chat more about how our solution can support Vedantu’s mission and help you make informed decisions with ease. Let me know if you’d be open to a conversation!  

Warmly,  

Jonathan Novotny",professional,,,
856,176,30139,2869,pending,f,f,2026-01-26 14:00:09.306238+00,Elevate Your Storytelling with Rich Media Play,"Hi there, Cliff!

I hope this email finds you well and thriving at AQR Capital Management. I wanted to take a moment to introduce you to Rich Media Play, where we specialize in creating high-impact video, animation, and data-driven storytelling tailored specifically for organizations like yours.

In the fast-paced world of financial services, we understand the importance of delivering polished and strategic content that resonates with both institutional and individual investors. Our team can help you craft compelling narratives that not only inform but also engage your audience, all without the overhead typically associated with traditional agencies.

Imagine the possibilities of showcasing your innovative strategies through captivating visuals and storytelling that highlight your unique approach. We’re here to lighten your load and ensure your message shines bright in today’s competitive landscape.

I would love the opportunity to discuss how we can support your goals at AQR Capital Management. 

Warmly,  

User",professional,,,
857,176,30130,2874,pending,f,f,2026-01-26 14:00:09.306238+00,Elevate Your Storytelling with Rich Media Play,"Hi there, Kenneth!

I hope this message finds you well and thriving at Graham Capital Management. I’ve had the pleasure of learning about your impressive work in systematic and discretionary trading strategies, and I truly admire your dedication to serving institutional clients.

I wanted to take a moment to introduce you to Rich Media Play, where we specialize in creating high-impact video, animation, and data-driven storytelling tailored for organizations just like yours. We understand that in the world of financial services, clarity and precision are paramount, and we’re here to help you convey your message without the burden of agency overhead.

Our team is passionate about producing polished and strategic content that not only resonates with your audience but also elevates your brand's narrative. By partnering with us, you can focus on what you do best—managing investments—while we handle the storytelling that captures your firm's unique strengths and insights.

I would love the opportunity to discuss how we can support Graham Capital Management in sharing your story more effectively. If you’re open to it, let’s set up a time to chat!

Warmly,  

User",professional,,,
858,176,30614,2958,pending,f,f,2026-01-26 14:00:09.306238+00,Elevate Your Storytelling with Rich Media Play,"Hi there, Wilfried!

I hope this email finds you in wonderful spirits! My name is User, and I’m reaching out to introduce you to Rich Media Play. We’re a passionate team dedicated to crafting high-impact video, animation, and data-driven storytelling that helps organizations like Dix Sept Paris shine.

In the world of financial services, where clarity and engagement are key, our polished and strategic content can help elevate your messaging without the burden of agency overhead. Imagine captivating your clients with compelling stories that not only showcase your expertise but also foster trust and connection.

We truly understand the unique challenges faced by financial services companies in the tri-state area, and we would love the opportunity to discuss how we can support your goals. Together, we can create a narrative that resonates with your audience and drives results.

Looking forward to the possibility of collaborating!

Warmly,

User",professional,,,
859,176,30143,2873,pending,f,f,2026-01-26 14:00:09.306238+00,Elevate Your Storytelling with Rich Media Play,"Hi there, Donald!

I hope this message finds you well and thriving at Paloma Partners. I wanted to take a moment to introduce you to Rich Media Play, where we specialize in creating high-impact video, animation, and engaging data-driven storytelling tailored specifically for the financial services sector.

In an industry as dynamic and competitive as investment management, having polished, strategic content can make all the difference. Our team is dedicated to helping firms like yours communicate complex strategies in a clear and compelling way, without the overhead that typically comes with traditional agencies. 

Whether you’re looking to enhance your client presentations, develop educational content, or simply bring your investment insights to life, we’re here to support your vision and goals. We believe that your story deserves to be told beautifully, and we’d love the opportunity to partner with you in creating content that resonates with your audience.

If this sounds like something you’d be interested in, I’d be delighted to chat further. Just let me know a convenient time for you!

Take care,

User",professional,,,
860,176,31948,3354,pending,f,f,2026-01-26 14:00:09.306238+00,Let’s Elevate Your Storytelling Together!,"Hi there, Andrew!

I hope this message finds you well and thriving at Sands Capital. I wanted to take a moment to introduce you to Rich Media Play, where we specialize in crafting high-impact videos, animations, and data-driven storytelling tailored specifically for organizations like yours.

In the ever-evolving financial services landscape, we understand the importance of engaging content that not only captures attention but also conveys your strategic vision. Our polished, strategic solutions can help you communicate your investment strategies and growth potential in a way that resonates deeply with your clients and stakeholders, all without the overhead of a traditional agency.

I’d love the opportunity to chat about how Rich Media Play can partner with Sands Capital to enhance your storytelling efforts and elevate your messaging. If you’re open to it, I’d be delighted to set up a time that works for you!

Looking forward to hearing from you!

Warmly,  

User",professional,,,
861,177,28904,2527,pending,f,f,2026-01-26 14:00:10.690836+00,Unlock the Power of Data with Our AI API!,"Hi there, Mihir!

I hope this email finds you well and thriving at Teachmint! It’s heartwarming to see how your platform is transforming the educational landscape, and I wanted to take a moment to share something that might just sprinkle a little more magic into your operations.

We’ve developed an AI API specifically designed for extracting valuable insights from large volumes of unstructured financial data, such as SEC filings. I reckon this could be a game changer for your team, allowing you to harness data in ways that can enhance decision-making and streamline processes.

Imagine having the ability to quickly analyze financial trends and compliance data without the usual hassle. This API can help you focus more on what truly matters—empowering educators and enriching student experiences—while we handle the heavy lifting of data extraction!

If you’re intrigued, I’d love to chat more about how our AI solution can be tailored to fit the unique needs of Teachmint. 

Looking forward to hearing from you!

Warmly,

Jonathan Novotny",professional,,,
862,177,28908,2527,pending,f,f,2026-01-26 14:00:10.690836+00,Unlock New Insights with Our AI API!,"Hi there, Anshuman!

I hope this message finds you well and thriving at Teachmint. I’ve been following your incredible work in transforming the education sector, and I must say, it’s truly inspiring!

I wanted to share something that I believe could be a game-changer for your team. Our AI-powered API specializes in extracting unstructured financial data, like SEC filings, which can offer valuable insights for your business strategy and decision-making processes. 

Imagine having the ability to seamlessly analyze vast amounts of financial data without the usual hassle! This tool can help you stay ahead of the curve, enabling you to make informed decisions that align with your vision for Teachmint. 

If you’re interested, I’d love to chat more about how this can specifically benefit your operations and help you continue your amazing work in the education space.

Looking forward to hearing from you!

Warmly,  

Jonathan Novotny",professional,,,
864,177,28874,2530,pending,f,f,2026-01-26 14:00:10.690836+00,Exciting Opportunity to Enhance Your Data Processing,"Hi there, Aman!  

I hope this message finds you in good spirits. I'm Jonathan Novotny, and I’m reaching out because I believe we have an exciting opportunity that could help Thinkerbell Labs elevate its mission of creating accessible learning technology for visually impaired children.  

We’ve recently developed an AI API specifically designed for extracting valuable insights from large, unstructured financial data, such as SEC filings. As you know, managing and processing this type of information can be quite the challenge, but our solution can streamline that process, allowing your team to focus on what truly matters—bringing innovative solutions like Annie to life!  

Imagine how much time and resources you could save by automating the extraction and analysis of financial data. This could empower your decision-making and help you stay ahead in this competitive landscape, all while ensuring you continue to meet the unique needs of your audience.  

I would love the chance to discuss this further and see how we can tailor our API to best serve Thinkerbell Labs’ vision. Please let me know if you’d be open to a quick chat!  

Warmly,  

Jonathan Novotny",professional,,,
865,177,28907,2527,pending,f,f,2026-01-26 14:00:10.690836+00,Unlocking the Power of AI for Teachmint,"Hi there, Payoj!  

I hope this email finds you well and thriving at Teachmint! I’ve been keeping an eye on the incredible impact you’re making in the online education space, and I must say, it’s truly inspiring.  

I wanted to reach out to share an exciting opportunity that could streamline some of your processes—our AI API designed for extracting unstructured financial data, such as SEC filings. This tool can help your team quickly gather and analyze important data, providing insights that could enhance your decision-making and support your growth strategy.  

Imagine having the ability to sift through vast amounts of information effortlessly, allowing your educators to focus more on teaching and less on administrative tasks. With our AI API, you can ensure that your platform is always equipped with the latest financial insights to stay ahead of the curve.  

I’d love to discuss this further and see how we can tailor this solution to fit the unique needs of Teachmint. If you have a moment, let’s schedule a call or meeting at your convenience.  

Looking forward to the possibility of working together!  

Warmly,  

Jonathan Novotny",professional,,,
866,178,9706,1366,pending,f,f,2026-01-26 14:00:11.262834+00,"A Sweet Solution for Teamshares, Inc.","Hi there, Ebony!  

I hope this message finds you in great spirits! I'm reaching out to share a delightful opportunity that could truly benefit Teamshares, Inc.  

At Doghouse, we specialize in creating unique solutions tailored to meet the needs of businesses like yours. Our innovative offerings can enhance employee engagement and foster a sense of belonging among your team. By prioritizing employee ownership, you’re already creating a wonderful environment for your folks, and we believe our tools can amplify that sense of community even further.  

Imagine a platform where employees feel even more invested and connected to the success of their business. With the right support, we can help cultivate a culture of ownership that aligns beautifully with your mission.  

I would love the chance to chat further about how Doghouse can support your vision at Teamshares. Let’s connect soon!  

Warmly,  

Demo User",professional,,,
867,178,34862,3973,pending,f,f,2026-01-26 14:00:11.262834+00,A Tail-Wagging Solution for NYSEG!,"Hi there, Jeffrey!

I hope this email finds you well and basking in the beauty of a crisp autumn day up in New York!

I’m reaching out to introduce you to Doghouse—a delightful little solution that just might be the perfect fit for NYSEG. Now, I know what you might be thinking: “What does a doghouse have to do with our electric and natural gas utility?” Well, let me share a bit of charm with you!

Doghouse isn’t just a cozy spot for our four-legged friends; it’s a platform designed to enhance customer engagement and streamline communications with your valued customers. With its intuitive design, it can help you connect with your frog-loving clientele in a way that’s as warm and inviting as a Southern front porch!

Imagine being able to provide updates, address inquiries, and share important information with your customers—whether they’re hopping around their backyards or relaxing in their living rooms. It’s all about creating a seamless experience that keeps your customers informed and satisfied.

I truly believe that by incorporating Doghouse into your customer outreach, NYSEG can leap ahead in enhancing customer satisfaction and loyalty. I would love the opportunity to discuss this with you further and see how we can tailor it to meet your needs.

Thank you for your time, Jeffrey! I’m looking forward to hearing from you.

Warmly,  

Demo User",professional,,,
868,178,10391,1486,pending,f,f,2026-01-26 14:00:11.262834+00,A Tail-Waggin’ Opportunity for BioMarin!,"Hi there, Amy!

I hope this email finds you in good spirits. I wanted to take a moment to introduce you to a delightful addition that could truly enhance your team’s experience at BioMarin Pharmaceutical - our innovative doghouse!

Now, I know you might be wondering, ""What does a doghouse have to do with my work?"" Well, let me tell you, this isn't just any doghouse. It's designed to create a warm and welcoming environment that can help your team members feel more relaxed and inspired. 

Imagine a cozy space where employees can unwind, recharge, and even bring in their furry friends to share some joy during the workday. With studies showing the positive effects of pets on mental well-being, this could be a wonderful way to boost morale and productivity among your talented staff.

I would love to chat about how we can tailor this solution to fit the unique culture at BioMarin. When would be a good time for us to connect?

Looking forward to the possibility of working together!

Warmly,

Demo User",professional,,,
869,178,34888,4009,pending,f,f,2026-01-26 14:00:11.262834+00,Exciting Opportunity for Runwise!,"Hi there, Lee!  

I hope this email finds you in great spirits! I’m reaching out to share something that I believe could be a perfect fit for Runwise.  

Have you ever considered how a doghouse could benefit your unique target customers, those charming frogs? A doghouse can provide a cozy, safe haven for these little critters, ensuring they stay comfortable and happy in their environment. Plus, it can serve as a delightful accessory that adds a touch of warmth to any space.  

Imagine the joy of your customers as they see their froggy friends hop into their very own stylish doghouse! It’s a win-win—enhancing their experience while promoting the whimsical charm that makes Runwise so special.  

I would absolutely love to chat more about how we can make this a reality for your business. Please let me know if you’d like to connect!  

Warmly,  

Demo User",professional,,,
870,178,35175,4145,pending,f,f,2026-01-26 14:00:11.262834+00,A Paw-sitive Partnership Awaits!,"Hi there, Janis!

I hope this email finds you in great spirits! My name is Demo User, and I’m reaching out to share something I think could really bring a wag to your tail over at Christian Brothers Automotive North Dallas.

We’ve recently introduced a delightful product called Doghouse, designed specifically for our furry friends—frogs, in this case! Now, I know what you might be thinking, but let me tell you, this unique offering can help your business in ways you might not expect. 

By incorporating Doghouse into your services, you can attract a new clientele that appreciates the charm of caring for their pets while keeping their vehicles in tip-top shape. It’s all about creating a warm and welcoming experience that resonates with your customers, ultimately enhancing brand loyalty and community connection.

I’d love the chance to discuss how we can work together to make Doghouse a standout feature for your valued customers. 

Looking forward to hearing from you soon!

Warmly, 

Demo User",professional,,,
871,179,30167,2879,pending,f,f,2026-01-27 18:17:08.98017+00,Let’s Elevate Your Storytelling Together!,"Hi there, David!

I hope this email finds you in good spirits! I’m reaching out to introduce you to Rich Media Play, where we specialize in crafting high-impact videos, captivating animations, and data-driven storytelling tailored specifically for organizations like Lone Pine Capital.

In the fast-paced world of financial services, strategic communication is key. Our polished content can help you engage clients and stakeholders more effectively, all without the overhead that often comes with traditional agencies. Whether you’re looking to enhance your brand’s narrative or present complex information in a digestible manner, we’re here to lend a hand.

I’d love to chat about how we can support your goals and help tell your story in a way that resonates. 

Looking forward to connecting!

Warmly, 

User",professional,,,
872,179,30187,2880,pending,f,f,2026-01-27 18:17:08.98017+00,Elevate Your Storytelling with Rich Media Play,"Hi there, Jens!  

I hope this message finds you well! I'm reaching out to introduce you to Rich Media Play, where we specialize in crafting high-impact video, animation, and data-driven storytelling tailored for organizations like Graham Capital Management.  

In today's fast-paced world of financial services, we understand the importance of conveying your message with clarity and polish. Our team is dedicated to helping you create strategic content that resonates with your audience, all without the burdensome overhead of traditional agency costs.  

Whether you're looking to enhance your marketing strategy, engage clients, or simplify complex financial concepts, we’re here to support you every step of the way. Imagine telling your story through captivating visuals that not only inform but also connect with your audience on a deeper level.  

I’d love the opportunity to chat and explore how we can help elevate your communications. Please let me know if you’d be open to a quick call!  

Take care,  

User",professional,,,
873,179,30131,2874,pending,f,f,2026-01-27 18:17:08.98017+00,Elevate Your Storytelling with Rich Media Play,"Hi there, Jens!

I hope this message finds you well and thriving at Graham Capital Management! 

I wanted to take a moment to introduce you to Rich Media Play, where we specialize in crafting high-impact video, animation, and data-driven storytelling. We understand that in the financial services sector, effective communication is key to building trust with your clients and stakeholders. 

Our team is dedicated to providing you with polished, strategic content that resonates without the overhead of a traditional agency. Whether you're looking to explain complex trading strategies or share compelling narratives about your investment philosophy, we’re here to help you elevate your messaging to new heights.

I would love the opportunity to discuss how we can collaborate to enhance your communication efforts and make your valuable insights shine.

Looking forward to hearing from you!

Warmly, 

User",professional,,,
874,179,30161,2877,pending,f,f,2026-01-27 18:17:08.98017+00,Elevate Your Storytelling with Rich Media Play,"Hi there, Delphine!

I hope this message finds you well and thriving at Tudor Investment Corporation! 

I wanted to take a moment to introduce you to Rich Media Play, where we specialize in crafting high-impact video, animation, and data-driven storytelling tailored for organizations just like yours in the financial services sector. 

In today’s fast-paced world, polished and strategic content can set you apart from the competition. Our team understands the unique challenges faced by financial services companies in the tri-state area, and we’re here to help you communicate your brand’s story in a compelling way that resonates with your audience—without the overhead of a traditional agency.

Whether you’re looking to enhance your internal communications or engage clients with impactful visual storytelling, we would love to partner with you to create content that truly reflects the excellence of Tudor Investment Corporation.

If you have a moment, I’d be delighted to discuss how we can support your goals and bring your vision to life. 

Looking forward to the opportunity to connect!

Warmly,  

User",professional,,,
875,179,30140,2869,pending,f,f,2026-01-27 18:17:08.98017+00,Elevate Your Storytelling with Rich Media Play,"Hi there, David!

I hope this message finds you well and thriving at AQR Capital Management. I’m reaching out to introduce you to Rich Media Play, where we specialize in creating high-impact video, animation, and data-driven storytelling tailored specifically for organizations like yours.

In the fast-paced world of financial services, having polished and strategic content can make all the difference. We understand the nuances of your industry, and our team is dedicated to crafting compelling narratives that not only engage your audience but also enhance your brand’s credibility without the hefty agency overhead.

Whether you’re looking to simplify complex data or create engaging presentations for your clients, we can help you communicate your investment strategies and insights in a way that truly resonates. 

I’d love the opportunity to chat more about how we can support AQR Capital Management in telling your unique story. Let me know if you’d be open to a brief conversation!

Take care,

User",professional,,,
876,180,28928,2533,pending,f,f,2026-01-27 18:17:09.674925+00,Unlock Efficiency in Data Extraction with Our AI API,"Hi there, Prakarsh!  

I hope this message finds you well and thriving at EduBridge Learning. It's truly inspiring to see the impact you’re making in workforce development and youth empowerment.  

I wanted to take a moment to introduce you to our latest innovation—a powerful AI API designed specifically for extracting valuable insights from large volumes of unstructured financial data, including SEC filings.  

As you know, managing and analyzing such data can often be a daunting task, but our solution simplifies this process immensely. Imagine having the capability to quickly and accurately extract key information, enabling your team to make informed decisions faster than ever. This can enhance your recruitment solutions and training programs, aligning perfectly with your mission of providing employment-focused vocational training.  

I would love the opportunity to discuss how this technology can be tailored to meet the unique needs of EduBridge and support your ongoing commitment to excellence.  

Thank you for considering this exciting possibility, Prakarsh. I look forward to the chance to chat further!  

Warmly,  

Jonathan Novotny",professional,,,
877,180,28926,2533,pending,f,f,2026-01-27 18:17:09.674925+00,Unlocking Insights from Financial Data,"Hi there, Lovina!  

I hope this message finds you well and thriving at EduBridge Learning. Your commitment to developing the workforce and creating opportunities for so many young folks is truly inspiring!  

I wanted to take a moment to share something that could enhance your already impressive suite of services. We’ve recently introduced an AI API specifically designed for extracting insights from large volumes of unstructured financial data, like SEC filings. With the financial landscape constantly evolving, having quick and reliable access to this data can provide a significant edge in your recruitment and training strategies.  

Imagine being able to sift through mountains of financial documents with ease, pinpointing trends and insights that could inform your vocational training programs. This API can help streamline your processes and empower your team to make data-driven decisions, thus boosting your already commendable placement track record!  

If you think this might be of interest, I’d love to chat further about how we can tailor this solution to fit your needs.  

Looking forward to hearing from you soon!  

Warmly,  

Jonathan Novotny",professional,,,
878,180,28927,2533,pending,f,f,2026-01-27 18:17:09.674925+00,Unlocking Insights with AI for Your Team,"Hi there, Parth!

I hope this email finds you in great spirits! As the Senior Vice President at EduBridge Learning, I know you're constantly on the lookout for innovative solutions to enhance your workforce development initiatives. 

I wanted to share an exciting opportunity for your team to leverage our AI API, specifically designed for extracting valuable insights from large volumes of unstructured financial data, like SEC filings. Imagine transforming those intricate documents into actionable intelligence that can bolster your vocational training and recruitment solutions. 

With this technology, you can streamline data processing, making it easier to analyze trends in the BFSI and IT/ITES sectors. It can help you better understand market demands and tailor your training programs to ensure that the young talent you're nurturing is equipped with the skills that employers are truly seeking.

I would love to discuss how this could be a game-changer for EduBridge Learning and support your mission of empowering the youth of India.

Looking forward to hearing from you!

Warmly,  

Jonathan Novotny",professional,,,
879,180,28898,2525,pending,f,f,2026-01-27 18:17:09.674925+00,Unlocking Insights from Financial Data,"Hi there Saurabh,

I hope this email finds you well and thriving at Vedantu! I’ve been following your incredible work in the online learning space, and I must say, your commitment to personalized education is simply inspiring.

I wanted to take a moment to introduce you to a powerful AI API designed specifically for extracting insights from large volumes of unstructured financial data, like SEC filings. In a world where information flows faster than a summer storm, having the right tools to sift through that data can be a game changer.

Imagine the ease with which your team could access critical financial insights, enabling you to make more informed decisions. By streamlining the data extraction process, this AI API can help you save time and resources, allowing you to focus more on what truly matters—providing exceptional learning experiences for your students.

I’d love to discuss how this technology could align with your goals at Vedantu. If you’re open to it, I’d be delighted to set up a time to chat!

Looking forward to connecting!

Warmly,  

Jonathan Novotny",professional,,,
880,180,28921,2538,pending,f,f,2026-01-27 18:17:09.674925+00,Unlock Insights from SEC Filings with Our AI API,"Hi there, Alekhya!  

I hope this email finds you well and thriving at EduTech India!  

I wanted to take a moment to introduce you to an innovative AI API that could be a real game changer for your business. Our technology specializes in extracting valuable insights from large volumes of unstructured financial data, including SEC filings.  

Imagine having the ability to quickly and accurately analyze complex financial documents, allowing your team to make well-informed decisions with ease. This could not only save precious time but also enhance your strategic planning efforts and drive growth.  

I truly believe that integrating our AI API could provide EduTech India with a significant edge in the ever-evolving market landscape. I’d love the opportunity to discuss this further and see how we can tailor it to meet your specific needs.  

Looking forward to hearing from you soon!  

Warmly,  

Jonathan Novotny",professional,,,
881,181,18259,2005,pending,f,f,2026-01-27 18:17:10.037795+00,Discover How Doghouse Can Enhance Your Offerings!,"Hi there, Joseph!

I hope this message finds you well and thriving at ClearPoint Neuro. I wanted to take a moment to introduce you to Doghouse, a unique platform that could be a real game-changer for your business.

Doghouse specializes in streamlining processes and enhancing customer interactions, especially for the medical technology field. With an emphasis on supporting minimally invasive procedures, our platform can help you connect with your target audience—those little froggies who are hopping for the best in care and technology.

Imagine how Doghouse could facilitate smoother communication and engagement for those seeking innovative neurosurgical solutions. By leveraging our tools, you can create a more efficient experience that resonates with your customers, ultimately leading to better outcomes for everyone involved.

I’d love the opportunity to discuss how we can work together to elevate ClearPoint Neuro's offerings. If you're interested, just let me know a time that works for you!

Warmly,  

Demo User",professional,,,
882,181,35178,4148,pending,f,f,2026-01-27 18:17:10.037795+00,A Charming Solution for Your Business Needs!,"Hi there, Janis!

I hope this message finds you in great spirits! I wanted to take a moment to introduce you to Doghouse, a delightful solution that could bring a little extra flair to Christian Brothers Automotive North Dallas.

Now, I know you’re probably wondering how a doghouse fits into the picture, but let me explain! Just like a cozy spot for our furry friends, Doghouse is designed to create a welcoming environment for your customers. It’s all about enhancing the experience and building those strong relationships that keep folks coming back for more. 

Imagine if your clients could enjoy a little extra comfort while they wait for their vehicles. With Doghouse, we can help you create a friendly atmosphere that resonates with your target audience. It’s perfect for bringing a smile to their faces and making their experience with you truly memorable.

I’d love to chat more about how we can tailor Doghouse to fit your unique needs and goals at Christian Brothers Automotive. Let me know if you’d be interested in a quick call or meeting!

Wishing you a wonderful day ahead!

Warmly,  

Demo User",professional,,,
883,181,32177,3397,pending,f,f,2026-01-27 18:17:10.037795+00,A Unique Opportunity for Argonne Capital Group,"Hi there, Bill!  

I hope this message finds you well and enjoying a beautiful day!  

I’m reaching out to share something I truly believe could be a delightful addition to Argonne Capital Group’s portfolio. Have you ever thought about how our furry friends can bring joy and value to our lives? Well, I’d like to introduce you to Doghouse!  

At Doghouse, we specialize in creating charming and innovative doghouses that not only serve as cozy retreats for our four-legged companions but also represent a growing market opportunity. With your expertise in long-term ownership and operational growth, I see a wonderful synergy here.  

Imagine positioning Doghouse as a leading player in the pet industry, tapping into the hearts of dog lovers everywhere. This could be a fantastic way for Argonne Capital Group to diversify its investments while also creating meaningful, long-lasting connections with customers who truly care for their pets.  

I’d love to chat more about how Doghouse can align with your vision and values at Argonne Capital Group. Please let me know a time that works for you, and I’ll be happy to arrange a call!  

Take care,  

Demo User",professional,,,
884,181,35221,4151,pending,f,f,2026-01-27 18:17:10.037795+00,A Little Something for Our Frog Friends!,"Hi there, Zvi!

I hope this email finds you in great spirits! I wanted to take a moment to introduce you to something special that I believe could be a delightful addition to Freightos—our innovative doghouse.

Now, you might be wondering how a doghouse relates to your business. Well, think of it as a cozy haven for our frog friends. With the right niche market, these little green critters can hop right into the spotlight, and the doghouse provides a charming space for them to thrive. 

By incorporating the doghouse into your offerings, you could attract a unique customer base that’s all about creating a welcoming environment for frogs. It’s a fun way to engage with your audience while also promoting sustainability and care for our amphibian buddies.

I’d be thrilled to chat more about how this could work for Freightos and your vision. Let’s hop on a call sometime soon!

Warmly,

Demo User",professional,,,
885,181,8638,1158,pending,f,f,2026-01-27 18:17:10.037795+00,A Little Something to Leap Into New Opportunities!,"Hi there, Jimmy!

I hope this email finds you well and enjoying a lovely day at Propel, Inc. It's truly inspiring to see how your team is dedicated to improving access to financial services for those who need it most. 

I wanted to take a moment to introduce you to Doghouse, a delightful platform designed to help businesses like yours connect with your target audience more effectively. With our focus on user engagement, we believe Doghouse can be a perfect fit for Propel, especially when reaching out to your unique clientele.

Imagine being able to engage your frog users with tailored content that speaks to their needs and aspirations! Doghouse can help streamline your outreach efforts, ensuring that the underserved communities you serve receive the support and information they truly deserve. 

I would love to chat more about how Doghouse can help propel your mission forward! If this piques your interest, let me know a good time for us to connect.

Wishing you all the best in your endeavors!

Warmly,

Demo User",professional,,,
886,182,30197,2884,pending,f,f,2026-01-28 18:11:45.576597+00,Transform Your Storytelling with Rich Media Play,"Hi there, Jeff!

I hope this email finds you well and thriving at Crawford Lake Capital. I wanted to take a moment to introduce you to Rich Media Play, where we specialize in crafting high-impact video, animation, and data-driven storytelling tailored specifically for organizations like yours. 

In the fast-paced world of investment management, standing out is key, and we understand that polished, strategic content can make all the difference. Our team is dedicated to providing you with top-notch media solutions without the hefty agency overhead. We focus on bringing your unique narrative to life, ensuring your clients and stakeholders feel truly engaged and informed.

Imagine showcasing your customized portfolio solutions and wealth management services through captivating visuals that resonate with your audience. We believe our approach could enhance your communication efforts and strengthen your relationships with high-net-worth individuals and institutions in the tri-state area.

I would love the opportunity to chat further about how Rich Media Play can support your goals. 

Warmly, 

User",professional,,,
887,182,30211,2888,pending,f,f,2026-01-28 18:11:45.576597+00,Elevate Your Storytelling with Rich Media Play,"Hi there, Douglas!

I hope this note finds you well and thriving at Princeton Equity Group. I’m reaching out to share something that could add a delightful touch to your communications and marketing efforts.

At Rich Media Play, we specialize in creating high-impact video, animation, and data-driven storytelling tailored for organizations like yours. We understand that in the financial services realm, clear and polished content is paramount, especially when you’re guiding middle-market companies to success. Our approach ensures you receive strategic, engaging content without the overhead of traditional agency costs. 

Imagine the possibilities of showcasing your investment stories and success narratives through captivating visuals and compelling storytelling. We’d love the opportunity to partner with you in crafting content that resonates with your audience and elevates your brand.

If you're interested, I’d be thrilled to discuss how we can help Princeton Equity Group shine even brighter. 

Looking forward to hearing from you!

Best regards,  

User",professional,,,
888,182,30186,2880,pending,f,f,2026-01-28 18:11:45.576597+00,Elevate Your Storytelling with Rich Media Play,"Hi there, Kenneth!

I hope this email finds you well and thriving at Graham Capital Management. I wanted to take a moment to introduce you to Rich Media Play, a company that specializes in producing high-impact video, animation, and data-driven storytelling tailored for organizations just like yours.

In the fast-paced world of financial services, having polished and strategic content is more important than ever. Our team can help you craft engaging narratives that not only captivate your audience but also convey your expertise without the burden of agency overhead. We understand that your time is valuable, and we aim to make the process as smooth as sweet tea on a summer day!

Whether you’re looking to enhance your marketing materials, engage clients, or share insightful data, our services can provide the storytelling flair that sets you apart in the tri-state area.

I would love the opportunity to discuss how we can support Graham Capital Management’s goals and help you shine even brighter in your industry.

Best regards,

User",professional,,,
889,182,30177,2881,pending,f,f,2026-01-28 18:11:45.576597+00,Elevate Your Storytelling with Rich Media Play,"Hi there, Taylor!

I hope this note finds you well and thriving at Silver Point Capital. I’m reaching out to share a little bit about how Rich Media Play can help elevate your firm’s storytelling through high-impact video, animation, and data-driven content.

In today’s fast-paced financial landscape, having polished and strategic content is more important than ever. We specialize in creating bespoke media solutions that resonate with your audience, all without the agency overhead. Our team understands the unique challenges faced by hedge funds, and we’re committed to crafting narratives that not only inform but also inspire confidence and trust in your clients.

From captivating animated videos to insightful storytelling that showcases your expertise, we’re here to make your vision come to life. I’d love the opportunity to discuss how we can partner together to enhance your communication strategies.

Looking forward to hearing from you!

Warmly,  

User",professional,,,
890,182,30199,2882,pending,f,f,2026-01-28 18:11:45.576597+00,Unleashing the Power of Storytelling for New Vernon Capital,"Hi there, Arshad!

I hope this email finds you in good spirits. I wanted to take a moment to introduce you to Rich Media Play, where we specialize in creating high-impact video, animation, and data-driven storytelling tailored specifically for organizations like New Vernon Capital.

In the fast-paced world of financial services, having polished and strategic content can truly set you apart. Our team understands the unique needs of hedge funds and asset management firms, and we're here to help you communicate your expertise in multi-asset and alternative investments with clarity and flair. 

With our services, you can showcase your investment strategies and insights in a way that resonates with high net worth individuals, families, and institutions, all without the overhead of a traditional agency. Imagine the possibilities of connecting with your audience through captivating storytelling that highlights your focus on India and global emerging markets!

I'd love to explore how we can collaborate to elevate your messaging and engage your clients more effectively. Please let me know if you’d be open to a chat.

Looking forward to your thoughts!

Warmly,  

User",professional,,,
891,183,9917,1402,pending,f,f,2026-01-28 18:11:46.762218+00,A Special Introduction Just for You!,"Hi there, Patrik!

I hope this email finds you well and thriving at Athebio. I wanted to take a moment to introduce you to an innovative solution that I believe could truly benefit your team, especially in the exciting field of immuno-oncology and precision medicine.

At Doghouse, we specialize in developing tools tailored for unique customer profiles, and it sounds like your target audience, particularly the frog enthusiasts, could really hop to new heights with our offerings. Our platform is designed to streamline processes, enhance customer engagement, and ultimately help drive the mission of creating groundbreaking therapies. 

Imagine the possibilities of connecting with your audience in a way that resonates with their specific needs and interests. With our support, Athebio can continue to lead the charge in transforming healthcare solutions, all while making those meaningful connections with your frog-loving clientele.

I would love the opportunity to discuss how Doghouse can be a valuable partner in your journey. Please let me know if you’d be available for a chat!

Warmly,

Demo User",professional,,,
892,183,9030,1242,pending,f,f,2026-01-28 18:11:46.762218+00,Discover a New Approach to Finding Your Perfect Fit!,"Hello Josh!

I hope this email finds you in great spirits! I’m reaching out to introduce you to something that might just hop right into your business strategy—our innovative doghouse solution!

At Send2, we believe that finding the right talent is much like finding the perfect home. Just as a cozy doghouse provides shelter and comfort, our platform offers a warm, welcoming space for candidates to connect with leading opportunities in the biotech, pharma, and healthcare fields. 

With Klein Hersh’s commitment to delivering precision search services, I truly believe our doghouse can help streamline your recruitment process, ensuring that you find those exceptional leaders who will truly thrive in their roles. Our tools are designed to enhance the candidate experience, making it easier for you to identify top-tier talent in a competitive market.

I would love to chat more about how we can support your goals at Klein Hersh. Do let me know if you have a moment to connect!

Take care, 

Demo User",professional,,,
893,183,9916,1402,pending,f,f,2026-01-28 18:11:46.762218+00,A Unique Opportunity for Athebio,"Hi there, Thomas!

I hope this email finds you well and in good spirits! I'm reaching out to introduce you to something that could truly complement the incredible work you’re doing at Athebio. 

We’ve developed an innovative solution called Doghouse, designed specifically to enhance efficiency for companies like yours in the biotechnology field. Think of it as the cozy nook where your team can gather their creative thoughts and drive collaboration, particularly in the exciting realms of immuno-oncology and precision medicine. 

Doghouse isn’t just a tool; it’s a genuine partner in fostering teamwork and innovative thinking, helping to streamline processes and ultimately support your mission of developing groundbreaking therapies. I believe it could be a wonderful fit for your dedicated team at Athebio, allowing you to focus even more on what you do best. 

I’d love to chat further about how Doghouse can be tailored to suit your needs. Let me know if you have a moment to connect!

Take care, 

Demo User",professional,,,
894,183,35194,4154,pending,f,f,2026-01-28 18:11:46.762218+00,A Little Something Special for SmartBarrel!,"Hi there, Albert!

I hope this email finds you in good spirits! I wanted to reach out to share a delightful opportunity that I believe could truly benefit SmartBarrel’s innovative approach to labor tracking in construction.

Allow me to introduce our charming product, Doghouse. It’s designed to help streamline and enhance communication with your target customers—those wonderful frogs in the construction industry. With a user-friendly interface and robust features, Doghouse makes it easier than ever to track labor efficiently, ensuring that your team can focus on what they do best.

Imagine having a tool that not only simplifies your processes but also resonates with your target audience. Doghouse can help you engage with your frog customers in a way that feels personal and meaningful, ultimately fostering stronger relationships and boosting your business’s growth.

I would love the chance to chat more about how Doghouse can be a perfect fit for SmartBarrel. Please let me know if you’d like to set up a time to connect!

Take care, 

Demo User",professional,,,
895,183,18295,2009,pending,f,f,2026-01-28 18:11:46.762218+00,A Unique Opportunity for NuVasive!,"Hi there, Matthew!

I hope this email finds you well and enjoying a lovely day! I'm reaching out from Send2 with some exciting news that I believe could be a great fit for NuVasive.

We’ve developed a unique product called Doghouse that specializes in streamlining communication within organizations. Just like a cozy abode for our four-legged friends, Doghouse provides a safe and efficient space for your team to collaborate, share insights, and foster creativity. 

Given NuVasive’s commitment to innovation in spine surgery technologies, I truly believe our Doghouse could enhance teamwork and communication among your talented team. It’s designed to keep everyone connected, ensuring that every voice is heard as you work towards those groundbreaking advancements in minimally invasive procedures.

I’d love the chance to discuss how Doghouse can help elevate your operations at NuVasive. Please let me know if you’d be open to a brief chat!

Looking forward to hearing from you!

Warmly,

Demo User",professional,,,
896,184,28962,2540,pending,f,f,2026-01-28 18:11:47.554059+00,Unlocking New Possibilities with AI Data Extraction,"Hi there, Nitin!  

I hope this email finds you well and thriving at ALLEN Career Institute. I wanted to take a moment to share something that I believe could be a real game changer for your team.  

As you know, navigating the vast ocean of financial unstructured data—like SEC filings—can be quite the challenge. That's where our AI API comes in. It’s designed to streamline the extraction process, providing you with valuable insights and saving your team countless hours of manual work.  

Imagine having the ability to quickly access and analyze crucial data, enabling your decision-makers to focus more on strategy and less on sifting through paperwork. With this tool, I truly believe ALLEN Career Institute could enhance its operational efficiency and ultimately serve your students and staff even better.  

I’d be delighted to discuss this further and explore how we can tailor our solution to fit your unique needs. Please let me know a convenient time for you, and I’d be more than happy to chat!  

Take care,  

Jonathan Novotny",professional,,,
897,184,28963,2540,pending,f,f,2026-01-28 18:11:47.554059+00,Unlocking New Insights with AI for Your Data Needs,"Hello Brajesh!  

I hope this message finds you well and thriving at ALLEN Career Institute!  

I wanted to take a moment to introduce you to an exciting opportunity that could truly benefit your team. Our AI API specializes in extracting valuable insights from large financial unstructured data, such as SEC filings. I believe this could be a game-changer for your operations, especially in making sense of complex data and driving informed decisions.  

By harnessing our AI technology, your team can streamline the processing of vast amounts of information, allowing for quicker analysis and more strategic planning. Imagine the time and resources you could save, all while enhancing the quality of insights you gather!  

I would love to chat further about how this could fit into your current processes at ALLEN Career Institute. If you’re open to it, please let me know a convenient time for us to connect.  

Take care, and I look forward to hearing from you!  

Warmly,  

Jonathan Novotny",professional,,,
898,184,28964,2540,pending,f,f,2026-01-28 18:11:47.554059+00,Exciting AI API for Financial Data Extraction,"Hi there, Rajesh!

I hope this message finds you in good spirits. My name is Jonathan Novotny, and I'm reaching out to share something that could truly enhance the way ALLEN Career Institute navigates financial data.

We’ve recently developed an AI API designed specifically for large-scale unstructured data extraction, such as SEC filings. This innovative tool can help streamline the process of analyzing financial information, making it faster and more accurate than ever before. 

Imagine the time and resources you could save by automating the extraction of vital data — it could free up your team to focus on what they do best: helping students achieve their dreams in engineering and medical fields. 

I would love the opportunity to discuss how this solution can align with your goals at ALLEN Career Institute, and I’m genuinely excited to see how we can support your mission.

Looking forward to hearing from you soon!

Warmly,  

Jonathan Novotny",professional,,,
899,184,28887,2528,pending,f,f,2026-01-28 18:11:47.554059+00,Unlocking Insights with AI for Cuemath,"Hi there, Manan!

I hope this email finds you doing well and enjoying a beautiful day!

I wanted to take a moment to reach out and share something that I believe could be a game-changer for Cuemath. As you continue to foster a nurturing learning environment for K-12 students, I understand how important it is to stay ahead of the curve, especially when it comes to data.

We’ve developed an AI API specifically designed to extract valuable insights from large unstructured financial data, like SEC filings. Imagine having the ability to effortlessly sift through mountains of information, allowing you to focus on what truly matters—empowering students with exceptional math learning experiences.

This technology could not only save time but also enhance your decision-making processes by providing clearer, actionable insights. Just think about the ways you could leverage this information to stay informed about market trends and competition, ensuring that Cuemath remains a leader in the ed-tech space.

I’d love to chat more about how this could fit into your vision for Cuemath. Would you be open to a conversation in the coming days?

Looking forward to hearing from you!

Take care,

Jonathan Novotny",professional,,,
900,184,28943,2539,pending,f,f,2026-01-28 18:11:47.554059+00,Unlocking Insights from Financial Data,"Hi there, Nitin!

I hope this email finds you well and thriving at Motion Education Pvt Ltd. As someone who truly admires the impact of your work in the educational sector, I wanted to take a moment to share something that could be of great benefit to your organization.

In today's fast-paced world, managing and extracting valuable insights from unstructured financial data, like SEC filings, can feel like a daunting task. That's where our AI API steps in! It’s designed to streamline the extraction process, allowing you to focus on what you do best—empowering students and enhancing learning experiences.

Imagine having the ability to easily access and analyze vast amounts of financial information with just a few clicks. This can help Motion Education make informed decisions, identify trends, and ultimately provide even better learning solutions tailored to the needs of your students.

I would love the opportunity to discuss how our AI API can be tailored to fit your unique requirements. Please let me know a convenient time for you, and we can explore this exciting possibility together!

Looking forward to hearing from you soon!

Warmly,  

Jonathan Novotny",professional,,,
901,185,28945,2539,pending,f,f,2026-01-29 14:06:46.152998+00,Unlocking New Opportunities with AI,"Hi there, Ankit!  

I hope this message finds you well and thriving at Motion Education Pvt Ltd!  

I wanted to take a moment to share something that I believe could truly enhance the way your team approaches data management and analysis—our AI API designed specifically for extracting valuable insights from large volumes of unstructured financial data, such as SEC filings.  

In today's fast-paced educational environment, having quick access to accurate financial information can be a game-changer. Our API streamlines the process of data extraction, allowing your team to focus more on strategic decision-making rather than sifting through countless documents. This could not only save time but also empower your branding strategies with insights that are both timely and relevant.  

I would love the opportunity to discuss how this solution could fit into your current operations and support the incredible work you’re doing at Motion Education.  

Looking forward to hearing your thoughts!  

Warmly,  

Jonathan Novotny",professional,,,
902,185,32507,3461,pending,f,f,2026-01-29 14:06:46.152998+00,Unlocking Insights from Financial Data for FieldPie,"Hi there, Alparslan!

I hope this message finds you well and thriving over at FieldPie. I’ve been following your impressive work in plumbing software and how you’re making waves in the home services industry. 

I wanted to share something exciting that could really complement your operations. Our AI-powered API specializes in extracting valuable insights from large volumes of unstructured financial data, like SEC filings. This could be a game-changer for you, especially in analyzing market trends and enhancing decision-making efficiency.

Imagine having the ability to effortlessly sift through mountains of data, pulling out the nuggets that matter most to your business. It could help you stay ahead of the competition, optimize your service offerings, and ultimately provide even better experiences for your customers. 

I would love to chat more about how this could fit into your vision at FieldPie. Let me know if you’re open to a quick call or coffee chat!

Take care, 

Jonathan Novotny",professional,,,
903,185,28941,2545,pending,f,f,2026-01-29 14:06:46.152998+00,Unlock the Power of Unstructured Data with AI,"Hi there, Sach!

I hope this email finds you in good spirits. I’m reaching out to share something I believe could be a real game changer for Paradiso Solutions.

As you know, the financial landscape is overflowing with unstructured data, especially from sources like SEC filings. Our innovative AI API specializes in extracting and organizing this treasure trove of information, allowing you to make better-informed decisions and streamline your processes.

Imagine the time and resources you could save by automating the extraction of crucial data points, enabling your team to focus on what truly matters—delivering exceptional e-learning solutions. This technology could enhance your offerings and provide your clients with deeper insights into the financial aspects of their training investments.

I’d love to chat more about how this could specifically benefit Paradiso Solutions. Could we schedule a time to discuss this further? 

Looking forward to hearing from you!

Warmly,

Jonathan Novotny",professional,,,
904,185,28925,2533,pending,f,f,2026-01-29 14:06:46.152998+00,Unlock New Insights with Our AI API,"Hi there, Girish!

I hope this email finds you in great spirits! I'm Jonathan Novotny, and I've been following the remarkable work that EduBridge Learning has been doing to empower young minds across India. Your commitment to workforce development truly warms my heart!

I wanted to take a moment to introduce you to our AI API designed specifically for extracting valuable insights from large financial unstructured data, like SEC filings. This innovative tool can help streamline your data analysis processes, allowing you to focus on what matters most—providing top-notch training and solutions for your talented learners.

By incorporating our AI API into your operations, you can effortlessly sift through mountains of unstructured data, uncovering critical information that can guide your strategic decisions. Imagine the time and resources you could save, all while enhancing your ability to stay ahead in the fast-paced BFSI and IT/ITES sectors!

I genuinely believe that this technology could complement the fantastic work you’re already doing at EduBridge, and I would be thrilled to discuss how we can tailor our solution to fit your unique needs.

Please let me know if you’d like to chat further! I’m here and ready to help.

Warmly, 

Jonathan Novotny",professional,,,
905,185,28947,2539,pending,f,f,2026-01-29 14:06:46.152998+00,Unlocking Insights from Financial Data,"Hi there, Prateek!

I hope this message finds you well and thriving at Motion Education Pvt Ltd. 

I wanted to take a moment to share something that could truly enhance your operations, particularly when it comes to extracting valuable insights from financial data like SEC filings. Our AI API specializes in transforming large volumes of unstructured data into structured, actionable insights. 

Imagine the time and resources your team could save while gaining deeper insights to make informed decisions. With our solution, you can streamline your data extraction process, allowing you to focus more on what really matters—providing exceptional educational solutions to your clients. 

If this sounds like something that could benefit your business, I’d love to chat further and explore how we can support your goals at Motion Education. 

Warmly, 

Jonathan Novotny",professional,,,
906,186,29004,2555,pending,f,f,2026-01-30 14:00:32.799327+00,Unlocking Insights with AI for Your Financial Data,"Hi there, Dhumil!

I hope this message finds you well and thriving at Klassroom Edutech. I wanted to take a moment to share something I believe could be a real game-changer for your business.

We’ve developed an AI API specifically designed for extracting valuable insights from large, unstructured financial data, like SEC filings. Imagine having the ability to sift through all that complex information with ease, enabling you to make more informed decisions and streamline your operations. 

This tool can not only save you time but also provide you with the insights you need to drive your company forward. I truly believe it could complement the great work you’re already doing at Klassroom Edutech. 

If you’re interested, I’d love to chat more about how this can fit into your plans. Just let me know a time that works for you!

Take care, 

Jonathan Novotny",professional,,,
907,186,29002,2555,pending,f,f,2026-01-30 14:00:32.799327+00,Discover a New Way to Handle Financial Data,"Hi there, Dhruv!

I hope this email finds you well and thriving at Klassroom Edutech. I wanted to reach out and share something that I believe could be a wonderful fit for your team.

We've recently developed an AI API specifically designed for extracting unstructured financial data, such as SEC filings. I know that handling large volumes of data can be quite a challenge, especially in today’s fast-paced environment. Our solution can streamline this process, saving your team precious time and resources.

By utilizing our AI API, you can effortlessly extract insights and improve decision-making, all while reducing the burden of manual data processing. Imagine the possibilities of having accurate, real-time data at your fingertips! 

I would simply love the chance to discuss how this could benefit Klassroom Edutech. If you're interested, please let me know a time that works for you, and I’d be happy to set up a chat.

Wishing you a delightful day ahead!

Warmly,

Jonathan Novotny",professional,,,
908,186,29006,2555,pending,f,f,2026-01-30 14:00:32.799327+00,Unlock the Power of AI for Your Data Needs,"Hi there, Alka!  

I hope this email finds you in great spirits! I wanted to take a moment to introduce you to an exciting opportunity that could truly benefit Klassroom Edutech.  

We’ve recently developed a cutting-edge AI API designed specifically for extracting large volumes of unstructured financial data, such as SEC filings. This tool can not only streamline the data collection process but also enhance your data analysis capabilities, allowing your team to focus more on strategic initiatives rather than getting bogged down by manual data extraction.  

Imagine having insights at your fingertips with just a few clicks—making informed decisions faster and more efficiently than ever before. I truly believe this could elevate your operations and support your mission at Klassroom Edutech.  

If you’re interested, I’d love to chat more about how we can tailor this solution to fit your needs.  

Looking forward to hearing from you!  

Warmly,  

Jonathan Novotny",professional,,,
909,186,28930,2533,pending,f,f,2026-01-30 14:00:32.799327+00,Unlocking New Opportunities with AI for Financial Data,"Hi there, Maya!

I hope this email finds you in great spirits! I’m Jonathan Novotny, and I’m reaching out to share something I believe could be a game-changer for EduBridge Learning.

We’ve developed an AI API specifically designed for extracting insights from large volumes of unstructured financial data, such as SEC filings. Given EduBridge’s impressive commitment to workforce development in the BFSI sector, I think our solution could significantly enhance your operational efficiency and data-driven decision-making.

Imagine having the ability to swiftly analyze and derive actionable insights from complex financial documents without the usual hassle. This could not only save your team valuable time but also empower you to provide even more informed guidance to your students and partners.

I would love the opportunity to discuss how this technology can align with your goals at EduBridge and support your mission of shaping the future workforce. 

Looking forward to connecting soon!

Warmly,  

Jonathan Novotny",professional,,,
910,186,28972,2547,pending,f,f,2026-01-30 14:00:32.799327+00,Exciting AI Solutions for Your Data Needs!,"Hello Michael!

I hope this email finds you well and in good spirits. I wanted to reach out to share some exciting news about an AI API designed specifically for extracting valuable insights from large volumes of unstructured financial data—like SEC filings.

At Mexus Education Pvt Ltd, I know you are always seeking innovative ways to enhance your offerings and provide personalized learning solutions. This powerful AI tool can help streamline the data extraction process, freeing up your team to focus on what they do best—creating exceptional educational experiences for students.

Imagine the time saved and the insights gained from automating the extraction of vital information from complex financial documents. This could aid in strategic decision-making and bolster your educational innovations, ultimately benefiting both your team and your students.

I’d love the opportunity to discuss how this AI API could be a game-changer for Mexus Education. Please let me know a convenient time for us to chat.

Looking forward to connecting!

Warmly,  

Jonathan Novotny",professional,,,
911,187,28985,2552,pending,f,f,2026-02-02 14:00:30.364436+00,Unlocking Potential with AI for Your Data Needs,"Hi there, Kashyap!

I hope this message finds you well and thriving at Simplilearn! 

I wanted to take a moment to share an exciting opportunity that could really make a difference for your team, especially when it comes to handling large volumes of unstructured financial data. Our AI API specializes in extracting insights from SEC filings and similar documents, which could be a game-changer for your courses in data science and beyond.

Imagine streamlining the way your students and professionals process complex financial information. With our solution, they can focus more on analysis and insight rather than getting bogged down in the data extraction process. It not only saves time but also enhances the learning experience by providing real-world applications of AI technology.

I’d love to chat more about how this can align with what you’re doing at Simplilearn and see how we can support your mission of empowering professionals. 

Looking forward to your thoughts!

Warmly,  

Jonathan Novotny",professional,,,
912,187,32510,3458,pending,f,f,2026-02-02 14:00:30.364436+00,Unlocking Insights from Financial Data,"Hi there, Michael!

I hope this message finds you well and thriving at Housecall Pro. I wanted to take a moment to share something that I believe could really benefit your team and enhance your operations.

We’ve developed an AI API specifically designed for extracting valuable insights from large sets of unstructured financial data, like SEC filings. I know that managing and interpreting this kind of information can be quite the task, especially in the fast-paced world of plumbing services and financial compliance. 

Our tool aims to streamline this process, allowing you to automate and simplify the extraction and analysis of crucial data. This means your team can focus more on what they do best—providing exceptional service to your clients—while our AI takes care of the heavy lifting in data management. 

I’d love to discuss how this could fit into your current systems and help Housecall Pro stay ahead of the curve. Would you be open to a conversation about it?

Wishing you all the best!

Warmly,  

Jonathan Novotny",professional,,,
913,187,28987,2552,pending,f,f,2026-02-02 14:00:30.364436+00,Unlocking Insights with AI for Simplilearn,"Hi there, Archana!

I hope this message finds you well and thriving at Simplilearn. It’s such an exciting time for online education, and I wanted to share something that I believe could truly enhance your efforts in delivering top-notch training and certification programs.

We’ve developed an AI API specifically designed for extracting valuable insights from large financial unstructured data, like SEC filings. This tool can help streamline the process of data analysis, allowing your team to focus on what they do best—educating and empowering professionals in their careers.

Imagine the possibilities of having instant access to critical financial information, transforming the way your courses are developed and updated. With our AI API, you can provide learners with the most current and relevant data, setting them up for success in the fast-paced world of finance and beyond.

I’d love the opportunity to discuss how this could fit into Simplilearn’s offerings and support your mission to provide exceptional learning experiences. 

Looking forward to hearing from you!

Warmly,  


Jonathan Novotny",professional,,,
914,187,28951,2543,pending,f,f,2026-02-02 14:00:30.364436+00,Unlocking Potential in Financial Data with AI,"Hi there, Divya!

I hope this message finds you well and thriving at Safeducate Learning Pvt Ltd. I’ve been following your remarkable work in professional education and training, and I truly admire your commitment to empowering individuals in finance and skill development.

I wanted to share a little gem with you: our AI API designed for extracting insights from large unstructured financial data, such as SEC filings. This powerful tool can help your team streamline the process of analyzing complex data, allowing for more informed decision-making and enhanced educational offerings.

Imagine the possibilities! With this technology, you could provide your students with real-time insights and case studies, enriching their learning experience and preparing them even better for the financial world.

If this sounds like something that could be beneficial to your courses at Safeducate, I’d love to chat further and explore how we can support your vision.

Looking forward to connecting!

Warmly,  

Jonathan Novotny",professional,,,
915,187,29016,2558,pending,f,f,2026-02-02 14:00:30.364436+00,Unlocking Insights from Financial Data,"Hi there, Aniruddha!  

I hope this email finds you well and thriving at Fireblaze AI School. I wanted to take a moment to share something that I believe could truly benefit your organization.  

We have developed an innovative AI API designed specifically for extracting insights from large volumes of unstructured financial data, such as SEC filings. Imagine being able to sift through those dense documents with ease, uncovering valuable insights that can help inform your decisions and strategies.  

By automating the data extraction process, your team can save precious time and resources, allowing you to focus on what really matters—creating impactful learning experiences for your students. This technology not only enhances efficiency but also improves accuracy, ensuring that you're making decisions based on the most reliable data available.  

I would love to chat more about how this could fit into your vision for Fireblaze AI School. If you’re interested, please let me know a convenient time for you to connect!  

Take care,  

Jonathan Novotny",professional,,,
916,188,30206,2883,pending,f,f,2026-02-02 14:00:30.441269+00,Let’s Elevate Hudson Point Capital's Storytelling Together!,"Hi there, Russ!

I hope this message finds you well and enjoying a sunny day. As the founder and managing partner at Hudson Point Capital, I know you’re dedicated to guiding your clients toward achieving their financial dreams through innovative strategies.

I wanted to introduce you to Rich Media Play, where we specialize in creating high-impact video, animation, and data-driven storytelling tailored for organizations just like yours. We understand the importance of polished, strategic content that resonates with both retail and institutional investors, without the hefty agency overhead.

Imagine engaging your clients with captivating visuals and stories that highlight the unique value of your alternative investments in private equity, real estate, and beyond. Our team is here to help you convey the essence of your diversified portfolios and tailored strategies in a way that truly stands out in the financial services arena.

If you’re interested, I’d love to chat about how we can collaborate to bring your vision to life!

Warmly,  

User",professional,,,
917,188,30237,2889,pending,f,f,2026-02-02 14:00:30.441269+00,Elevate Your Content with Rich Media Play,"Hi there, Daniel!  

I hope this email finds you well and enjoying a lovely day at JPMorgan Chase & Co.  

I wanted to take a moment to introduce you to Rich Media Play, where we specialize in high-impact video, animation, and data-driven storytelling crafted specifically for organizations like yours. Our mission is to help financial services companies in the tri-state area, such as JPMorgan, create polished and strategic content without the burden of agency overhead.  

We understand that in the fast-paced world of finance, clear and engaging communication is key. Our tailored solutions can enhance your messaging, whether you’re looking to explain complex financial concepts, promote your services, or connect with your clients on a deeper level.  

I’d love the opportunity to chat further about how we can support your goals and elevate your content strategy.  

Looking forward to hearing from you!  

Warmly,  

User",professional,,,
918,188,30210,2888,pending,f,f,2026-02-02 14:00:30.441269+00,Elevate Your Storytelling with Rich Media Play,"Hi there, James!  

I hope this message finds you well and thriving at Princeton Equity Group!  

I wanted to take a moment to introduce you to Rich Media Play, where we specialize in creating high-impact video, animation, and data-driven storytelling tailored specifically for organizations like yours. We understand the importance of polished and strategic content in the financial services sector, especially when it comes to communicating your value to potential investors and clients.  

Our approach eliminates the need for agency overhead while providing you with top-notch visual content that can help elevate your message and engage your audience. In a competitive landscape, we believe that compelling storytelling is key to standing out, and we’d love to help you share the unique narrative of Princeton Equity Group with the world.  

If you’re interested, I’d be delighted to chat further about how we can align our services with your goals.  

Take care,  

User",professional,,,
919,188,30212,2888,pending,f,f,2026-02-02 14:00:30.441269+00,Elevate Your Storytelling with Rich Media Play!,"Hi there, Max!

I hope this email finds you well and thriving in your journey at Kellogg. I wanted to take a moment to introduce you to Rich Media Play, where we specialize in creating high-impact video, animation, and data-driven storytelling tailored specifically for organizations like Princeton Equity Group. 

In the fast-paced world of finance, having polished and strategic content is essential. Our team is dedicated to helping financial services firms convey their unique narratives without the hefty agency overhead. We understand the importance of making a lasting impression on your stakeholders and clients, and we’re here to support you in that mission.

Imagine captivating videos that highlight your investment strategies and success stories or dynamic animations that simplify complex financial concepts. With Rich Media Play, you can elevate your marketing efforts and truly engage your audience.

I would love to chat further about how we can partner to enhance your storytelling and contribute to the growth of Princeton Equity Group.

Looking forward to hearing from you!

Warmly,

User",professional,,,
928,190,9987,1407,pending,f,f,2026-02-03 14:00:13.841262+00,A Little Something for Abivax's Journey,"Hi there, Mary!  

I hope this email finds you in high spirits and good health! I’m reaching out to introduce you to Doghouse, a unique tool that could be a wonderful asset to Abivax as you navigate the intricate world of regulatory affairs.  

Doghouse is designed with your needs in mind, especially in the ever-evolving landscape of clinical-stage developments. It helps streamline communication and enhances collaboration, ensuring that all your teams are on the same page, no matter where they are. In the same way that a frog hops effortlessly from lily pad to lily pad, Doghouse allows your projects to leap forward smoothly and efficiently.  

I truly believe that the innovative solutions we offer can help Abivax in your mission to develop transformative therapies. If you’re interested, I’d love to schedule a time to chat and explore how we can support your goals.  

Looking forward to hearing from you!  

Warmly,  

Demo User",professional,,,
920,188,30207,2883,pending,f,f,2026-02-02 14:00:30.441269+00,Elevate Your Storytelling with Rich Media Play,"Hello Jillian!

I hope this message finds you well and thriving at Hudson Point Capital! 

I wanted to take a moment to introduce you to Rich Media Play, where we specialize in creating high-impact video, animation, and data-driven storytelling tailored specifically for organizations like yours. Our mission is to help financial services firms share their unique narratives without the hefty agency overhead.

In today’s fast-paced world, having polished and strategic content can truly set you apart. We understand the importance of conveying complex investment strategies and diversified portfolios in a way that resonates with your clients—both retail and institutional. Our team is dedicated to crafting tailored content that not only informs but also engages your audience, helping you achieve your goals.

I would love the chance to chat about how Rich Media Play could support Hudson Point Capital in amplifying your messaging and enhancing client engagement. Please let me know if you’d be open to a conversation!

Take care,

User",professional,,,
921,189,8954,1205,pending,f,f,2026-02-02 14:00:31.232485+00,A New Way to Enhance Your Client Offerings!,"Hi there, Bethany!

I hope this message finds you well and enjoying a lovely day. I wanted to take a moment to introduce you to something that could truly add a splash of innovation to GeoWealth's already impressive suite of services.

We’ve developed a unique tool called Doghouse that’s designed to help businesses like yours enhance their offerings for clients. With Doghouse, you can provide tailored insights and strategies that resonate with your clients' needs, making their investment journey as smooth as a Southern breeze.

Imagine being able to deliver personalized advice with the efficiency and scalability that your financial advisors strive for! Doghouse can help foster deeper connections with your clients, ensuring that they feel valued and understood every step of the way.

I’d love the opportunity to chat more about how Doghouse can fit into your current offerings and elevate the client experience at GeoWealth. 

Looking forward to hearing from you soon!

Warmly,  


Demo User",professional,,,
922,189,4018,896,pending,f,f,2026-02-02 14:00:31.232485+00,A Perfect Fit for LearningQ’s Innovative Journey!,"Hi there, Ayana!

I hope this message finds you in great spirits! I’m reaching out to share a little something that I believe could be a wonderful addition to LearningQ’s mission of revolutionizing educational solutions.

At Doghouse, we specialize in providing tailored solutions that resonate with the unique needs of your target audience—frogs, frog frogs, and beyond! Our innovative tools can complement your microlearning approach, making educational experiences more engaging and effective.

Imagine being able to connect with your audience on a deeper level, enhancing their learning journey while supporting the goals of your team. With our expertise, we can help you create an inviting space that fosters growth and development for all your learners.

I would love the opportunity to chat more about how Doghouse can bring value to LearningQ. Please let me know a convenient time for us to connect!

Take care, 

Demo User",professional,,,
923,189,10409,1487,pending,f,f,2026-02-02 14:00:31.232485+00,A Tail-Wagging Solution for Ferring Pharmaceuticals!,"Hi there, Brent!  

I hope this email finds you well and enjoying a lovely day at Ferring Pharmaceuticals! I wanted to take a moment to introduce you to a delightful innovation we have at Doghouse that could truly benefit your team and customers alike.  

Now, I know that your target audience is quite unique, and often, it can feel like you're hopping through a lily pad or two to reach them. But fear not! Our doghouse solution is specifically designed to cater to the charming little frogs of the world, and we believe it can help enhance your offerings.  

Imagine a product that not only resonates with your target customers but also fosters a sense of community and connection. Our doghouse can provide a delightful space for your audience to engage with your brand in a fun and memorable way. It could be the perfect conversation starter, bringing a little joy and whimsy to your marketing efforts!  

I’d love to chat more about how we can make this work for you and your team. Please let me know a good time for us to connect, and I’ll be sure to put the kettle on!  

Warmly,  

Demo User",professional,,,
924,189,34859,3975,pending,f,f,2026-02-02 14:00:31.232485+00,A Little Something to Brighten Your Day!,"Hi there, Jeffrey!

I hope this email finds you well and enjoying a lovely day up in Rochester. I wanted to take a moment to introduce you to something that I believe could be a real game-changer for your team at RG&E: our delightful Doghouse solution. 

Now, I know what you're thinking—how can a doghouse help an electric and natural gas utility? Well, let me tell you! Our doghouse is designed to streamline communication and enhance collaboration among teams, making it as easy as pie to share information and ideas. Imagine your colleagues hopping on board and working together more seamlessly than ever before, just like a well-choreographed two-step!

By implementing Doghouse, your team can look forward to improved efficiency, better project management, and a whole lot less confusion. Plus, with the ability to customize features to fit your unique needs, it’s like having a tailor-made suit for your business processes!

If you’d like to chat further about how we can help RG&E shine even brighter, I’d be tickled pink to set up a time that works for you. 

Wishing you all the best!

Warmly,  

Demo User",professional,,,
925,189,35174,4145,pending,f,f,2026-02-02 14:00:31.232485+00,A Pawsitive Solution for Your Business!,"Hi there, Michael!

I hope this email finds you well and enjoying a lovely day at Christian Brothers Automotive North Dallas. 

I wanted to take a moment to introduce you to Doghouse, a service designed especially for our furry friends and their dedicated caretakers. We know that your team is always looking for ways to enhance customer satisfaction, and Doghouse can play a pivotal role in that. 

Imagine a service that seamlessly connects dog owners with the pampering and care their pups deserve. This not only boosts customer engagement but also opens new avenues for additional revenue. With Doghouse, you can cater to dog lovers in your community and create a warm, welcoming atmosphere that they'll cherish.

I'd love to discuss how we can work together to bring this delightful service to life at your locations. Please let me know if you’d like to chat more!

Take care,  

Demo User",professional,,,
926,190,4017,896,pending,f,f,2026-02-03 14:00:13.841262+00,Exciting Opportunities for LearningQ!,"Hi there, Logan!

I hope this email finds you well and enjoying a lovely day! 

I wanted to take a moment to introduce you to Doghouse, a wonderful tool that could truly enhance LearningQ's innovative approach to microlearning. With Doghouse, we can create engaging, bite-sized learning experiences that resonate with your target audience—especially those clever little frogs who thrive on quick, effective solutions.

Just imagine how Doghouse can help your team develop content that’s not only informative but also delightful and easy to digest. Our platform is designed to help you connect with your audience in a more meaningful way, ensuring every lesson leaves a memorable impression. 

I’d love to chat more about how Doghouse can fit into your educational solutions and help LearningQ continue to lead the charge in this exciting space. 

Looking forward to hearing from you soon!

Warmly,  

Demo User",professional,,,
927,190,9055,1243,pending,f,f,2026-02-03 14:00:13.841262+00,A Little Something to Leap Into!,"Hi there, Mary!

I hope this note finds you basking in the sunshine and enjoying a lovely day in Boston! 

I’m reaching out to share an exciting opportunity that could add a touch of innovation to Health Management Associates. Our company has developed a unique solution called Doghouse that’s designed to streamline processes and enhance communication in healthcare settings—something I believe your team would find invaluable. 

With your expertise in publicly funded healthcare, I can only imagine how much smoother operations could flow with a tool that simplifies collaboration and keeps everyone on the same page. Just like frogs thrive in their natural habitat, your team could really hop to new heights with the efficiencies that Doghouse provides. 

I'd love the chance to chat more about how Doghouse can support your goals and help your exceptional team continue making a difference in healthcare. 

Thank you for considering this little nugget of potential! 

Warmly,  

Demo User",professional,,,
929,190,35170,4141,pending,f,f,2026-02-03 14:00:13.841262+00,A Tail-Wagging Solution for Your Business!,"Hi there, Janis!

I hope this email finds you in great spirits! I’m reaching out to share something truly special that I believe could bring a whole lot of joy and benefit to Christian Brothers Automotive North Dallas.

Introducing Doghouse, a delightful platform designed to cater to all your business needs while keeping your furry friends in mind. With our unique offerings, we can help you create a more engaging and welcoming environment for your customers—especially those who might bring their beloved pups along for the ride!

Imagine a cozy little corner for dogs while their owners get their cars serviced. It’s all about enhancing the customer experience and building a community around your brand. With Doghouse, we can help you stand out in a competitive market, attract more visitors, and foster a loyal customer base who will appreciate the thoughtfulness.

I’d love the chance to chat more about how we can partner together to make your business even more doggone delightful!

Looking forward to hearing from you soon!

Warmly,  

Demo User",professional,,,
930,190,10598,1512,pending,f,f,2026-02-03 14:00:13.841262+00,Tailored Solutions for Savara Pharmaceuticals,"Hi there, Dhaval!

I hope this email finds you in great spirits! I wanted to reach out and share something that I believe could be a real game changer for Savara Pharmaceuticals as you continue your important work in developing therapies for rare respiratory diseases.

At Doghouse, we specialize in creating tailored solutions designed to enhance the clinical development process. Our platform is particularly beneficial for companies like yours, focused on a unique target profile. With our innovative tools, you can streamline your workflows and improve communication among your teams, ultimately leading to more efficient outcomes in your clinical trials.

I would love the opportunity to chat with you about how Doghouse can support Savara Pharmaceuticals in achieving your goals. Your work is so vital, and I’m genuinely excited about the possibility of collaborating to make a positive impact in the respiratory health space.

Looking forward to hearing from you soon!

Warmly,

Demo User",professional,,,
931,191,30251,2890,pending,f,f,2026-02-03 14:00:14.401398+00,Elevate Your Storytelling with Rich Media Play,"Hi there, Richard!

I hope this message finds you well and enjoying a lovely day at Goldman Sachs.

I wanted to take a moment to introduce you to Rich Media Play, where we specialize in crafting high-impact video, animation, and data-driven storytelling tailored for organizations like yours. Our goal is to help businesses harness the power of polished and strategic content without the hefty agency overhead.

In the fast-paced world of financial services, I understand how critical it is to convey complex information in a clear and engaging manner. Our team is passionate about helping firms in the tri-state area, just like Goldman Sachs, amplify their messaging and connect with clients on a deeper level through compelling visual narratives.

If you’d be open to it, I’d love to chat about how Rich Media Play can support your initiatives and enhance your storytelling efforts. 

Looking forward to the possibility of working together!

Warmly,  

User",professional,,,
932,191,32078,3381,pending,f,f,2026-02-03 14:00:14.401398+00,Elevate Your Storytelling with Rich Media Play!,"Hi there, Marina!

I hope this message finds you well and thriving at LTV SaaS Growth Fund. I’m reaching out to introduce you to Rich Media Play, where we specialize in creating high-impact video, animation, and data-driven storytelling tailored for organizations just like yours.

In the fast-paced world of financial services, having polished and strategic content is essential for standing out. Our team is dedicated to helping companies in the tri-state area craft compelling narratives that resonate with their audiences, all while keeping agency overhead at bay. 

Imagine showcasing your investment strategies and insights through dynamic visuals that not only engage but also inform your clients and stakeholders. We believe that storytelling can be a powerful tool in building trust and credibility, especially in your industry.

If you’re curious about how we can partner to elevate your content, I’d love to chat further. Let me know a good time for you, and we can set up a call.

Take care,

User",professional,,,
933,191,30208,2883,pending,f,f,2026-02-03 14:00:14.401398+00,Elevate Your Storytelling with Rich Media Play,"Hi there, Graham!  

I hope this email finds you in great spirits!  

I’m reaching out to introduce you to Rich Media Play, where we specialize in creating high-impact video, animation, and data-driven storytelling tailored for organizations like Hudson Point Capital.  

In today’s fast-paced financial landscape, standing out is more important than ever. Our polished and strategic content can help showcase your unique approach to alternative investments and convey the value of your tailored investment strategies to both retail and institutional investors.  

Without the overhead of a traditional agency, we pride ourselves on delivering top-notch content that resonates with your audience and elevates your brand. We’d love to explore how we can partner together to enhance your communications and make a lasting impression.  

Looking forward to the possibility of working together!  

Warmly,  

User",professional,,,
934,191,30250,2890,pending,f,f,2026-02-03 14:00:14.401398+00,Elevate Your Storytelling with Rich Media Play,"Hi there, John!

I hope this message finds you well and thriving in your important work at Goldman Sachs. 

I wanted to take a moment to introduce you to Rich Media Play, a team dedicated to crafting high-impact video, animation, and data-driven storytelling. We specialize in providing polished, strategic content tailored for organizations like yours, all while keeping agency overhead at bay.

In the ever-evolving landscape of financial services, compelling communication is key to engaging with your diverse client base. Our approach not only enhances your storytelling but also helps convey complex information in a way that resonates with your audience. Whether it's through captivating videos that highlight your services or animations that make your data shine, we’re here to support your mission and elevate your content.

I would love the opportunity to chat further about how we can assist Goldman Sachs in achieving your communication goals. 

Looking forward to hearing from you!

Warmly,  

User",professional,,,
935,191,30261,2897,pending,f,f,2026-02-03 14:00:14.401398+00,Elevate Your Storytelling with Rich Media Play,"Hi there, John!

I hope this message finds you well and thriving at Goldman Sachs. It’s an exciting time in the financial services world, and I wanted to take a moment to introduce you to Rich Media Play, where we specialize in crafting high-impact video, animation, and data-driven storytelling tailored for organizations like yours.

In today’s fast-paced environment, having polished and strategic content is more important than ever. We understand that financial services companies in the tri-state area face unique challenges, and we're here to help you communicate your insights and values in a captivating way – all without the burden of agency overhead. 

Our team is dedicated to ensuring that your messages resonate with your audience, whether it’s through engaging videos that simplify complex concepts or animations that bring data to life. We believe that every story deserves to be told beautifully, and we’re eager to partner with you to elevate your content!

If you’re open to it, I’d love to have a chat to explore how we can support Goldman Sachs in achieving its communication goals. 

Looking forward to the possibility!

Warmly,  

User",professional,,,
936,192,28993,2550,pending,f,f,2026-02-03 14:00:17.58899+00,Unlocking the Power of AI for Your Business,"Hi there, Mohit!

I hope this email finds you well and thriving at Yuranus Education & Immigration Pvt Ltd. It’s always a pleasure to connect with folks who are making such a positive impact in the education and immigration sectors.

I wanted to take a moment to introduce you to an exciting new AI API designed specifically for extracting valuable insights from large volumes of unstructured financial data, like SEC filings. With your commitment to assisting students in their educational journeys, I believe this technology could be a game-changer for your business.

Imagine being able to effortlessly sift through mountains of data to uncover trends and insights that can inform your strategies and enhance your services. This AI tool can help streamline your data analysis process, allowing you to focus more on what you do best—supporting students in achieving their dreams of studying abroad.

I’d love the opportunity to discuss how this API can be tailored to fit the unique needs of Yuranus Education & Immigration. 

Looking forward to hearing your thoughts!

Warmly,  


Jonathan Novotny",professional,,,
937,192,28998,2553,pending,f,f,2026-02-03 14:00:17.58899+00,Exciting AI API for Financial Data Extraction!,"Hi there, Deepak!

I hope this email finds you in good spirits! I'm reaching out to share something that I believe could truly benefit MindTickle and enhance your excellent offerings in sales readiness and enablement.

We’ve developed a remarkable AI API designed specifically for extracting unstructured financial data, such as SEC filings. As you know, navigating through vast amounts of data can be quite the challenge, especially in the fast-paced world of finance. Our solution can streamline this process and provide you with valuable insights that can empower your clients' decision-making capabilities.

Imagine how integrating this technology could help your team analyze financial documents efficiently, allowing you to focus more on creating engaging training experiences for sales teams. The accuracy and speed of our AI can transform unstructured data into actionable intelligence, giving your clients a competitive edge.

I'd love the opportunity to chat more about how this API could fit into your existing framework and help elevate MindTickle’s offerings. 

Looking forward to hearing from you!

Warmly,

Jonathan Novotny",professional,,,
938,192,28995,2556,pending,f,f,2026-02-03 14:00:17.58899+00,Unlock the Power of AI for Your Data Needs!,"Hi there, Vikas!

I hope this email finds you well and thriving at Aas Vidyalaya. It’s a pleasure to connect with you!

I’m reaching out to introduce a remarkable AI API that specializes in extracting unstructured financial data, like those extensive SEC filings. In today's fast-paced financial landscape, having quick access to accurate data can make all the difference in decision-making and strategy.

Imagine how this API could streamline your data processes, allowing you to focus more on analysis and growth rather than getting lost in paperwork. It’s designed to help organizations like yours not only save time but also enhance data accuracy and insights. By automating the extraction, you can free up valuable resources and ensure your team is working on what truly matters.

I would be thrilled to discuss how this solution could align with Aas Vidyalaya's goals and help take your operations to the next level. If you’re interested, we can set up a time to chat that fits your schedule.

Looking forward to the opportunity to connect!

Warmly,  


Jonathan Novotny",professional,,,
939,192,28973,2547,pending,f,f,2026-02-03 14:00:17.58899+00,Unlock the Power of AI for Your Data Needs,"Hi there, Rohit!

I hope this message finds you well and enjoying a wonderful day at Mexus Education! 

I wanted to take a moment to introduce you to an exciting AI API designed for extracting valuable insights from large volumes of unstructured financial data, such as SEC filings. As someone deeply invested in educational innovations, I believe this tool could greatly enhance the way you analyze and utilize financial information for your K-12 solutions.

By automating the extraction process, this AI API can save your team precious time, allowing you to focus on what truly matters: providing personalized and impactful learning experiences for your students. Imagine having instant access to critical financial data that informs your decision-making and strategy without the usual hassle!

If this piques your interest, I would love to chat more and explore how this could align with your goals at Mexus Education. 

Looking forward to your thoughts!

Warmly, 

Jonathan Novotny",professional,,,
940,192,28997,2553,pending,f,f,2026-02-03 14:00:17.58899+00,Exciting AI Opportunity for MindTickle!,"Hi there, Krishna!

I hope this message finds you well and enjoying a beautiful day!

I wanted to take a moment to introduce you to an exciting AI API designed specifically for extracting valuable insights from large volumes of unstructured financial data, like SEC filings. Given MindTickle's innovative approach to sales readiness and enablement, I truly believe this tool could be a game changer for your team.

Imagine having the ability to quickly analyze and distill crucial financial information, allowing your sales professionals to make informed decisions faster than ever before. This API not only streamlines data extraction but also enhances the overall sales training experience by providing real-time insights that can be gamified into your existing platform. 

I’d love to chat more about how this can complement the fantastic work you’re already doing at MindTickle. Let me know if you’d be interested in a quick call!

Looking forward to hearing from you!

Warmly,  


Jonathan Novotny",professional,,,
941,193,8510,1134,pending,f,f,2026-02-04 18:55:10.14235+00,Hop on Board with Doghouse!,"Hi there, Jason!

I hope this email finds you in good spirits! I wanted to take a moment to introduce you to an exciting opportunity that could really benefit your work over at Ryan. 

At Doghouse, we specialize in providing tailored solutions that can enhance your tax advisory services, particularly for your clientele who fit the frog profile. With our unique approach, we focus on streamlining their experience, making tax processes smoother and more efficient. This can lead to increased satisfaction and retention for your customers, which we all know is just as sweet as a slice of pecan pie!

I truly believe that our offerings could complement the exceptional services you’re already providing at tax.com™. I’d love to chat further about how we can work together to create even more value for your clients.

Thank you for considering this opportunity, Jason. I’m looking forward to the possibility of collaborating to make your services even more exceptional!

Warmly,  

Demo User",professional,,,
942,193,9080,1249,pending,f,f,2026-02-04 18:55:10.14235+00,A Little Help for Your Big Goals!,"Hi there, Emmanuel!  

I hope this message finds you in great spirits! I wanted to reach out today to share a little something that could be a real game-changer for MPOWER Financing.  

Have you ever thought about how our innovative doghouse solution could help you connect even better with your target customers, especially those vibrant frogs you cater to? Our platform is designed to streamline communication and enhance engagement, making it easier for your team to reach out and support students from diverse backgrounds.  

By leveraging our technology, you can create a more personalized experience for your customers, ensuring they feel valued and understood. This not only strengthens their trust in your services but also helps you build lasting relationships that drive success for all.  

I would love to chat more about how we can tailor our approach to fit your unique needs at MPOWER. Let me know if there’s a time that works for you to dive deeper into this opportunity!  

Warmly,  

Demo User",professional,,,
943,193,9103,1255,pending,f,f,2026-02-04 18:55:10.14235+00,Let’s Hop into a New Opportunity!,"Hi there, Carla!

I hope this email finds you well and enjoying a lovely day at Pie Insurance. I’m reaching out to introduce you to something that might just leap into your heart and help your business flourish—a delightful little service called Doghouse.

Now, I know you’re busy, so let’s get right to it. Doghouse is designed to support small businesses like yours by streamlining your workflow processes. Just like a cozy doghouse provides a safe haven for our furry friends, our service aims to create a sheltered space where your team can thrive. 

With our technology, you can simplify claims management, making it easier for your clients to navigate the ins and outs of workers' compensation insurance. This means happier customers and a more efficient operation for you and your team. 

I’d love to chat more about how Doghouse can fit into your goals at Pie Insurance. If you have a moment, I’d be delighted to schedule a quick call. 

Looking forward to hearing from you!

Warmly,  

Demo User",professional,,,
944,193,9034,1240,pending,f,f,2026-02-04 18:55:10.14235+00,A Little Something Special for Reaction Search International,"Hi there, Robert!  

I hope this email finds you well and enjoying a lovely day in Boston.  

I’m reaching out to introduce you to Doghouse, a fantastic tool that could be just what you need at Reaction Search International. With your firm’s focus on connecting top healthcare professionals with employers, we believe Doghouse can enhance your outreach and streamline your recruiting process.  

Doghouse is designed to help you target your ideal candidates—like those wonderful frogs in our customer profile! It allows you to engage more effectively with potential hires, ensuring you not only attract the best talent but also maintain a warm relationship with them throughout the hiring process.  

I would love to chat more about how Doghouse can support your goals and help you continue to thrive in the healthcare executive space. Let me know if you’d be open to a brief conversation—I’m all ears!  

Warmly,  

Demo User",professional,,,
945,193,9646,1352,pending,f,f,2026-02-04 18:55:10.14235+00,A New Way to Enhance Your Offerings!,"Hi there, Jack!

I hope this email finds you well and thriving at GeoWealth! I wanted to take a moment to introduce you to something that could truly benefit your investment advisors and RIAs—a delightful little service we call Doghouse.

At its heart, Doghouse is designed to streamline and enhance the asset management process, making it easier for your team to provide the best possible service to your clients. With our innovative features, we can help your advisors manage their portfolios more efficiently, which ultimately translates to happier, more satisfied clients.

Imagine the relief your team could feel with a tool that not only simplifies their workflow but also supports their efforts to grow their businesses. Our goal is to create a partnership that allows your advisors to focus on what they do best—building relationships and providing top-notch financial advice.

I would love the chance to discuss how Doghouse can be a great fit for GeoWealth and your dedicated team. When would be a good time for us to chat?

Looking forward to hearing from you soon!

Warmly,  

Demo User",professional,,,
946,194,30311,2898,pending,f,f,2026-02-04 18:55:10.452244+00,Elevate Your Storytelling with Rich Media Play,"Hello Tom!  

I hope this email finds you well and enjoying a lovely day!  

I wanted to take a moment to introduce you to Rich Media Play, where we specialize in creating high-impact video, animation, and data-driven storytelling tailored specifically for organizations like UBS. We understand that in the fast-paced financial services sector, having polished, strategic content can truly set you apart from the competition.  

Our team can help you tell your unique story without the burden of agency overhead. Whether you’re looking to enhance your wealth management presentations, create engaging client-facing materials, or develop informative animations for your investment banking services, we’ve got you covered!  

We pride ourselves on being a partner who genuinely cares about your goals and works closely with you to ensure that your vision comes to life. If this sounds like something you’d be interested in exploring further, I’d love to set up a time for us to chat!  

Thank you for considering Rich Media Play. I look forward to the opportunity to work together!  

Best regards,  

User",professional,,,
947,194,30320,2902,pending,f,f,2026-02-04 18:55:10.452244+00,Let's Elevate Your Storytelling Together!,"Hello Gumer,

I hope this email finds you in great spirits! 

I wanted to take a moment to introduce you to Rich Media Play, where we specialize in crafting high-impact video, animation, and data-driven storytelling. We understand that in the fast-paced world of financial services, it’s vital to communicate your message clearly and effectively, and that’s where we come in!

Imagine showcasing the exceptional financial planning, asset management, and insurance solutions that Ameriprise Financial offers with polished, strategic content that resonates with your audience. Our team can help you create visuals that not only engage but also educate your clients, all without the overhead costs that often come with traditional agencies.

We’d love the opportunity to explore how we can support your goals and help you connect with your clients in meaningful ways. 

Looking forward to the possibility of working together!

Warmly,  

User",professional,,,
960,196,29021,2562,pending,f,f,2026-02-05 18:04:35.91526+00,Unlock the Power of AI for Financial Insights!,"Hi there, Anand!

I hope this message finds you well and thriving at Vedantu! I wanted to take a moment to share something that I believe could be a real game-changer for your team, especially when it comes to managing large volumes of financial data.

We’ve developed an AI API designed specifically for extracting valuable insights from unstructured financial documents, like SEC filings. This tool could streamline your data analysis processes and help your team make informed decisions faster than ever before.

Imagine having the ability to quickly sift through extensive financial reports and pull out the most relevant information with just a few clicks! It can save your team time and enhance accuracy, allowing you to focus on what truly matters—providing top-notch academic support.

I would absolutely love the opportunity to chat more about how this could benefit Vedantu. Please let me know if you’re available for a quick call or meeting. I’m here to help!

Take care,

Jonathan Novotny",professional,,,
948,194,30289,2901,pending,f,f,2026-02-04 18:55:10.452244+00,Elevate Your Storytelling with Rich Media Play,"Hi there, Hironori!

I hope this email finds you well and thriving at MUFG. I wanted to take a moment to introduce you to Rich Media Play, where we specialize in creating high-impact video, animation, and data-driven storytelling for organizations just like yours.

In the fast-paced world of financial services, having polished and strategic content is essential to stand out and connect with your audience. Our team understands the unique challenges faced by companies in the tri-state area, and we’re here to help you captivate your clients without the burden of agency overhead.

Imagine showcasing MUFG's remarkable offerings through engaging videos that not only tell your story but also resonate with your clients' needs. We pride ourselves on delivering top-notch content that aligns with your goals, allowing you to focus on what you do best—serving your clients.

I would love to discuss how we can partner together to enhance your storytelling efforts. Please let me know a time that works for you, and I’ll be sure to accommodate!

Take care,

User",professional,,,
949,194,30268,2896,pending,f,f,2026-02-04 18:55:10.452244+00,Elevate Your Storytelling with Rich Media Play!,"Hi there, Alison!

I hope this message finds you well and thriving at Primerica. It's such a pleasure to connect with someone who is dedicated to empowering middle-income families through financial education and impactful solutions!

I wanted to take a moment to introduce you to Rich Media Play. We specialize in creating high-impact video, animation, and data-driven storytelling tailored specifically for organizations like yours. Our mission is to provide polished, strategic content without the agency overhead, allowing you to focus on what you do best—serving your clients.

In today's fast-paced financial landscape, capturing attention is more crucial than ever. Our team can help you effectively communicate Primerica's message and philosophy, particularly the 'Buy Term and Invest the Difference' approach, through engaging visuals and compelling narratives. This not only enhances your outreach but also builds trust and rapport with your audience.

I truly believe that together, we can elevate your storytelling and further enrich the lives of those you serve. If you're interested, I'd love to chat about how we can tailor our services to meet Primerica’s unique needs.

Looking forward to the possibility of working together!

Warmly,

User",professional,,,
950,194,30310,2898,pending,f,f,2026-02-04 18:55:10.452244+00,Elevate Your Storytelling with Rich Media Play,"Hi there, Iqbal!  

I hope this email finds you well and thriving at UBS.  

I wanted to take a moment to introduce you to Rich Media Play, where we specialize in creating high-impact video, animation, and data-driven storytelling tailored specifically for remarkable organizations like yours.  

In the fast-paced world of financial services, it’s crucial to convey your message clearly and compellingly. Our polished, strategic content can help you engage your clients and stakeholders more effectively, without the typical agency overhead. We understand the challenges you face in communicating complex financial concepts, and we’re here to make that process smoother and more impactful.  

Imagine showcasing your wealth management expertise or your innovative investment strategies through captivating visual narratives that resonate with your audience. That’s what we do best!  

I would be delighted to discuss how Rich Media Play can support UBS in achieving your communication goals. Please let me know a convenient time for you, and I’ll be sure to make it work on my end.  

Looking forward to the possibility of collaborating!  

Warmly,  

User",professional,,,
951,195,29020,2562,pending,f,f,2026-02-04 18:55:10.63379+00,Unlock the Power of AI for Your Financial Data!,"Hi there, Pulkit!

I hope this message finds you well and enjoying a wonderful day!

I’m reaching out to share an exciting opportunity that could truly enhance how Vedantu manages its financial data. Our AI API specializes in extracting valuable insights from large volumes of unstructured financial documents, such as SEC filings. This could be a game-changer for your business!

Imagine having the ability to quickly analyze and interpret vast amounts of data without the usual headaches. Our solution can help streamline your processes, allowing your team to focus on what matters most—making informed decisions and driving growth.

I’d love to discuss how this innovative tool can fit into your current operations and help Vedantu soar to new heights. Would you be open to a chat sometime soon?

Thank you for considering this opportunity, Pulkit. I truly believe it could bring significant value to your company!

Warmly,

Jonathan Novotny",professional,,,
952,195,29030,2560,pending,f,f,2026-02-04 18:55:10.63379+00,Unlocking New Opportunities with AI Data Extraction,"Hi there, Rustom!

I hope this message finds you well and in good spirits at VIBGYOR High School. I wanted to take a moment to share something that might be a real game changer for your wonderful institution.

We’ve developed an AI API specifically designed to streamline the extraction of unstructured data, like SEC filings. I know that financial data can be a bit overwhelming, especially when it comes to making informed decisions. Our tool can help simplify this process for you, allowing your team to focus on what truly matters—providing a nurturing and enriching environment for your students.

Imagine having the power to quickly and accurately pull insights from vast amounts of data, enabling your school to make more strategic decisions with confidence. This could enhance your financial planning and open up new avenues for growth and development, all while ensuring that you continue to offer the best educational experience possible. 

I’d love the opportunity to discuss how this could benefit VIBGYOR High School and answer any questions you might have. 

Thank you for your time, and I look forward to the possibility of connecting soon!

Warmly,

Jonathan Novotny",professional,,,
953,195,29032,2560,pending,f,f,2026-02-04 18:55:10.63379+00,Unlocking Insights with AI for VIBGYOR High School,"Hi there, Mitesh!  

I hope this message finds you in great spirits!  

I'm Jonathan Novotny, and I wanted to take a moment to share an exciting opportunity that could truly enhance how VIBGYOR High School manages and extracts valuable insights from large financial unstructured data, like SEC filings.  

Our AI API is designed to simplify the extraction process, providing you with quick, actionable data that can help in decision-making and strategic planning. By automating this task, your team can save precious time and resources, allowing you to focus more on what matters most—shaping young minds and fostering a nurturing learning environment.  

I believe this solution could be a game-changer for VIBGYOR High School, and I would love the chance to discuss it further with you. If you’re interested, we can set up a time to chat that works best for you.  

Looking forward to the opportunity to connect!  

Warmly,  

Jonathan Novotny",professional,,,
954,195,28996,2556,pending,f,f,2026-02-04 18:55:10.63379+00,Unlocking Insights from Financial Data,"Hi there, Leena!  

I hope this email finds you well and thriving at Aas Vidyalaya. I wanted to take a moment to introduce you to an exciting AI API that specializes in extracting valuable insights from large volumes of unstructured financial data, like SEC filings.  

In today’s fast-paced financial landscape, having quick access to accurate data can make all the difference in making informed decisions. Our AI-driven solution can help your team efficiently sift through and analyze complex filings, enabling you to uncover critical insights without the usual hassle.  

Imagine being able to streamline your data extraction process, saving precious time and resources while enhancing your decision-making capabilities. With our technology, you’ll be equipped to stay ahead of the game and focus on what truly matters for your business.  

I’d love to discuss how this can specifically benefit Aas Vidyalaya and support your goals. Please let me know a convenient time for you, and I’ll be more than happy to chat!  

Warmly,  

Jonathan Novotny",professional,,,
955,195,28981,2552,pending,f,f,2026-02-04 18:55:10.63379+00,Unlocking New Potential with AI for Data Extraction,"Hi there, Krishna!

I hope this email finds you in great spirits! I’m reaching out to share something that I truly believe could be a game-changer for Simplilearn India, particularly in the realm of your data science and analytics courses.

We recently introduced an AI API designed specifically for extracting large volumes of unstructured financial data, like SEC filings. This tool can streamline your data processing and enhance your learning offerings, giving your students hands-on experience with real-world data. Imagine the possibilities—students could analyze financial reports in a fraction of the time it usually takes, allowing them to focus on developing their insights and skills even further.

By incorporating this technology into your curriculum, you could not only elevate your training programs but also equip your students with a cutting-edge skill set that’s in high demand in today’s market. 

I would love to discuss how this AI API can complement your existing courses and support your mission to empower professionals in their learning journey. 

Looking forward to the opportunity to chat!

Warmly,

Jonathan Novotny",professional,,,
956,196,29051,2572,pending,f,f,2026-02-05 18:04:35.91526+00,Transforming Data Insights for Flintobox,"Hi there, Shreenidhi!

I hope this email finds you well and enjoying a lovely day at Flintobox. I’ve been following the wonderful work you and your team are doing to ignite creativity in young minds, and I must say, it truly warms my heart!

I wanted to take a moment to introduce you to an innovative AI API designed specifically for extracting large financial unstructured data, such as SEC filings. This could be a game-changer for Flintobox, as it helps streamline the process of gathering and analyzing financial data, allowing you to focus more on what really matters—sparking joy and learning in children!

By leveraging this technology, your team could easily access valuable insights and trends that can inform your business strategies, all while saving precious time and resources. Imagine the possibilities that could unfold when you have all that information at your fingertips!

I’d love to chat more about how this can support Flintobox’s mission and bring even more magic to your educational offerings. Please let me know if you’d be open to a conversation!

Warmly,

Jonathan Novotny",professional,,,
957,196,29039,2567,pending,f,f,2026-02-05 18:04:35.91526+00,Unlocking New Insights for Udemy with AI,"Hello Eren!  

I hope this message finds you well and thriving!  

I’m reaching out to share something I believe could be a game changer for Udemy, especially as you continue to grow and adapt in the ever-evolving world of online learning.  

We’ve developed an AI API specifically designed for extracting valuable insights from large volumes of unstructured financial data, such as SEC filings. This tool could help your team streamline data processing, uncover hidden trends, and make more informed decisions—ultimately enhancing the educational offerings you provide to your vast community of learners.  

Imagine being able to efficiently analyze financial statements and reports to identify key opportunities or risks that can impact course creation or partnerships. With our AI API, you can focus on what you do best—creating and delivering top-notch learning experiences—while we handle the heavy lifting of data extraction!  

I’d love to chat more about how we can collaborate to make this happen for Udemy. Would you be open to a brief conversation later this week? I’m all ears!  

Warmly,  

Jonathan Novotny",professional,,,
958,196,29082,2577,pending,f,f,2026-02-05 18:04:35.91526+00,Unlocking Insights with AI for uFaber,"Hi there, Anirudh!

I hope this message finds you well and enjoying a beautiful day! I couldn’t help but think about all the wonderful things happening at uFaber, especially with your commitment to personalized online learning. 

I wanted to take a moment to share something that might just add a sprinkle of magic to your data processes. Our AI API specializes in extracting unstructured financial data, like SEC filings, and transforming it into valuable insights that could support your educational programs. Imagine having access to real-time data analytics that could enhance your course offerings or provide deeper insights into the financial trends affecting your students.

By integrating our API, uFaber could streamline the process of data extraction, allowing your team to focus more on what really matters—creating impactful learning experiences. Plus, it could open up new avenues for courses on financial literacy and data science, empowering your learners even further!

I would love to chat more about how we can collaborate and support your mission at uFaber. Please let me know a convenient time for you, and I’ll make it work on my end.

Wishing you all the best!

Warmly,  


Jonathan Novotny",professional,,,
959,196,28983,2549,pending,f,f,2026-02-05 18:04:35.91526+00,Unlock New Insights with Our AI API!,"Hi there, Devendra!

I hope this email finds you well and thriving at KidsChaupal! It’s always inspiring to see how your platform creates such delightful and educational experiences for children.

I wanted to take a moment to share something that I believe could be a game-changer for your team. We’ve developed an AI API specifically designed for extracting large amounts of unstructured financial data, like SEC filings. Imagine being able to access pertinent financial insights with ease, freeing up your time to focus on what truly matters—bringing creativity and joy to learning!

With our AI API, you can streamline your data extraction processes, enhance your analysis capabilities, and ultimately make more informed decisions that align with your mission of fostering interactive education. It’s like having a trusty sidekick by your side, helping you navigate the complex world of financial information!

I’d love to chat more about how this could fit into your operations and support KidsChaupal's wonderful work. Please feel free to reach out if you have any questions or if you’d like to schedule a call. 

Looking forward to hearing from you!

Warmly,  

Jonathan Novotny",professional,,,
961,197,29103,2580,pending,f,f,2026-02-06 14:00:16.585247+00,Unlocking Insights from Financial Data for Lido,"Hi there, Sahil!

I hope this message finds you well and thriving! I'm reaching out to share something that could make a splendid impact on Lido Learning's operations, especially in your efforts to provide personalized learning experiences.

We’ve developed an AI API that specializes in extracting insights from large volumes of unstructured financial data, such as SEC filings. This powerful tool could streamline your data processing and analysis, allowing you to focus more on what truly matters—enhancing the educational journeys of your K-12 students.

Imagine being able to quickly pull relevant financial information, analyze trends, and make informed decisions without getting bogged down in the nitty-gritty of data extraction. With our AI API, you can transform intricate financial data into actionable insights, giving you a leg up in strategic planning and resource allocation.

I would be absolutely delighted to discuss how this could be a fit for Lido Learning. If you’re open to it, let’s set up a time for a chat. 

Take care, and I look forward to hearing from you!

Warmly,

Jonathan Novotny",professional,,,
962,197,29096,2574,pending,f,f,2026-02-06 14:00:16.585247+00,Unlocking Insights from Financial Data,"Hi there, Eren!

I hope this message finds you well and thriving at Udemy! 

I wanted to take a moment to share something that I believe could truly benefit your team as you continue to grow and innovate. Our AI API specializes in extracting valuable insights from large volumes of unstructured financial data, such as SEC filings. 

Imagine the time and effort you could save by automating the extraction and analysis of this data. Your team would have more bandwidth to focus on creating high-quality courses and delivering exceptional value to your learners. Not to mention, having quick access to critical financial insights can help inform your business decisions, enabling Udemy to stay ahead in the ever-evolving e-learning landscape.

I’d love to discuss how we can help streamline your data processes and empower your mission at Udemy. 

Looking forward to connecting soon!

Warmly,

Jonathan Novotny",professional,,,
963,197,29081,2577,pending,f,f,2026-02-06 14:00:16.585247+00,Unlock the Power of AI for Financial Insights!,"Hi there, Rohit!  

I hope this email finds you in great spirits! My name is Jonathan Novotny, and I’m reaching out to share something that I believe could be a game-changer for uFaber, especially in navigating the vast sea of financial data.  

We’ve recently developed an AI API designed specifically for extracting insights from large volumes of unstructured financial data, such as SEC filings. I know how vital accurate and timely information is for making informed decisions in the edtech space, and I truly believe that this tool could enhance your analytical capabilities.  

Imagine being able to swiftly analyze financial documents and extract key data points that can inform your strategic decisions and course offerings. With our AI solution, you can streamline your data processing and focus more on providing quality education to your learners.  

I’d love the opportunity to discuss how we can tailor this technology to fit the unique needs of uFaber. Let me know if you’d be interested in a quick chat!  

Warmly,  

Jonathan Novotny",professional,,,
964,197,29011,2554,pending,f,f,2026-02-06 14:00:16.585247+00,Unlock Insights from Financial Data with Our AI API,"Hi there, Shronit!  

I hope this email finds you well and thriving!  

I’m reaching out to share something that could bring a real spark to LearnTube.ai’s operations—our AI API designed for extracting valuable insights from large volumes of unstructured financial data, such as SEC filings.  

Imagine the ease of sifting through mountains of data with just a few clicks! Our API can help streamline your data extraction process, allowing you to focus on what truly matters—analyzing the information and making informed decisions. With efficient data extraction, you can enhance your offerings and provide even greater value to your clients.  

If you’re curious, I’d love to discuss how we can tailor our solution to fit seamlessly into your current processes.  

Looking forward to hearing from you!  

Warmly,  

Jonathan Novotny",professional,,,
965,197,29083,2578,pending,f,f,2026-02-06 14:00:16.585247+00,Unlocking Insights from Financial Data,"Hi there, Zishaan!

I hope this email finds you in great spirits. I’ve been following the remarkable work you and your team at Toppr are doing to revolutionize education, and I must say, it’s truly inspiring!

I wanted to introduce you to a powerful AI API designed specifically for extracting large volumes of unstructured financial data, like SEC filings. In today’s fast-paced world, having timely access to such information can be a game changer for decision-making and strategic planning.

By leveraging this AI technology, your team can efficiently sift through mountains of data, uncover valuable insights, and ultimately enhance your service offerings to your students. Imagine providing them with even more personalized learning experiences backed by robust financial analyses!

I’d love the opportunity to discuss how this can align with your goals at Toppr and support your vision for the future. 

Looking forward to hearing your thoughts!

Warmly,  

Jonathan Novotny",professional,,,
966,198,29061,2570,pending,f,f,2026-02-17 19:44:51.099225+00,Transforming Data Extraction for HeyMath,"Hi there, Nirmala!

I hope this email finds you well and thriving at HeyMath! I’ve been following your incredible work in making math fun and engaging for students, and I just wanted to reach out to share something that might be of interest to you.

We recently introduced an AI API specifically designed for extracting large volumes of unstructured financial data, like SEC filings. Given the ever-growing importance of data in education and finance, I believe this innovative tool could greatly enhance your ability to analyze trends and insights that could further enrich your platform.

Imagine having access to real-time financial data that can support your educational content or provide deeper insights for your users. This could not only streamline your operations but also add immense value to your offerings at HeyMath.

I would love the opportunity to discuss how this technology can align with your goals and help propel HeyMath to even greater heights. 

Looking forward to hearing your thoughts!

Warmly,

Jonathan Novotny",professional,,,
967,198,29071,2568,pending,f,f,2026-02-17 19:44:51.099225+00,Unlocking Insights from Financial Data,"Hi there, Suryanarayanan!

I hope this email finds you well and thriving at Skill Lync. I'm reaching out to share something that I believe could be a game changer for your team, especially when it comes to navigating the vast sea of unstructured financial data like SEC filings.

Imagine having an AI API that can seamlessly extract key insights from those complex documents, transforming them into actionable data that can enhance your educational offerings. This technology can help you bridge the gap between academic learning and industry needs even further by providing your students with real-time, relevant financial information.

By integrating this tool, your team can save precious time and resources, allowing you to focus on what truly matters—empowering the next generation of engineers and tech leaders. It could also enrich your curriculum with up-to-date industry insights, making your courses even more impactful.

I would absolutely love to discuss this further and explore how it can align with your vision at Skill Lync. 

Looking forward to hearing from you soon!

Warmly,  

Jonathan Novotny",professional,,,
968,198,29072,2568,pending,f,f,2026-02-17 19:44:51.099225+00,Unlocking Insights from Financial Data for Skill Lync,"Hi there, Sarangarajan!

I hope this email finds you in great spirits! I’m Jonathan Novotny, and I’m reaching out to share something that could truly benefit Skill Lync as you continue to bridge the gap between education and industry.

We’ve developed an AI API designed specifically for extracting insights from large volumes of unstructured financial data, such as SEC filings. This powerful tool can help your team streamline data analysis, allowing you to focus on what matters most—providing top-notch education and preparing your students for success in the engineering and technology fields.

Imagine having all that intricate financial information at your fingertips, neatly organized, and ready to inform your strategic decisions. By leveraging this technology, you could enhance your curriculum with real-world financial data, giving students a competitive edge in understanding the industry's dynamics.

I would love to chat further about how this could be a perfect fit for Skill Lync and support your mission. Please let me know a time that works for you, and we can dive into the details!

Looking forward to the opportunity to connect!

Warmly,  

Jonathan Novotny",professional,,,
969,198,29019,2562,pending,f,f,2026-02-17 19:44:51.099225+00,Unlocking Insights from Financial Data,"Hi there, Vamsi!

I hope this email finds you well and thriving at Vedantu. I wanted to take a moment to introduce you to an exciting opportunity that could bring a wealth of insights to your business.

We’ve developed an AI API specifically designed for extracting valuable information from large volumes of unstructured financial data, such as SEC filings. Imagine being able to transform those dense, complex documents into actionable insights in just a matter of moments!

This technology can help streamline your data analysis processes, allowing you to focus on what truly matters—making informed decisions that drive growth and success for Vedantu. With our AI API, you can unlock trends, identify key risks, and find opportunities that may have gone unnoticed.

I would love to discuss how this solution can be tailored to fit your needs and contribute to your vision. Please let me know if you’d be open to a chat!

Looking forward to hearing from you soon.

Warmly,

Jonathan Novotny",professional,,,
970,198,29060,2570,pending,f,f,2026-02-17 19:44:51.099225+00,Unlocking Insights with AI for HeyMath,"Hi there, Harsh!

I hope this email finds you well and thriving at HeyMath! I wanted to take a moment to share something I think could be a game changer for your team as you continue to enrich the educational experience for students.

We’ve recently developed an AI API specifically designed for extracting valuable insights from large financial unstructured data, such as SEC filings. Now, I know you might be thinking, “What does this have to do with math education?” Well, let me tell you—this technology can help streamline your operational efficiency by automating the extraction of relevant financial data, allowing you to focus more on creating engaging content for your students.

Imagine having the capability to quickly analyze financial trends and data that could inform your platform's strategies or funding opportunities. With our AI API, you'll be able to harness this information effortlessly, enhancing your decision-making processes and ultimately contributing to the growth of HeyMath.

If this piques your interest, I’d love to chat more about how we can tailor this solution to fit your needs. 

Looking forward to hearing from you!

Warmly,

Jonathan Novotny",professional,,,
971,199,30329,2904,pending,f,f,2026-02-17 19:44:51.435028+00,Elevate Your Storytelling with Rich Media Play,"Hi there, Joseph!

I hope this message finds you well and thriving at JPMorgan Chase & Co. 

I'm reaching out to introduce you to Rich Media Play, where we specialize in creating high-impact video, animation, and data-driven storytelling tailored for organizations like yours. We understand that in the financial services industry, polished and strategic content is essential for effectively communicating your message to clients and stakeholders. 

Our team is dedicated to providing you with top-notch content without the agency overhead, allowing you to focus on what you do best—serving your clients and driving results. We believe that compelling storytelling can transform complex financial concepts into engaging narratives that resonate with your audience.

If you’re looking to enhance your communications strategy and elevate your brand presence, I would love the opportunity to discuss how we can support your goals at JPMorgan Chase.

Looking forward to hearing from you!

Warmly,  

User",professional,,,
972,199,32096,3379,pending,f,f,2026-02-17 19:44:51.435028+00,Elevate Your Storytelling with Rich Media Play,"Hi there, Karl!

I hope this email finds you in good spirits. My name is User, and I’m reaching out to share a little about Rich Media Play—a team dedicated to crafting high-impact video, animation, and data-driven storytelling tailored for organizations like Franklin Park Venture Funds.

In today’s fast-paced financial landscape, having polished and strategic content can truly set you apart. We specialize in creating engaging narratives that not only captivate your audience but also deliver your message with clarity and impact—all without the hefty agency overhead.

Imagine showcasing your investment strategies or highlighting your unique value propositions through dynamic visuals and compelling stories. Our work is designed to resonate with your clients and stakeholders, helping you build trust and drive engagement.

I’d love the opportunity to chat and explore how Rich Media Play can support your goals at Franklin Park Venture Funds. Let’s find a time to connect that works for you!

Warmly,  

User",professional,,,
973,199,30309,2898,pending,f,f,2026-02-17 19:44:51.435028+00,Elevate Your Storytelling with Rich Media Play,"Hello Beatriz!  

I hope this message finds you well and thriving at UBS!  

I’m reaching out to share a little about Rich Media Play, a company dedicated to crafting high-impact video, animation, and data-driven storytelling tailored for organizations like yours. We understand that in the financial services sector, especially within the tri-state area, clear and polished communication is key to connecting with clients and stakeholders.  

What sets us apart is our ability to provide strategic content without the hefty agency overhead. Whether it’s showcasing your wealth management expertise or highlighting your sustainable initiatives, our team can help bring your vision to life in a way that resonates with your audience.  

I would love to chat about how we can support UBS in its mission and enhance your storytelling efforts! Please let me know if you’d be open to a conversation.  

Take care,  

User",professional,,,
974,199,30262,2899,pending,f,f,2026-02-17 19:44:51.435028+00,Elevate Your Storytelling with Rich Media Play,"Hi there, Mark!  

I hope this email finds you well and enjoying a lovely day. I’m reaching out to introduce you to Rich Media Play, where we specialize in creating high-impact video, animation, and data-driven storytelling tailored for organizations like Jackson Hewitt.  

In the fast-paced world of financial services, we understand the importance of clear and engaging communication. Our polished, strategic content can help you convey your message effectively to your clients, enhancing their understanding of tax preparation and related financial products. Plus, we do this without the overhead that often comes with traditional agencies.  

Whether you’re looking to explain complex concepts or showcase your services in a compelling way, we’re here to help you shine. We’d love the opportunity to discuss how we can support Jackson Hewitt in reaching its goals.  

Looking forward to connecting soon!  

Warmly,  

User",professional,,,
975,199,30341,2909,pending,f,f,2026-02-17 19:44:51.435028+00,Let’s Elevate Your Storytelling Together!,"Hi there, Gumer!  

I hope this message finds you well and thriving at Ameriprise Financial!  

I wanted to take a moment to introduce you to Rich Media Play, where we specialize in creating high-impact video, animation, and data-driven storytelling tailored for organizations just like yours. We understand that in the financial services industry, conveying complex information in a polished and engaging way is essential for connecting with clients and building trust.  

Our team is dedicated to providing top-notch content without the hefty agency overhead. We aim to help you enhance your marketing efforts and showcase the personalized financial planning and investment solutions Ameriprise offers to clients.  

Imagine captivating videos that not only tell your story but also resonate deeply with your audience, helping them understand and appreciate the value of your services. We would love the opportunity to chat about how we can support your mission to help clients build and protect their financial futures.  

Thank you for considering this, Gumer. I’m looking forward to the possibility of working together!  

Warmly,  

User",professional,,,
976,200,9745,1377,pending,f,f,2026-02-17 19:44:52.284966+00,A Tail-Wagging Solution for Paradromics!,"Hi there, Lydia!

I hope this message finds you in good spirits. I wanted to take a moment to share something that might just leap out at you—Doghouse! This delightful service is crafted to cater to the unique needs of your target audience, particularly the wonderful world of frogs.

At Doghouse, we understand that communication is key, especially for those with neurological conditions. Our platform is designed to enhance engagement and interaction, providing robust support for your innovative brain-computer interface systems. By tailoring our offerings to the distinctive needs of frogs, we can help you connect more effectively with this vital demographic.

I truly believe that our collaboration could help elevate the fantastic work you’re already doing at Paradromics Inc. I’d be delighted to discuss this further if you’re interested!

Warmly,  

Demo User",professional,,,
977,200,9997,1415,pending,f,f,2026-02-17 19:44:52.284966+00,A Unique Opportunity for Simply Business!,"Hi there, Julie!

I hope this email finds you well and thriving at Simply Business. I wanted to take a moment to introduce you to something that might just hop right into your business strategy and help you stand out in the insurance market: Doghouse.

Now, I know what you might be thinking—what does a doghouse have to do with insurance? Well, let me tell you! Doghouse is designed specifically for businesses like yours that cater to small and medium-sized enterprises. It offers tailored solutions that can help your clients feel more secure and understood, much like a cozy little house for their furry friends.

Focusing on unique needs, Doghouse can streamline your offerings and enhance customer satisfaction. With its easy-to-navigate platform, you’ll be able to provide your clients with personalized insurance options that make their lives simpler and more secure.

I truly believe that integrating Doghouse could be a delightful addition to your already fantastic services. I’d love to chat more about how we can make this work for Simply Business!

Looking forward to hearing from you soon!

Warmly,  

Demo User",professional,,,
978,200,9127,1260,pending,f,f,2026-02-17 19:44:52.284966+00,A Pawsitive Opportunity for Upside!,"Hi there, Alex!

I hope this email finds you well and enjoying a lovely day in Washington, DC! I'm reaching out to introduce you to something that could really hop into your business strategy and make a splash—our innovative doghouse solution. 

Now, I know what you might be thinking—what does a doghouse have to do with a fintech company like Upside? Well, let me tell you, it’s all about creating a comfortable and supportive environment for your target customer profile—our beloved frogs! Just like a cozy doghouse provides shelter and comfort, our solution can help you nurture your customer relationships and enhance their overall experience with your financial services.

Imagine your frog customers feeling right at home while interacting with your brand, thanks to tailored offerings that resonate with their unique needs. Our doghouse solution is designed to help you create a welcoming atmosphere that fosters loyalty and trust, making it easier for your customers to hop on board with you.

I would love the chance to chat more about this and see how we can collaborate to bring this idea to life! Please let me know if you’re available for a quick call or coffee chat.

Looking forward to hearing from you soon!

Warmly,  

Demo User",professional,,,
979,200,9029,1242,pending,f,f,2026-02-17 19:44:52.284966+00,A Little Something for Klein Hersh!,"Hi there, Jesse!  

I hope this message finds you well and enjoying a lovely day in Boston!  

I wanted to take a moment to introduce you to Doghouse, a unique solution that could truly enhance your executive search process at Klein Hersh.  

We understand that finding the perfect fit in the biotech, pharma, and healthcare sectors can be challenging. That's where Doghouse comes in! Our platform is designed to streamline candidate sourcing and improve engagement, making it easier for you to connect with top talent in life sciences leadership.  

With our intuitive tools, you can efficiently manage your search projects while ensuring that you're attracting the best candidates. Just think of it as a cozy little spot for your recruiting efforts, where you can foster relationships and find those hidden gems in the talent pool!  

I would love to chat more about how Doghouse can support you and your team at Klein Hersh. Let me know if you have some time to connect!  

Warmly,  

Demo User",professional,,,
980,200,9118,1259,pending,f,f,2026-02-17 19:44:52.284966+00,A Little Something to Help Your Business Leap Forward!,"Hi there, Kishore!

I hope this email finds you doing splendidly well! I wanted to take a moment to introduce you to something that may just bring a touch of magic to MPOWER Financing. 

We’ve developed an innovative tool called Doghouse, designed specifically to streamline processes and enhance customer engagement. With your focus on providing financial services for international and DACA students, we believe Doghouse can help you connect more effectively with your target audience. 

Imagine a platform that not only simplifies the loan application process but also fosters meaningful relationships with your clients. By tailoring interactions to their unique needs, Doghouse can elevate their experience and help them feel valued every step of the way. 

I’d love the chance to discuss how Doghouse can jump-start new opportunities for MPOWER and support your mission of making education funding accessible. Would you be open to a quick chat? 

Looking forward to hearing from you!

Warmly,  

Demo User",professional,,,
981,201,9092,1254,pending,f,f,2026-02-18 14:35:09.89215+00,Exciting Opportunity to Enhance Fonbnk's Services!,"Hi there, Sergey!

I hope this message finds you well and enjoying a lovely day. I wanted to take a moment to introduce you to an innovative solution that could truly benefit Fonbnk, Inc. and your impressive work in the mobile financial services space.

At Doghouse, we specialize in creating engaging and user-friendly platforms that can help businesses connect with their customers more effectively. We believe our services could be a great fit for your target audience, particularly in reaching out to those frog enthusiasts who value seamless telecom and financial services.

Imagine a platform that not only enhances user engagement but also drives customer loyalty, allowing your users to enjoy the full benefits of their prepaid SIM card value. The Doghouse platform could help streamline this process, making it easier for your customers to access the services they need.

I would love the opportunity to discuss how we can work together to elevate Fonbnk's offerings and create an even more delightful experience for your users. 

Looking forward to hearing from you soon!

Warmly,  

Demo User",professional,,,
982,201,3892,866,pending,f,f,2026-02-18 14:35:09.89215+00,A Tail-Waggin’ Opportunity for Hello World!,"Hi there, Jitendra!

I hope this email finds you in high spirits! I’m reaching out to share a delightful opportunity that I believe could add a sprinkle of magic to Hello World’s incredible mission of inspiring young minds through technology.

Introducing Doghouse—a fantastic solution designed to engage and educate our froggy friends! Imagine a learning experience that captivates students, making computer science as fun as hopping through lily pads! Our Doghouse platform provides interactive modules that complement your curriculum, encouraging creativity and collaboration among K-12 students.

With Doghouse, your team can seamlessly incorporate playful, hands-on learning experiences that not only teach coding but also foster problem-solving skills—all while keeping those young minds excited and engaged. 

I’d love the chance to chat more about how we can tailor this experience to fit perfectly with your wonderful programs at Hello World. 

Looking forward to hearing from you!

Warmly,  

Demo User",professional,,,
983,201,9056,1243,pending,f,f,2026-02-18 14:35:09.89215+00,A Delightful Solution for Your Team,"Hi there, Tim!  

I hope this email finds you enjoying a lovely day in Boston. I’m reaching out to share a little something that I believe could really add value to your work at Health Management Associates.  

Our innovative doghouse product is designed to be the perfect companion for frog-type clients, offering solutions that align seamlessly with public healthcare initiatives. With your expertise in strategic consulting and local healthcare knowledge, I can only imagine how much these tailored resources could help enhance your client relationships and operational efficiency.  

Imagine being able to provide your frog clients with a unique platform that not only meets their needs but also fosters deeper connections and trust. I would love the opportunity to discuss how our doghouse can complement your exceptional services and make a real difference for your clients.  

Thank you for considering this, Tim! I’m looking forward to the possibility of working together to support your efforts at Health Management Associates.  

Warmly,  

Demo User",professional,,,
984,201,10061,1424,pending,f,f,2026-02-18 14:35:09.89215+00,A Little Something to Enhance Lydia's Offerings!,"Hi there, Cyril!

I hope this message finds you in great spirits! I wanted to take a moment to share something I believe could be a delightful addition to Lydia's already impressive suite of services.

Have you ever considered introducing a doghouse feature into your mobile payment app? Now, I know it sounds a bit quirky, but let me explain how this could resonate with your target customers, especially those who love their furry friends. 

Imagine a user-friendly section within Lydia where pet owners can manage expenses related to their beloved pups—think vet bills, grooming, and even fun outings! By incorporating this feature, you could truly enhance the user experience and make managing finances for pet-related expenses as easy as pie. It could be a unique selling point that sets Lydia apart in the competitive landscape of mobile payment apps.

If this piques your interest, I’d love to chat more about how we can bring this idea to life and help grow Lydia's community of happy users!

Wishing you a wonderful day ahead!

Warmly,  

Demo User",professional,,,
985,201,9138,1251,pending,f,f,2026-02-18 14:35:09.89215+00,Exciting Opportunity for Savi Solutions!,"Hi there, Dan!

I hope this email finds you in good spirits! I wanted to take a moment to introduce you to a delightful innovation we've been working on that could really enhance the great work you’re already doing at Savi Solutions.

Our product, Doghouse, is designed to support organizations like yours by providing tailored solutions that help employees manage their financial wellness. Since your mission is to improve financial literacy and outcomes, Doghouse can complement your existing programs by offering a unique way for your team to engage with their financial journeys. 

Imagine giving your employees an interactive platform that not only simplifies the management of their student loans but also fosters a sense of community and support. With Doghouse, we can help cultivate a culture of financial empowerment, which is sure to resonate with your valued clients.

I would love the opportunity to discuss how we can collaborate to make financial wellness even more accessible for your employees. Please let me know a convenient time for you to chat, or feel free to reach out if you have any questions!

Looking forward to hearing from you!

Warmly,  

Demo User",professional,,,
986,202,29045,2569,pending,f,f,2026-02-18 14:35:09.911346+00,Exciting AI Solution for AhaGuru!,"Hi there, Gomathi!

I hope this email finds you well and thriving at AhaGuru. I’ve been following your incredible work in providing personalized tutoring solutions, and I truly admire your dedication to helping students excel in mathematics and science.

I’m reaching out to introduce you to an innovative AI API designed specifically for extracting large volumes of unstructured financial data, such as SEC filings. I believe this tool could be a valuable asset for AhaGuru as you continue to grow and expand your offerings.

With this API, you can streamline the process of gathering and analyzing financial information, allowing you to make informed decisions more efficiently. Imagine the time saved and the insights gained—this could enhance your strategic planning and support your mission of delivering top-notch educational resources.

I would love the opportunity to discuss how this AI solution can specifically benefit AhaGuru. If you’re interested, let’s set up a time to chat!

Warmly,  

Jonathan Novotny",professional,,,
987,202,29066,2573,pending,f,f,2026-02-18 14:35:09.911346+00,Unlocking New Possibilities with AI for Classplus,"Hi there, Ankita! 

I hope this email finds you well and thriving at Classplus! 

I wanted to take a moment to share something that I believe could be a real game-changer for your team. We’ve recently introduced an AI API designed specifically for extracting unstructured data from large financial documents, like SEC filings. 

Imagine being able to automate the extraction of vital information, allowing you to focus more on what really matters—empowering educators and students through your incredible platform. This technology can help Classplus streamline its operations, enhance decision-making, and ultimately save precious time that can be redirected to creating even more engaging learning experiences. 

If this piques your interest, I would love to chat further and explore how this could fit into your vision for Classplus. 

Looking forward to hearing from you!

Warmly,  

Jonathan Novotny",professional,,,
988,202,32520,3456,pending,f,f,2026-02-18 14:35:09.911346+00,Unlock Insights with AI for Your Financial Data,"Hi there, Ara!

I hope this message finds you well and thriving at ServiceTitan. I wanted to take a moment to share some exciting possibilities that could truly enhance your operations, especially when it comes to navigating large volumes of unstructured financial data like SEC filings.

Imagine having a powerful AI API at your fingertips, designed specifically for extracting insights from complex documents. This technology could streamline your data analysis processes, enabling your team to focus on what really matters—serving your clients and growing your business.

With this AI solution, you can effortlessly sift through mountains of financial information, ensuring you never miss a critical piece of data. It’s like having a trusted assistant on hand, tirelessly working to deliver the insights you need to make informed decisions.

I genuinely believe this could be a game-changer for your team at ServiceTitan, helping you stay ahead in the fast-paced plumbing industry. I’d love to chat more about how we can tailor this solution to fit your needs perfectly!

Looking forward to hearing from you!

Warmly,  

Jonathan Novotny",professional,,,
989,202,29085,2578,pending,f,f,2026-02-18 14:35:09.911346+00,Unlock New Insights for Toppr with AI Technology,"Hi there, Rajshekhar!  

I hope this message finds you in good spirits! I'm Jonathan Novotny, and I wanted to take a moment to share something that could truly enhance the innovative work you're doing at Toppr.  

We have developed an AI API designed specifically for large financial unstructured data extraction, particularly focusing on SEC filings. I believe this tool could be a game-changer for your team, allowing you to harness valuable insights from complex data sets that might otherwise go unnoticed.  

Imagine being able to streamline your research and analysis processes, saving time and resources while gaining richer insights. This technology can empower Toppr to make even more informed decisions, ultimately enhancing your personalized learning solutions for students.  

I’d love to chat about how we can support you in implementing this solution. Please let me know a time that works for you, and we can dive deeper into the possibilities!  

Warmly,  

Jonathan Novotny",professional,,,
990,202,29065,2573,pending,f,f,2026-02-18 14:35:09.911346+00,Unlocking Potential with AI for Your Financial Data,"Hi there, Bhaswat!

I hope this message finds you well and thriving at Classplus. I've been following your incredible journey in empowering educators and coaching institutes, and I must say, it’s truly inspiring!

I wanted to take a moment to introduce you to an exciting AI API we have that specializes in extracting valuable insights from large sets of unstructured financial data, such as SEC filings. Imagine having the ability to sift through mountains of data with ease, turning complex information into actionable intelligence that can help guide your business decisions.

This tool could be a game-changer for Classplus, allowing you to better understand market trends, competitor positions, and investment opportunities without the usual hassle of manual processing. By leveraging this technology, you could focus more on what you do best—creating amazing educational experiences—while we handle the heavy lifting on the data side.

I would love the opportunity to discuss how this could fit into your vision for Classplus. Let me know if you’d be open to a chat!

Warmly,  

Jonathan Novotny",professional,,,
991,203,32085,3382,pending,f,f,2026-02-18 14:35:10.879342+00,Elevate Your Storytelling with Rich Media Play,"Hi there, Bradley!  

I hope this message finds you well and thriving at Scout Ventures. I wanted to take a moment to introduce you to Rich Media Play, where we specialize in crafting high-impact video, animation, and data-driven storytelling specifically for financial services companies like yours in the tri-state area.  

In today's fast-paced world, polished and strategic content can make all the difference in connecting with clients and standing out in the market. We understand the unique challenges that financial services face, and our tailored approach ensures you receive top-notch content without the hefty agency overhead.  

Whether you’re looking to enhance your marketing materials, engage your audience, or tell your brand’s story in a compelling way, our team is here to help you every step of the way.  

I’d love to chat more about how we can support Scout Ventures in achieving its goals. Let me know if you’d be open to a conversation, and I’ll be happy to coordinate a time that works for you.  

Take care,  

User",professional,,,
992,203,30371,2910,pending,f,f,2026-02-18 14:35:10.879342+00,A Creative Partnership for Temple Judea,"Hi there, Jan!  

I hope this email finds you well and basking in the warmth of the day!  

I’m reaching out to introduce you to Rich Media Play, where we specialize in crafting high-impact video, animation, and data-driven storytelling. We know that in a vibrant community like Coral Gables, it’s vital for organizations like Temple Judea to share their mission and programs with clarity and heart. 

Our team is dedicated to helping financial services companies, just like yours, create polished and strategic content without the hefty agency overhead. We believe that storytelling is a powerful tool, and we would love to collaborate with you to highlight the incredible work Temple Judea does in worship, learning, and social action. 

If you’re interested, I’d be delighted to schedule a time to chat about how we can bring your vision to life in a way that truly resonates with your members and the wider community.  

Looking forward to the possibility of working together!  

Warmly,  

User",professional,,,
993,203,30339,2903,pending,f,f,2026-02-18 14:35:10.879342+00,Elevate Your Storytelling with Rich Media Play,"Hello Andrea!

I hope this email finds you well and thriving at Goldman Sachs!

I’m reaching out to introduce you to Rich Media Play, where we specialize in creating high-impact video, animation, and data-driven storytelling tailored for esteemed organizations like yours. We understand that the financial services sector, especially in the bustling tri-state area, thrives on clear, strategic communication. That’s where we come in!

Our team is dedicated to providing polished, compelling content that resonates with your audience—without the hefty agency overhead. We believe that every financial narrative deserves to be told beautifully and effectively, and we’re here to help you achieve that.

Just imagine the possibilities for your media relations strategy with engaging videos and animations that highlight your services and values. We’d love to discuss how we can collaborate to enhance your brand's storytelling capabilities.

Looking forward to the opportunity to chat soon!

Warmly,

User",professional,,,
994,203,30360,2908,pending,f,f,2026-02-18 14:35:10.879342+00,Elevate Your Storytelling with Rich Media Play,"Hi there, Heather!  

I hope this message finds you well and thriving at MUFG.  

I’m reaching out to introduce you to Rich Media Play, where we specialize in creating high-impact video, animation, and data-driven storytelling tailored for organizations just like yours.  

In the fast-paced world of financial services, having polished and strategic content can make all the difference. We understand that you need to convey complex information in a way that resonates with your audience, without the burden of hefty agency overhead. That’s where we come in!  

Our team is passionate about helping financial institutions in the tri-state area produce compelling narratives that not only engage but also inform. Whether it’s for internal communications, marketing campaigns, or investor relations, we’re here to support you every step of the way.  

I’d love the opportunity to discuss how we can partner together to enhance MUFG’s storytelling efforts. Please let me know if you’d be open to a chat!  

Warmly,  

User",professional,,,
995,203,30392,2913,pending,f,f,2026-02-18 14:35:10.879342+00,Exciting Opportunities for Temple Beth Am!,"Hi there, Jeanne!

I hope this message finds you well and enjoying a lovely day at Temple Beth Am. 

I’m reaching out to introduce you to Rich Media Play, where we specialize in creating high-impact video, animation, and data-driven storytelling tailored specifically for organizations like yours. We understand the unique needs of financial services companies in the tri-state area, and we’re dedicated to helping you craft polished, strategic content without the hefty agency overhead.

Our team’s passion lies in helping organizations like Temple Beth Am communicate their mission effectively and engage with your community. With our expertise, we can bring your stories to life in a way that resonates deeply with your audience and highlights the wonderful work you do. 

I’d love to explore how we can partner together to enhance your messaging and outreach. Would you be open to a quick chat? 

Thank you for considering this opportunity, Jeanne! I look forward to the possibility of working together.

Warmly,  

User",professional,,,
996,204,29070,2573,pending,f,f,2026-02-19 15:22:42.756873+00,Unlocking Insights with AI for Classplus,"Hi there, Vishisht!

I hope this message finds you well and thriving at Classplus! I wanted to take a moment to share something that I believe could truly enhance the way you manage your educational content and insights.

We’ve recently developed an AI API specifically designed for extracting valuable information from large volumes of unstructured financial data, like SEC filings. This tool can help streamline your processes by automating data extraction, allowing you to focus on what really matters—empowering educators and engaging students.

Imagine having the ability to easily analyze financial documents without the usual manual effort. This could not only save time but also provide deeper insights into trends and opportunities that could benefit your platform's growth. 

I’d be delighted to chat more about this and explore how it could fit into Classplus’ vision. 

Looking forward to hearing from you!

Warmly,

Jonathan Novotny",professional,,,
997,204,29087,2576,pending,f,f,2026-02-19 15:22:42.756873+00,Unlock the Power of AI for Your Data Needs,"Hello Sonya!

I hope this message finds you well and thriving at Imarticus Learning! 

I wanted to take a moment to share something that I believe could truly enhance the way your team handles large volumes of unstructured financial data, such as SEC filings. Our AI API specializes in extracting and analyzing this kind of information, making it easier for your team and your learners to navigate the complexities of financial data.

Imagine being able to streamline your data extraction processes, allowing your students to focus more on learning and less on the nitty-gritty of data handling. This technology not only saves time but also ensures accuracy, which is paramount in the finance and analytics fields.

I would love the opportunity to discuss how this could fit into your training programs and benefit your learners. If you’re interested, I’m here to help!

Looking forward to connecting!

Warmly,  

Jonathan Novotny",professional,,,
998,204,29116,2582,pending,f,f,2026-02-19 15:22:42.756873+00,Unlocking New Possibilities with AI for SkilloVilla,"Hi there, Ronak!

I hope this email finds you in great spirits! I wanted to reach out and share something that I believe could be a game-changer for SkilloVilla. 

At your esteemed edtech platform, you're already doing remarkable work in equipping students with the skills they need in data analytics, data science, and machine learning. Well, let me introduce you to an AI API specifically designed for extracting unstructured financial data, like SEC filings. This powerful tool can help your team streamline data gathering and analysis, allowing your students to focus on what truly matters: mastering their skills and preparing for the job market.

Imagine the insights they could gain from real-world data without getting bogged down in the nitty-gritty of data extraction. With this AI API, you can provide your students hands-on experience with large datasets, enhancing their learning journey and giving them a competitive edge in the job market.

I would love to chat more about how this could align with your vision for SkilloVilla and support your mission to empower the next generation of industry leaders. 

Looking forward to hearing your thoughts!

Warmly,  

Jonathan Novotny",professional,,,
999,204,29044,2571,pending,f,f,2026-02-19 15:22:42.756873+00,Unlock the Power of AI for Your Data Needs!,"Hi there, Premanand!

I hope this message finds you well and thriving at LMES Academy!

I wanted to take a moment to introduce you to an exciting AI API designed specifically for extracting valuable insights from large volumes of unstructured financial data, like SEC filings. In today’s fast-paced world, having quick access to relevant information can provide a significant edge, and I truly believe this tool could be a game-changer for your courses and training programs.

By utilizing this AI technology, you can enhance your offerings, providing your students with up-to-date, relevant data that they can analyze and learn from. Imagine the depth of knowledge and practical skills they could acquire with access to comprehensive financial insights—all at their fingertips!

I would love to chat more about how this can fit into your vision for LMES Academy and help elevate your programs. Please let me know if you have a moment to connect!

Take care,

Jonathan Novotny",professional,,,
1000,204,29108,2575,pending,f,f,2026-02-19 15:22:42.756873+00,Unlocking Insights with AI for WhiteHat Jr,"Hi there, Trupti!  

I hope this email finds you well and thriving at WhiteHat Jr!  

I wanted to take a moment to share an exciting opportunity that could greatly benefit your team. Our AI API specializes in extracting valuable insights from large sets of unstructured financial data, like SEC filings. Imagine the time and resources you could save by streamlining the process of gathering and analyzing crucial information!  

By utilizing our technology, you’ll be able to enhance your decision-making capabilities, making it easier to stay ahead in the ever-evolving landscape of education and technology. This could not only improve operational efficiency but also allow your team to focus on what they do best—empowering young minds through coding and math!  

I would love the chance to discuss this further and explore how we can tailor our solutions to fit the needs of WhiteHat Jr. Please let me know a time that works for you, and I’ll be happy to set up a chat!  

Warmly,  

Jonathan Novotny",professional,,,
1001,205,29145,2592,pending,f,f,2026-02-20 15:11:19.608968+00,Unlocking Insights for Filo with AI,"Hi there, Imbesat!

I hope this email finds you in great spirits. I wanted to reach out and share something that could be a real game-changer for Filo as you continue to empower students with personalized learning.

We have developed an AI API designed specifically for extracting large financial unstructured data, such as SEC filings. This tool can help you seamlessly gather insights from various data sources, enabling you to make informed decisions more quickly and efficiently. Imagine having the ability to analyze trends and patterns that could enhance your offerings and better serve your students!

By integrating our API, Filo can streamline its data processes, allowing your team to focus more on nurturing those valuable tutor-student connections, while we handle the heavy lifting on the data side. 

I would love to chat further about how this could benefit your mission at Filo. Please let me know if you’d like to set up a time for a quick call!

Take care, 

Jonathan Novotny",professional,,,
1002,205,29156,2588,pending,f,f,2026-02-20 15:11:19.608968+00,Unlocking New Possibilities with AI for Financial Insights,"Hi there, Akshay!

I hope this message finds you well and thriving at Leverage Edu! I wanted to take a moment to share something exciting that could truly benefit your work in providing guidance for students seeking higher education overseas.

We’ve developed an AI API specifically designed for extracting insights from large volumes of unstructured financial data, such as SEC filings. Imagine being able to effortlessly sift through mountains of data to unveil vital information that can enhance your decision-making processes. This tool can help streamline your operations, allowing you to focus more on supporting students and less on the tedious data crunching.

With this AI-powered solution, you could gain a clearer understanding of financial landscapes and trends, ultimately providing even better advice to the students you serve. I genuinely believe it could make a meaningful difference for your team and the students who rely on your expertise.

If you’d like to chat further about how this could fit into your work at Leverage Edu, I’d be more than happy to hop on a call or grab a virtual coffee. Just let me know what works for you!

Take care, and I look forward to hearing from you soon!

Warmly,  

Jonathan Novotny",professional,,,
1003,205,29147,2592,pending,f,f,2026-02-20 15:11:19.608968+00,Exciting AI Solutions for Filo!,"Hi there, Shadman!

I hope this email finds you well and thriving at Filo. I’ve been following the incredible work you and your team are doing to connect students with the personalized support they need. It’s truly inspiring!

I wanted to share some exciting news about our AI API designed specifically for extracting unstructured financial data, like SEC filings, which could be a game-changer for your operations. This tool can help streamline the data extraction process, allowing you to gather and analyze crucial information with ease.

Imagine being able to quickly access important financial insights that can enhance your decision-making and ultimately support the growth of Filo. By automating this tedious process, your team can focus more on what they do best—providing exceptional educational experiences for your students!

If you think this might be of interest, I’d love to chat more about how we can tailor this solution to meet your specific needs. 

Looking forward to hearing from you!

Warmly,

Jonathan Novotny",professional,,,
1004,205,29064,2573,pending,f,f,2026-02-20 15:11:19.608968+00,Unlocking Insights from Financial Data,"Hi there Mukul!  

I hope this email finds you well and thriving at Classplus!  

I wanted to take a moment to share something that could truly enhance your operations. Our new AI-powered API specializes in extracting valuable insights from large unstructured financial data, like SEC filings. With the rapid growth of online education and the need to stay ahead, having quick access to this information can provide a competitive edge for your platform.  

Imagine being able to easily analyze trends, compliance data, and financial health indicators from these filings, all at the click of a button. It could help you make informed decisions, tailor your offerings, and ultimately serve your educators and students even better.  

I would love to chat about how this could fit into Classplus and support your mission of empowering educators.  

Looking forward to the possibility of connecting!  

Warmly,  

Jonathan Novotny",professional,,,
1005,205,29117,2582,pending,f,f,2026-02-20 15:11:19.608968+00,Unlocking Insights with AI-Powered Data Extraction,"Hi there, Rajat!

I hope this email finds you well and thriving at SkilloVilla! I’ve been following your incredible work in the edtech space, and I must say, your commitment to upskilling the next generation of data professionals is truly inspiring.

I wanted to take a moment to introduce you to an exciting AI API that specializes in extracting unstructured financial data, particularly from SEC filings. As your team continues to empower students with industry-aligned programs, having access to precise and timely financial information can significantly enhance their learning experience and real-world application.

Imagine being able to simplify the complexities of large datasets, allowing your learners to focus on analysis and insights rather than wrestling with data extraction. This tool can streamline the process, aiding in research projects and case studies, and ultimately preparing your students for successful careers in data analytics and data science.

I would love to discuss how this solution can align with SkilloVilla’s mission and add value to your programs. If this piques your interest, would you be open to a quick chat?

Looking forward to hearing from you!

Warmly,  

Jonathan Novotny",professional,,,
